source_lemma,target_translation,source,source_id,uri
(polo)zemnice,pit house,amcr,HES-000497,https://api.aiscr.cz/id/HES-000497
**suborál (paleoklimatologie),Subboreal (paleoclimatology),teater,1068,https://teater.aiscr.cz/id/1068
1) teorie a přístupy,1) Theory and approaches,teater,1,https://teater.aiscr.cz/id/1
10) pomocně-historická hesla,10) Auxiliary-historical headings,teater,2557,https://teater.aiscr.cz/id/2557
10–20 km,10–20 km,amcr,HES-000101,https://api.aiscr.cz/id/HES-000101
11) povolání a pracovní činnosti,11) Professions and work activities,teater,3094,https://teater.aiscr.cz/id/3094
12) společnost,12) Society,teater,3549,https://teater.aiscr.cz/id/3549
2) terénní metody,2) Field methods,teater,102,https://teater.aiscr.cz/id/102
20–30 km,20–30 km,amcr,HES-000102,https://api.aiscr.cz/id/HES-000102
3) metody zpracování,3) Processing methods,teater,140,https://teater.aiscr.cz/id/140
30–40 km,30–40 km,amcr,HES-000103,https://api.aiscr.cz/id/HES-000103
3d dokumentace,3D documentation,amcr,HES-001114,https://api.aiscr.cz/id/HES-001114
3d rekonstrukce,3D reconstruction,amcr,HES-001113,https://api.aiscr.cz/id/HES-001113
3d textura,3D texture,amcr,HES-001115,https://api.aiscr.cz/id/HES-001115
3d – 3d printing (*.3mf),3D – 3D Printing (*.3mf),amcr,HES-000158,https://api.aiscr.cz/id/HES-000158
"3d – 3d studio max (*.max, *.3ds)","3D – 3D Studio Max (*.max, *.3ds)",amcr,HES-000164,https://api.aiscr.cz/id/HES-000164
3d – autocad (*.dwg),3D – Autocad (*.dwg),amcr,HES-000152,https://api.aiscr.cz/id/HES-000152
3d – autodesk exchange (*.fbx),3D – Autodesk Exchange (*.fbx),amcr,HES-000153,https://api.aiscr.cz/id/HES-000153
3d – blender (*.blend),3D – Blender (*.blend),amcr,HES-000154,https://api.aiscr.cz/id/HES-000154
3d – collada (*.dae),3D – Collada (*.dae),amcr,HES-000155,https://api.aiscr.cz/id/HES-000155
3d – jiný,3D – other,amcr,HES-000166,https://api.aiscr.cz/id/HES-000166
"3d – leica (*.pts, *.ptx)","3D – Leica (*.pts, *.ptx)",amcr,HES-000156,https://api.aiscr.cz/id/HES-000156
3d – obj (*.obj),3D – OBJ (*.obj),amcr,HES-000157,https://api.aiscr.cz/id/HES-000157
3d – revit (*.rvt),3D – Revit (*.rvt),amcr,HES-000159,https://api.aiscr.cz/id/HES-000159
3d – sketchup (*.skp),3D – Sketchup (*.skp),amcr,HES-000160,https://api.aiscr.cz/id/HES-000160
3d – stanford ply (*.ply),3D – Stanford PLY (*.ply),amcr,HES-000161,https://api.aiscr.cz/id/HES-000161
3d – stereo litography (*.stl),3D – Stereo Litography (*.stl),amcr,HES-000163,https://api.aiscr.cz/id/HES-000163
3d – universal (*.u3d),3D – Universal (*.u3d),amcr,HES-000162,https://api.aiscr.cz/id/HES-000162
3d – vrml (*.wrl),3D – VRML (*.wrl),amcr,HES-000165,https://api.aiscr.cz/id/HES-000165
4) hraniční obory a přidružené obory,4) Cross-border and related disciplines,teater,288,https://teater.aiscr.cz/id/288
40–50 km,40–50 km,amcr,HES-000104,https://api.aiscr.cz/id/HES-000104
5) chronologie,5) Chronology,teater,1050,https://teater.aiscr.cz/id/1050
50–60 km,50–60 km,amcr,HES-000105,https://api.aiscr.cz/id/HES-000105
6 x 6 cm,6 x 6 cm,amcr,HES-000142,https://api.aiscr.cz/id/HES-000142
6 x 9 cm,6 x 9 cm,amcr,HES-000143,https://api.aiscr.cz/id/HES-000143
6) areál aktivity,6) Activity area,teater,1267,https://teater.aiscr.cz/id/1267
60–70 km,60–70 km,amcr,HES-000106,https://api.aiscr.cz/id/HES-000106
7) objekt,7) Feature,teater,1481,https://teater.aiscr.cz/id/1481
70–80 km,70–80 km,amcr,HES-000107,https://api.aiscr.cz/id/HES-000107
8) předmět,8) Object,teater,1788,https://teater.aiscr.cz/id/1788
80–90 km,80–90 km,amcr,HES-000108,https://api.aiscr.cz/id/HES-000108
9 x 12 cm,9 x 12 cm,amcr,HES-000144,https://api.aiscr.cz/id/HES-000144
9) materiálové specifikace,9) Material specifications,teater,2430,https://teater.aiscr.cz/id/2430
90–100 km,90–100 km,amcr,HES-000109,https://api.aiscr.cz/id/HES-000109
<10 km,<10 km,amcr,HES-000100,https://api.aiscr.cz/id/HES-000100
>100 km,>100 km,amcr,HES-000110,https://api.aiscr.cz/id/HES-000110
>a0,>A0,amcr,HES-000151,https://api.aiscr.cz/id/HES-000151
a0 (84 x 119 cm),A0 (84 x 119 cm),amcr,HES-000150,https://api.aiscr.cz/id/HES-000150
a1 (59 x 84 cm),A1 (59 x 84 cm),amcr,HES-000149,https://api.aiscr.cz/id/HES-000149
a2 (42 x 59 cm),A2 (42 x 59 cm),amcr,HES-000148,https://api.aiscr.cz/id/HES-000148
a3 (30 x 42 cm),A3 (30 x 42 cm),amcr,HES-000147,https://api.aiscr.cz/id/HES-000147
a4 (21 x 30 cm),A4 (21 x 30 cm),amcr,HES-000146,https://api.aiscr.cz/id/HES-000146
a5 (15 x 21 cm),A5 (15 x 21 cm),amcr,HES-000145,https://api.aiscr.cz/id/HES-000145
abacus (architektura),abacus (architecture),teater,1790,https://teater.aiscr.cz/id/1790
abacus (nástroj),abacus (tool),teater,2086,https://teater.aiscr.cz/id/2086
abatyše,abbess,teater,3118,https://teater.aiscr.cz/id/3118
abraze,abrasion,teater,52,https://teater.aiscr.cz/id/52
absolutismus,absolutism,teater,3667,https://teater.aiscr.cz/id/3667
absolutní chronologie,absolute chronology,teater,190,https://teater.aiscr.cz/id/190
absolutní datování,absolute dating,amcr,HES-000634,https://api.aiscr.cz/id/HES-000634
absolutní monarchie,absolute monarchy,teater,3678,https://teater.aiscr.cz/id/3678
achaia,Achaea,teater,3980,https://teater.aiscr.cz/id/3980
acheuléen,Acheulian,teater,1078,https://teater.aiscr.cz/id/1078
achájové,Achaeans,teater,2721,https://teater.aiscr.cz/id/2721
adamité,Adamites,teater,696,https://teater.aiscr.cz/id/696
advent,Advent,teater,3853,https://teater.aiscr.cz/id/3853
advent (etnologie),Advent (ethnology),teater,4333,https://teater.aiscr.cz/id/4333
adyton,adyton,teater,1711,https://teater.aiscr.cz/id/1711
afghánistán,Afghanistan,amcr,HES-001179,https://api.aiscr.cz/id/HES-001179
afrika,Africa,teater,3981,https://teater.aiscr.cz/id/3981
agnosticizmus,agnosticism,teater,3825,https://teater.aiscr.cz/id/3825
agnus dei,Lamb of God,teater,3796,https://teater.aiscr.cz/id/3796
agnůstek (přívěsek),Agnus Dei (pendant),teater,3797,https://teater.aiscr.cz/id/3797
agora,agora,teater,1469,https://teater.aiscr.cz/id/1469
aiólové,Aeolians,teater,2722,https://teater.aiscr.cz/id/2722
akanthos,acanthus,teater,1791,https://teater.aiscr.cz/id/1791
akkad,Akkad,teater,3983,https://teater.aiscr.cz/id/3983
akropole,acropolis,teater,1424,https://teater.aiscr.cz/id/1424
akrótérion,acroterion,teater,1792,https://teater.aiscr.cz/id/1792
akta,acta,teater,2182,https://teater.aiscr.cz/id/2182
akulturace,acculturation,teater,4221,https://teater.aiscr.cz/id/4221
akvadukt,aqueduct,teater,1414,https://teater.aiscr.cz/id/1414
akvamanile,aquamanile,amcr,HES-000651,https://api.aiscr.cz/id/HES-000651
akční umění,action art,teater,459,https://teater.aiscr.cz/id/459
alabastron,alabastron,teater,2029,https://teater.aiscr.cz/id/2029
alandy,Åland Islands,amcr,HES-001180,https://api.aiscr.cz/id/HES-001180
album,album,teater,2251,https://teater.aiscr.cz/id/2251
albánie,Albania,amcr,HES-001181,https://api.aiscr.cz/id/HES-001181
alchymie,Alchemy,teater,3840,https://teater.aiscr.cz/id/3840
alemani,Alamanni,teater,2597,https://teater.aiscr.cz/id/2597
alpy,Alps,teater,3984,https://teater.aiscr.cz/id/3984
alsasko,Alsace,teater,2901,https://teater.aiscr.cz/id/2901
alžbětinky,Sisters of Charity of St. Elizabeth,teater,3167,https://teater.aiscr.cz/id/3167
alžírsko,Algeria,amcr,HES-001182,https://api.aiscr.cz/id/HES-001182
amatérska archeologie,amateur archaeology,teater,19,https://teater.aiscr.cz/id/19
ambrotypie,ambrotype,teater,3774,https://teater.aiscr.cz/id/3774
americká samoa,American Samoa,amcr,HES-001183,https://api.aiscr.cz/id/HES-001183
americké panenské ostrovy,Virgin Islands (U.S.),amcr,HES-001184,https://api.aiscr.cz/id/HES-001184
amfiprostylos,amphiprostyle,teater,1305,https://teater.aiscr.cz/id/1305
amfiteátr,amphitheatre,teater,1483,https://teater.aiscr.cz/id/1483
amfora,amphorae,amcr,HES-000652,https://api.aiscr.cz/id/HES-000652
amorfní zlomek/předmět,amorphous fragment/object,amcr,HES-000707,https://api.aiscr.cz/id/HES-000707
amulet,amulet,teater,2375,https://teater.aiscr.cz/id/2375
anabaptisté,Anabaptism,teater,735,https://teater.aiscr.cz/id/735
analogie,analogy,teater,207,https://teater.aiscr.cz/id/207
analytická chemie,analytical chemistry,teater,608,https://teater.aiscr.cz/id/608
analýza,analysis,teater,88,https://teater.aiscr.cz/id/88
analýza hlavních komponent,principal components analysis,teater,276,https://teater.aiscr.cz/id/276
analýza rozptylu,analysis of variance,teater,277,https://teater.aiscr.cz/id/277
analýza stabilních izotopů,stable isotope analysis,amcr,HES-000618,https://api.aiscr.cz/id/HES-000618
analýza uměleckého díla,artwork analysis,teater,3777,https://teater.aiscr.cz/id/3777
"analýzy, posudky (metody spracování)","analyses, reviews (processing methods)",teater,141,https://teater.aiscr.cz/id/141
anathéma,anathema,teater,3813,https://teater.aiscr.cz/id/3813
anatomie člověka,human anatomy,teater,362,https://teater.aiscr.cz/id/362
andalusie,Andalusia,teater,2902,https://teater.aiscr.cz/id/2902
andorra,Andorra,amcr,HES-001185,https://api.aiscr.cz/id/HES-001185
andronovská kultura,Andronovo culture,teater,1150,https://teater.aiscr.cz/id/1150
andrón,andron,teater,1502,https://teater.aiscr.cz/id/1502
anděl,angel,teater,3826,https://teater.aiscr.cz/id/3826
anekdota,anecdote,teater,4279,https://teater.aiscr.cz/id/4279
anexe,annexation,teater,3533,https://teater.aiscr.cz/id/3533
anglie,England,teater,2903,https://teater.aiscr.cz/id/2903
angličtina,English,amcr,HES-000169,https://api.aiscr.cz/id/HES-000169
anglosaská mytologie,Anglo-Saxon mythology,teater,2624,https://teater.aiscr.cz/id/2624
anglosasové,Anglo-Saxons,teater,2598,https://teater.aiscr.cz/id/2598
angola,Angola,amcr,HES-001186,https://api.aiscr.cz/id/HES-001186
anguilla,Anguilla,amcr,HES-001187,https://api.aiscr.cz/id/HES-001187
animismus,animism,teater,685,https://teater.aiscr.cz/id/685
anjouovci,Angevin,teater,3077,https://teater.aiscr.cz/id/3077
anonym,anonymous,amcr,HES-000865,https://api.aiscr.cz/id/HES-000865
ant,anta,teater,1793,https://teater.aiscr.cz/id/1793
antarktida,Antarctica,amcr,HES-001188,https://api.aiscr.cz/id/HES-001188
antefix,antefix,teater,1794,https://teater.aiscr.cz/id/1794
antická architektura,classical architecture,teater,429,https://teater.aiscr.cz/id/429
antické malířství,ancient painting,teater,3754,https://teater.aiscr.cz/id/3754
antické město,ancient city,teater,1395,https://teater.aiscr.cz/id/1395
antické sochařství,ancient sculpture,teater,446,https://teater.aiscr.cz/id/446
antické umění,classical art,teater,503,https://teater.aiscr.cz/id/503
antický chrám,ancient temple,teater,1304,https://teater.aiscr.cz/id/1304
antifonář,antiphonary,teater,2216,https://teater.aiscr.cz/id/2216
antigua a barbuda,Antigua and Barbuda,amcr,HES-001189,https://api.aiscr.cz/id/HES-001189
antika,classical antiquity,teater,1259,https://teater.aiscr.cz/id/1259
antitrinitarismus,antitrinitarism,teater,697,https://teater.aiscr.cz/id/697
antoniův val,Antonine Wall,teater,2793,https://teater.aiscr.cz/id/2793
antrakologická analýza,anthracological analysis,teater,142,https://teater.aiscr.cz/id/142
antrakologie/xylotomie,anthracology/xylotomy,amcr,HES-000604,https://api.aiscr.cz/id/HES-000604
antropogeneze,anthropogenesis,teater,363,https://teater.aiscr.cz/id/363
antropogenní geomorfologie,anthropogenic geomorphology,teater,952,https://teater.aiscr.cz/id/952
antropologický výzkum,anthropological research,teater,143,https://teater.aiscr.cz/id/143
antropologie,anthropology,teater,353,https://teater.aiscr.cz/id/353
antropologie krajiny,landscape anthropology,teater,393,https://teater.aiscr.cz/id/393
antropologie náboženství,anthropology of religion,teater,3888,https://teater.aiscr.cz/id/3888
antropologie sexuality,anthropology of sexuality,teater,3889,https://teater.aiscr.cz/id/3889
antropologie smrti,anthropology of death,teater,3890,https://teater.aiscr.cz/id/3890
antropometrie,anthropometry,teater,356,https://teater.aiscr.cz/id/356
antropomorfní nádoba,anthropomorphic vessel,teater,2080,https://teater.aiscr.cz/id/2080
antropomorfní plastika,anthropomorphic sculpture,teater,1818,https://teater.aiscr.cz/id/1818
aplikovaná geografie,applied geography,teater,875,https://teater.aiscr.cz/id/875
aplikovaná statistika,applied statistics,teater,839,https://teater.aiscr.cz/id/839
aplikovaný výzkum,applied research,teater,4326,https://teater.aiscr.cz/id/4326
apoikia,apoikia,teater,1442,https://teater.aiscr.cz/id/1442
apokalypsa,apocalypse,teater,3799,https://teater.aiscr.cz/id/3799
apokryf,apocryphus,teater,2183,https://teater.aiscr.cz/id/2183
apologetika,apologetics,teater,3800,https://teater.aiscr.cz/id/3800
apologie,apologetic,teater,2187,https://teater.aiscr.cz/id/2187
apotropaion,apotropaic magic,teater,2376,https://teater.aiscr.cz/id/2376
apotropsion,apotropaic magic,teater,3824,https://teater.aiscr.cz/id/3824
apoštol,Apostle,teater,3801,https://teater.aiscr.cz/id/3801
apsida,apse,teater,1712,https://teater.aiscr.cz/id/1712
apulie,Apulia,teater,3985,https://teater.aiscr.cz/id/3985
aquitaine,Aquitaine,teater,2906,https://teater.aiscr.cz/id/2906
arabské písmo,Arabic script,teater,3568,https://teater.aiscr.cz/id/3568
arabský poloostrov,Arabian Peninsula,teater,3986,https://teater.aiscr.cz/id/3986
aragonie,Aragon,teater,2904,https://teater.aiscr.cz/id/2904
aramejské písmo,Aramaic script,teater,3569,https://teater.aiscr.cz/id/3569
arca,arca,teater,2311,https://teater.aiscr.cz/id/2311
archa,ark,teater,3798,https://teater.aiscr.cz/id/3798
archanděl,archangel,teater,3827,https://teater.aiscr.cz/id/3827
archeoastronomie,archaeoastronomy,teater,290,https://teater.aiscr.cz/id/290
archeobiologie,archaeobiology,teater,291,https://teater.aiscr.cz/id/291
archeobotanika,archaeobotany,teater,292,https://teater.aiscr.cz/id/292
archeoentomologie,archeoentomology,amcr,HES-000624,https://api.aiscr.cz/id/HES-000624
archeogenetická analýza,archaeogenetic analysis,teater,144,https://teater.aiscr.cz/id/144
archeogenetika,archaeogenetics,amcr,HES-000606,https://api.aiscr.cz/id/HES-000606
archeografie,archaeography,teater,625,https://teater.aiscr.cz/id/625
archeolog,archaeologist,amcr,HES-000867,https://api.aiscr.cz/id/HES-000867
archeologická antropologie,archaeological anthropology,teater,3891,https://teater.aiscr.cz/id/3891
archeologická data,archaeological data,teater,53,https://teater.aiscr.cz/id/53
archeologická klasifikace,archaeological classification,teater,205,https://teater.aiscr.cz/id/205
archeologická kultura,archaeological culture,teater,54,https://teater.aiscr.cz/id/54
archeologická lokalita,archaeological site,teater,55,https://teater.aiscr.cz/id/55
archeologická mapa,archaeological map,teater,198,https://teater.aiscr.cz/id/198
archeologická památka,archaeological monument,teater,259,https://teater.aiscr.cz/id/259
archeologická periodizace,archaeological periodization,teater,1071,https://teater.aiscr.cz/id/1071
archeologická sbírka,archaeological collection,teater,223,https://teater.aiscr.cz/id/223
archeologická transformace,archaeological transformation,teater,62,https://teater.aiscr.cz/id/62
archeologické datování,archaeological dating,teater,189,https://teater.aiscr.cz/id/189
archeologické dědicství,archaeological heritage,teater,256,https://teater.aiscr.cz/id/256
archeologické muzeum,archaeological museum,teater,243,https://teater.aiscr.cz/id/243
archeologické výzkumy,archaeological research,teater,103,https://teater.aiscr.cz/id/103
archeologický kontext,archaeological context,teater,68,https://teater.aiscr.cz/id/68
archeologický nález,archaeological find,teater,56,https://teater.aiscr.cz/id/56
archeologický pramen,archaeological source,teater,57,https://teater.aiscr.cz/id/57
archeologie,archaeology,teater,2,https://teater.aiscr.cz/id/2
archeologie skalních převisů,rockshelter archaeology,teater,21,https://teater.aiscr.cz/id/21
archeologie starověku,ancient archeology,teater,42,https://teater.aiscr.cz/id/42
archeologie středověku,medieval archaeology,teater,43,https://teater.aiscr.cz/id/43
archeoložka,women archaeologist,teater,5,https://teater.aiscr.cz/id/5
archeomalakologie,archeomalacology,amcr,HES-000621,https://api.aiscr.cz/id/HES-000621
archeometalurgie,archaeometallurgy,teater,312,https://teater.aiscr.cz/id/312
archeometrie,archaeometry,teater,22,https://teater.aiscr.cz/id/22
archeoparazitologie,archeoparasitology,amcr,HES-000626,https://api.aiscr.cz/id/HES-000626
archeoskanzen,archaeological open-air museum,teater,254,https://teater.aiscr.cz/id/254
archeozoologie,archaeozoology,amcr,HES-000607,https://api.aiscr.cz/id/HES-000607
archerotypie,collodion process,teater,3772,https://teater.aiscr.cz/id/3772
architekt,architect,teater,3786,https://teater.aiscr.cz/id/3786
architektka,architect (female),teater,3787,https://teater.aiscr.cz/id/3787
architektonický článek,architectural element,amcr,HES-000709,https://api.aiscr.cz/id/HES-000709
architektura,architecture,teater,460,https://teater.aiscr.cz/id/460
architektura 19. století,19th-century architecture,teater,3753,https://teater.aiscr.cz/id/3753
architráv,architrave,teater,1795,https://teater.aiscr.cz/id/1795
archiv arú,IAP archive,amcr,HES-001168,https://api.aiscr.cz/id/HES-001168
archiv arúb,IAB archive,amcr,HES-001167,https://api.aiscr.cz/id/HES-001167
archiv autora,author's archive,amcr,HES-001170,https://api.aiscr.cz/id/HES-001170
archiv jiné organizace,other institutional archive,amcr,HES-001169,https://api.aiscr.cz/id/HES-001169
archivnictví,keeping archives,teater,626,https://teater.aiscr.cz/id/626
archivní budova,archive,teater,1489,https://teater.aiscr.cz/id/1489
archivní výzkum,archival research,teater,628,https://teater.aiscr.cz/id/628
archiválie,records,teater,627,https://teater.aiscr.cz/id/627
archivář,archivist,amcr,HES-000868,https://api.aiscr.cz/id/HES-000868
arcibiskup,archbishop,teater,3096,https://teater.aiscr.cz/id/3096
arcibiskupská rezidence,archbishops palace,teater,1541,https://teater.aiscr.cz/id/1541
arcibiskupský úřad,archbishops' office,teater,777,https://teater.aiscr.cz/id/777
arcidiecéze,archdiocese,teater,776,https://teater.aiscr.cz/id/776
areál jiné aktivity,other site,amcr,HES-000056,https://api.aiscr.cz/id/HES-000056
areál komunity,community area,teater,4138,https://teater.aiscr.cz/id/4138
areál nezemědělské výroby,production site,amcr,HES-000078,https://api.aiscr.cz/id/HES-000078
areál těžby,extracting site,amcr,HES-000032,https://api.aiscr.cz/id/HES-000032
areál vojenských aktivit,military site,amcr,HES-000041,https://api.aiscr.cz/id/HES-000041
areál zemědělské výroby,agricultural production site,amcr,HES-000036,https://api.aiscr.cz/id/HES-000036
argentina,Argentina,amcr,HES-001190,https://api.aiscr.cz/id/HES-001190
argolis,Argolis,teater,3987,https://teater.aiscr.cz/id/3987
arianismus,Arianism,teater,698,https://teater.aiscr.cz/id/698
aristokracie,aristocracy,teater,3650,https://teater.aiscr.cz/id/3650
arkádie (řecko),Arcadia,teater,3988,https://teater.aiscr.cz/id/3988
armagnac,Armagnac,teater,2905,https://teater.aiscr.cz/id/2905
armamentarium,armamentaria,teater,1490,https://teater.aiscr.cz/id/1490
armáda,army,teater,3516,https://teater.aiscr.cz/id/3516
arménie,Armenia,amcr,HES-001191,https://api.aiscr.cz/id/HES-001191
arménské písmo,Armenian script,teater,3570,https://teater.aiscr.cz/id/3570
arpádovci,Árpád dynasty,teater,3078,https://teater.aiscr.cz/id/3078
artefakt,artefact,teater,58,https://teater.aiscr.cz/id/58
artemísion,Artemisium,teater,1306,https://teater.aiscr.cz/id/1306
aruba,Aruba,amcr,HES-001192,https://api.aiscr.cz/id/HES-001192
aryballos,aryballos,teater,2031,https://teater.aiscr.cz/id/2031
as,as,teater,2277,https://teater.aiscr.cz/id/2277
asep (databáze),ASEP (database),teater,75,https://teater.aiscr.cz/id/75
asie,Asia,teater,3990,https://teater.aiscr.cz/id/3990
asie (římská provincie),Asia (Roman province),teater,3991,https://teater.aiscr.cz/id/3991
asimilace (sociologie),assimilation,teater,417,https://teater.aiscr.cz/id/417
askeze,asceticism,teater,3854,https://teater.aiscr.cz/id/3854
asklépieion,Asclepeion,teater,1307,https://teater.aiscr.cz/id/1307
askos,askos,teater,2032,https://teater.aiscr.cz/id/2032
astralon,astralon (transparent foil),amcr,HES-000218,https://api.aiscr.cz/id/HES-000218
astrologie,astrology,teater,3841,https://teater.aiscr.cz/id/3841
astrální božstvo,solar deity,teater,3831,https://teater.aiscr.cz/id/3831
asturie,Asturias,teater,2907,https://teater.aiscr.cz/id/2907
asýrie,Assyria,teater,3992,https://teater.aiscr.cz/id/3992
atika,Attica,teater,3993,https://teater.aiscr.cz/id/3993
atlantik (paleoklimatologie),Atlantic (paleoclimatology),teater,1066,https://teater.aiscr.cz/id/1066
atlas (pohoří),Atlas Mountains,teater,3994,https://teater.aiscr.cz/id/3994
atomová absorbční spektrometrie,atomic absorption spectroscopy,teater,178,https://teater.aiscr.cz/id/178
atomová emisní spektrometrie,atomic emission spectroscopy,teater,179,https://teater.aiscr.cz/id/179
atribut,Attribute,teater,3828,https://teater.aiscr.cz/id/3828
atribut světce,attribute of saint,teater,753,https://teater.aiscr.cz/id/753
atrium,atrium,teater,1503,https://teater.aiscr.cz/id/1503
attičtina,Attic Greek,teater,3964,https://teater.aiscr.cz/id/3964
atypický předmět,exceptional object,amcr,HES-000708,https://api.aiscr.cz/id/HES-000708
augsburská konfese,Augsburg Confession,teater,736,https://teater.aiscr.cz/id/736
augustiniáni,Augustinians,teater,3138,https://teater.aiscr.cz/id/3138
augustiniáni kanovníci,Augustinian Canons,teater,3139,https://teater.aiscr.cz/id/3139
augustiniánky,Augustinian nuns,teater,3168,https://teater.aiscr.cz/id/3168
augustiniánská spiritualita,Augustinian spirituality,teater,806,https://teater.aiscr.cz/id/806
augustiniánský klášter,Augustinian monastery,teater,1360,https://teater.aiscr.cz/id/1360
aula,aule,teater,1504,https://teater.aiscr.cz/id/1504
aulos,aulos,teater,1827,https://teater.aiscr.cz/id/1827
aureus,aureus,teater,2278,https://teater.aiscr.cz/id/2278
aurignacien,Aurignacian,amcr,HES-000262,https://api.aiscr.cz/id/HES-000262
australopithecus,australopithecus,teater,365,https://teater.aiscr.cz/id/365
austrálie,Australia,amcr,HES-001193,https://api.aiscr.cz/id/HES-001193
autograf,autograph,teater,629,https://teater.aiscr.cz/id/629
auvergne,Auvergne,teater,2908,https://teater.aiscr.cz/id/2908
avarsko-slovanská kultura,Avar-Slavic culture,teater,2562,https://teater.aiscr.cz/id/2562
avarský kaganát,Avar Khaganate,teater,2909,https://teater.aiscr.cz/id/2909
avarština,Avaric language,teater,2563,https://teater.aiscr.cz/id/2563
avaři,Avars,teater,2561,https://teater.aiscr.cz/id/2561
avignonské zajetí (1309-1378),Avignon Papacy,teater,785,https://teater.aiscr.cz/id/785
azbuka (písmo),Russian alphabet,teater,3571,https://teater.aiscr.cz/id/3571
azovské moře (ukrajina a rusko),Sea of Azov,teater,3995,https://teater.aiscr.cz/id/3995
aígina,Aegina,teater,3982,https://teater.aiscr.cz/id/3982
babylónie,Babylonia,teater,3996,https://teater.aiscr.cz/id/3996
badatel,researcher,amcr,HES-000866,https://api.aiscr.cz/id/HES-000866
badatelský,research,amcr,HES-001137,https://api.aiscr.cz/id/HES-001137
badatelský záměr,research project,amcr,HES-000595,https://api.aiscr.cz/id/HES-000595
badenská kultura,Baden Culture,amcr,HES-000317,https://api.aiscr.cz/id/HES-000317
bahamy,Bahamas (the),amcr,HES-001195,https://api.aiscr.cz/id/HES-001195
bahrajn,Bahrain,amcr,HES-001196,https://api.aiscr.cz/id/HES-001196
bajka,fable,teater,4280,https://teater.aiscr.cz/id/4280
bakchantky,Maenad,teater,3868,https://teater.aiscr.cz/id/3868
bakchanálie,Bacchanalia,teater,3855,https://teater.aiscr.cz/id/3855
baktrie,Bactria,teater,3997,https://teater.aiscr.cz/id/3997
balista,ballista,teater,1977,https://teater.aiscr.cz/id/1977
baltistika,Baltic studies,teater,2565,https://teater.aiscr.cz/id/2565
baltové,Balts,teater,2564,https://teater.aiscr.cz/id/2564
baltská filologie,Baltic philology,teater,2566,https://teater.aiscr.cz/id/2566
baltská literatura,Baltic literature,teater,2573,https://teater.aiscr.cz/id/2573
baltská mytologie,Baltic mythology,teater,2567,https://teater.aiscr.cz/id/2567
baltské jazyky,Baltic languages,teater,2569,https://teater.aiscr.cz/id/2569
baltské náboženství,Baltic religion,teater,2568,https://teater.aiscr.cz/id/2568
baltské země,Baltic countries,teater,2910,https://teater.aiscr.cz/id/2910
bangladéš,Bangladesh,amcr,HES-001197,https://api.aiscr.cz/id/HES-001197
bankovka,paper money,amcr,HES-000650,https://api.aiscr.cz/id/HES-000650
bar micva,Bar Mitzvah,teater,3886,https://teater.aiscr.cz/id/3886
barbados,Barbados,amcr,HES-001402,https://api.aiscr.cz/id/HES-001402
barbarikum,Barbaricum,teater,3998,https://teater.aiscr.cz/id/3998
barbaři,Barbarian,teater,3910,https://teater.aiscr.cz/id/3910
barbiton,barbiton,teater,1828,https://teater.aiscr.cz/id/1828
barbizonská škola,Barbizon school,teater,3780,https://teater.aiscr.cz/id/3780
barokní architektura,baroque architecture,teater,432,https://teater.aiscr.cz/id/432
barokní malířství,baroque painting,teater,439,https://teater.aiscr.cz/id/439
barokní nástěnná malba,baroque mural painting,teater,1866,https://teater.aiscr.cz/id/1866
barokní oltář,baroque altar,teater,1724,https://teater.aiscr.cz/id/1724
barokní portál,baroque doorway,teater,1597,https://teater.aiscr.cz/id/1597
barokní sochařství,baroque sculpture,teater,449,https://teater.aiscr.cz/id/449
barokní umění,baroque,teater,504,https://teater.aiscr.cz/id/504
barter,barter,teater,3562,https://teater.aiscr.cz/id/3562
barvivo,colourant,amcr,HES-000903,https://api.aiscr.cz/id/HES-000903
baskická literatura,Basque literature,teater,2578,https://teater.aiscr.cz/id/2578
baskická poezie,Basque poetry,teater,2579,https://teater.aiscr.cz/id/2579
baskická povídka,Basque short story,teater,2581,https://teater.aiscr.cz/id/2581
baskická próza,Basque prose literature,teater,2580,https://teater.aiscr.cz/id/2580
baskické drama,Basque drama,teater,2583,https://teater.aiscr.cz/id/2583
baskický román,Basque fiction,teater,2582,https://teater.aiscr.cz/id/2582
baskičtina,Basque,teater,2585,https://teater.aiscr.cz/id/2585
baskičtí spisovatelé,Basque authors,teater,2584,https://teater.aiscr.cz/id/2584
baskové,Basques,teater,2577,https://teater.aiscr.cz/id/2577
bastion,bastion,teater,1620,https://teater.aiscr.cz/id/1620
bastion/reduta,bastion/redoubt,amcr,HES-000468,https://api.aiscr.cz/id/HES-000468
batavové,Batavi,teater,3917,https://teater.aiscr.cz/id/3917
bavlna,cotton,teater,2434,https://teater.aiscr.cz/id/2434
bavorsko,Bavaria,teater,2911,https://teater.aiscr.cz/id/2911
bayreuth (německo : knížectví),Bayreuth (Germany : Fürstentum),teater,2912,https://teater.aiscr.cz/id/2912
bazilika,basilica,teater,1334,https://teater.aiscr.cz/id/1334
bazilika (antika),basilica (antiquity),teater,1491,https://teater.aiscr.cz/id/1491
baziliánský klášter,Basilian monastery,teater,1384,https://teater.aiscr.cz/id/1384
bašta,wall tower,amcr,HES-000528,https://api.aiscr.cz/id/HES-000528
bednář,cooper,teater,3240,https://teater.aiscr.cz/id/3240
bednářství,coopering,teater,3239,https://teater.aiscr.cz/id/3239
beghardi,Beghards,teater,699,https://teater.aiscr.cz/id/699
behaviorismus,behaviorism,teater,3870,https://teater.aiscr.cz/id/3870
behaviorální geografie,behavioral geography,teater,877,https://teater.aiscr.cz/id/877
bekyně (křesťanské hnutí),Beguines,teater,700,https://teater.aiscr.cz/id/700
belgie,Belgium,amcr,HES-001202,https://api.aiscr.cz/id/HES-001202
belgové,Belgae,teater,3911,https://teater.aiscr.cz/id/3911
belize,Belize,amcr,HES-001334,https://api.aiscr.cz/id/HES-001334
benediktini,Benedictines,teater,3140,https://teater.aiscr.cz/id/3140
benediktinky,Benedictine nuns,teater,3169,https://teater.aiscr.cz/id/3169
benediktinská spiritualita,Benedictine spirituality,teater,807,https://teater.aiscr.cz/id/807
benediktinský klášter,Benedictine monastery,teater,1361,https://teater.aiscr.cz/id/1361
benešov-nesvačily,Benešov-Nesvačily,amcr,HES-000193,https://api.aiscr.cz/id/HES-000193
benin,Benin,amcr,HES-001207,https://api.aiscr.cz/id/HES-001207
benátsko,Veneto,teater,2913,https://teater.aiscr.cz/id/2913
bergfrit,keep,teater,1622,https://teater.aiscr.cz/id/1622
berlínská škola,Berlin school,teater,3781,https://teater.aiscr.cz/id/3781
bermudy,Bermuda,amcr,HES-001330,https://api.aiscr.cz/id/HES-001330
berní kniha,tax book,teater,2252,https://teater.aiscr.cz/id/2252
berní rula,Roll of Assesment,teater,2253,https://teater.aiscr.cz/id/2253
bez ochrany,unprotected,amcr,HES-000175,https://api.aiscr.cz/id/HES-000175
bez okolností,unknown context,amcr,HES-001062,https://api.aiscr.cz/id/HES-001062
bhútán,Bhutan,amcr,HES-001395,https://api.aiscr.cz/id/HES-001395
bible,bible,teater,2217,https://teater.aiscr.cz/id/2217
biblická archeologie,biblical archaeology,teater,44,https://teater.aiscr.cz/id/44
biblická latina,Biblical Latin language,teater,2771,https://teater.aiscr.cz/id/2771
biblická řečtina,Koine Greek,teater,2726,https://teater.aiscr.cz/id/2726
biblický apokryf,Biblical apocryphal book,teater,2184,https://teater.aiscr.cz/id/2184
biedermeier,biedermeier,teater,510,https://teater.aiscr.cz/id/510
biga,biga,teater,1915,https://teater.aiscr.cz/id/1915
billendorfská kultura,Billendorf Culture,amcr,HES-000330,https://api.aiscr.cz/id/HES-000330
billendorfská kultura (hac),Billendorf Culture (HaC),amcr,HES-000377,https://api.aiscr.cz/id/HES-000377
billendorfská kultúra,Billendorf culture,teater,1189,https://teater.aiscr.cz/id/1189
bioarcheologie,bioarchaeology,amcr,HES-001439,https://api.aiscr.cz/id/HES-001439
biogeochemie,biogeochemistry,teater,946,https://teater.aiscr.cz/id/946
biogeografické členění,biogeographical classification,teater,879,https://teater.aiscr.cz/id/879
biogeografie,biogeography,teater,878,https://teater.aiscr.cz/id/878
biografická analýza,Biographical research,teater,3719,https://teater.aiscr.cz/id/3719
biografie,biography,teater,2188,https://teater.aiscr.cz/id/2188
biologická antropologie,biological anthropology,amcr,HES-000605,https://api.aiscr.cz/id/HES-000605
biskup,bishop,teater,3097,https://teater.aiscr.cz/id/3097
biskupská rezidence,bishops palace,teater,1542,https://teater.aiscr.cz/id/1542
biskupský úřad,bishops' office,teater,779,https://teater.aiscr.cz/id/779
bitva,battle,teater,3534,https://teater.aiscr.cz/id/3534
"bitva u gaugamél (331 př. kr. : tel gomél, irák)",Battle of Gaugamela,teater,2690,https://teater.aiscr.cz/id/2690
"bitva u graníku (334 př. kr. : biga çayi, turecko : řeka)",Battle of the Granicus,teater,2691,https://teater.aiscr.cz/id/2691
"bitva u hydaspés (326 př. kr. : džihlam, indie a pákistán : řeka)",Battle of the Hydaspes,teater,2692,https://teater.aiscr.cz/id/2692
bitva u issu (333 př. kr. : issos : zaniklé město),Battle of Issus,teater,2693,https://teater.aiscr.cz/id/2693
bitva u kann (216 př. kr. : cannae : zaniklé město),Battle of Cannae,teater,2789,https://teater.aiscr.cz/id/2789
bitva u ladé (494 př. kr. : ladé : zaniklý ostrov),Battle of Lade,teater,2761,https://teater.aiscr.cz/id/2761
"bitva u marathónu (490 př. kr. : marathón, řecko)",Battle of Marathon,teater,2762,https://teater.aiscr.cz/id/2762
bitva u platají (479 př. kr. : plataje : zaniklé město),Battle of Plataea,teater,2763,https://teater.aiscr.cz/id/2763
"bitva u salamíny (480 př. kr. : salamís, řecko : ostrov)",Battle of Salamis,teater,2764,https://teater.aiscr.cz/id/2764
"bitva u thermopyl (480 př. kr. : thermopyly, řecko : průsmyk)",Battle of Thermopylae,teater,2765,https://teater.aiscr.cz/id/2765
bitva v teutoburském lese,Battle of the Teutoburg Forest,teater,2559,https://teater.aiscr.cz/id/2559
bitvy,battles,teater,2558,https://teater.aiscr.cz/id/2558
biřmování,confirmation,teater,388,https://teater.aiscr.cz/id/388
blahořečení,beatification,teater,3856,https://teater.aiscr.cz/id/3856
bod,point,amcr,HES-001133,https://api.aiscr.cz/id/HES-001133
bodná zbraň,stabbing weapon,teater,1994,https://teater.aiscr.cz/id/1994
bodové objekty uspořádané,organized point features,amcr,HES-001030,https://api.aiscr.cz/id/HES-001030
bodový objekt,point feature,amcr,HES-001028,https://api.aiscr.cz/id/HES-001028
bogomilové,Bogomil,teater,701,https://teater.aiscr.cz/id/701
bohunicien,Bohunician,amcr,HES-000261,https://api.aiscr.cz/id/HES-000261
boiohaemum,Bohemia,teater,4000,https://teater.aiscr.cz/id/4000
boiótie,Boeotia,teater,4001,https://teater.aiscr.cz/id/4001
boj,fighting activity,amcr,HES-000008,https://api.aiscr.cz/id/HES-000008
bojiště,battlefield,amcr,HES-000042,https://api.aiscr.cz/id/HES-000042
bojovník,warrior,teater,3517,https://teater.aiscr.cz/id/3517
bolívie,Bolivia (Plurinational State of),amcr,HES-001396,https://api.aiscr.cz/id/HES-001396
"bonaire, svatý eustach a saba","Bonaire, Sint Eustatius and Saba",amcr,HES-001328,https://api.aiscr.cz/id/HES-001328
boreál (paleoklimatologie),Boreal (paleoclimatology),teater,1065,https://teater.aiscr.cz/id/1065
borka,bark,teater,2435,https://teater.aiscr.cz/id/2435
boromejky,St. Charles Borromeo Sisters,teater,3170,https://teater.aiscr.cz/id/3170
bosna a hercegovina,Bosnia and Herzegovina,amcr,HES-001282,https://api.aiscr.cz/id/HES-001282
bospor (turecko : průliv),Bosporus,teater,4002,https://teater.aiscr.cz/id/4002
bosporská říše,Bosporan Kingdom,teater,4003,https://teater.aiscr.cz/id/4003
bosí augustiniáni,Discalced Augustinians,teater,3141,https://teater.aiscr.cz/id/3141
bosí karmelitáni,Discalced Carmelite,teater,3142,https://teater.aiscr.cz/id/3142
botanická sbírka,plant collection,teater,224,https://teater.aiscr.cz/id/224
botswana,Botswana,amcr,HES-001377,https://api.aiscr.cz/id/HES-001377
bouvetův ostrov,Bouvet Island,amcr,HES-001347,https://api.aiscr.cz/id/HES-001347
bošácká skupina,Bošáca Group,amcr,HES-000357,https://api.aiscr.cz/id/HES-000357
boží muka a křížky,wayside shrines and crosses,teater,1323,https://teater.aiscr.cz/id/1323
brabantsko,Duchy of Brabant,teater,2914,https://teater.aiscr.cz/id/2914
brakteát,bracteate,teater,2279,https://teater.aiscr.cz/id/2279
branec,conscript,teater,3525,https://teater.aiscr.cz/id/3525
braniborsko,Brandenburg,teater,2915,https://teater.aiscr.cz/id/2915
brazílie,Brazil,amcr,HES-001252,https://api.aiscr.cz/id/HES-001252
brašnářství,bagmaking,teater,3241,https://teater.aiscr.cz/id/3241
bretaň,Brittany,teater,2916,https://teater.aiscr.cz/id/2916
bretonština,Breton,teater,2665,https://teater.aiscr.cz/id/2665
breviář,breviary,teater,2221,https://teater.aiscr.cz/id/2221
brežské knížectví,Duchy of Brzeg,teater,3035,https://teater.aiscr.cz/id/3035
brigitinky,Bridgettine nuns,teater,3171,https://teater.aiscr.cz/id/3171
britské indickooceánské území,British Indian Ocean Territory (the),amcr,HES-001285,https://api.aiscr.cz/id/HES-001285
britské panenské ostrovy,Virgin Islands (British),amcr,HES-001333,https://api.aiscr.cz/id/HES-001333
británie (provincie),Roman Britain,teater,2917,https://teater.aiscr.cz/id/2917
brno-tuřany,Brno-Tuřany,amcr,HES-000184,https://api.aiscr.cz/id/HES-000184
brno-černovice,Brno-Černovice,amcr,HES-000182,https://api.aiscr.cz/id/HES-000182
bromkopie,hectograph copy,amcr,HES-000219,https://api.aiscr.cz/id/HES-000219
bronteion,bronteion,teater,1484,https://teater.aiscr.cz/id/1484
bronz,bronze,amcr,HES-000904,https://api.aiscr.cz/id/HES-000904
brousek,whetstone,amcr,HES-000803,https://api.aiscr.cz/id/HES-000803
broušená industrie,polished industry,teater,2106,https://teater.aiscr.cz/id/2106
brož,brooch,teater,2377,https://teater.aiscr.cz/id/2377
brunej,Brunei Darussalam,amcr,HES-001359,https://api.aiscr.cz/id/HES-001359
brunšvicko,Duchy of Brunswick,teater,2918,https://teater.aiscr.cz/id/2918
brusle,ice skate,amcr,HES-000743,https://api.aiscr.cz/id/HES-000743
bruttium,Bruttium,teater,4004,https://teater.aiscr.cz/id/4004
bráhman,Brahman,teater,3103,https://teater.aiscr.cz/id/3103
brána,gate,amcr,HES-000529,https://api.aiscr.cz/id/HES-000529
bucchero,bucchero,teater,2465,https://teater.aiscr.cz/id/2465
budova,building,amcr,HES-000250,https://api.aiscr.cz/id/HES-000250
budova hospodářská,non-residential building,amcr,HES-000440,https://api.aiscr.cz/id/HES-000440
budova obytná,residential building,amcr,HES-000439,https://api.aiscr.cz/id/HES-000439
budova/stavba,building/structure,amcr,HES-000438,https://api.aiscr.cz/id/HES-000438
budík,alarm clock,teater,2089,https://teater.aiscr.cz/id/2089
bukovohorská kultura,Bükk culture,teater,1112,https://teater.aiscr.cz/id/1112
bulava,club,amcr,HES-000785,https://api.aiscr.cz/id/HES-000785
bulharsko,Bulgaria,amcr,HES-001360,https://api.aiscr.cz/id/HES-001360
bulla,bulla,teater,2378,https://teater.aiscr.cz/id/2378
burgundi,Burgundians,teater,2599,https://teater.aiscr.cz/id/2599
burgus,burgus,teater,1625,https://teater.aiscr.cz/id/1625
burjatština,Buriat,teater,2701,https://teater.aiscr.cz/id/2701
burkina faso,Burkina Faso,amcr,HES-001361,https://api.aiscr.cz/id/HES-001361
burundi,Burundi,amcr,HES-001362,https://api.aiscr.cz/id/HES-001362
buržoazie,bourgeoisie,teater,3636,https://teater.aiscr.cz/id/3636
butmirská kultura,Butmir culture,teater,1113,https://teater.aiscr.cz/id/1113
bylanská kultura,Bylany Culture,amcr,HES-000331,https://api.aiscr.cz/id/HES-000331
bytové vybavení,furnishing,teater,1496,https://teater.aiscr.cz/id/1496
byzanc,Byzantine Empire,teater,2919,https://teater.aiscr.cz/id/2919
byzantika,Byzantine studies (sources),teater,2922,https://teater.aiscr.cz/id/2922
byzantinismus,Byzantinism,teater,2920,https://teater.aiscr.cz/id/2920
byzantolog,byzantologist,teater,2923,https://teater.aiscr.cz/id/2923
byzantologie,Byzantine studies,teater,2921,https://teater.aiscr.cz/id/2921
byzantoložka,women byzantologist,teater,2924,https://teater.aiscr.cz/id/2924
byzantsko-slovanské vztahy,Byzantine-Slavic relations,teater,2940,https://teater.aiscr.cz/id/2940
byzantská architektura,Byzantine architecture,teater,2931,https://teater.aiscr.cz/id/2931
byzantská filozofie,Byzantine philosophy,teater,2927,https://teater.aiscr.cz/id/2927
byzantská hudba,Byzantine music,teater,2932,https://teater.aiscr.cz/id/2932
byzantská kultura,Byzantine culture,teater,2926,https://teater.aiscr.cz/id/2926
byzantská literatura,Byzantine literature,teater,2933,https://teater.aiscr.cz/id/2933
byzantská mytologie,Byzantine mythology,teater,2928,https://teater.aiscr.cz/id/2928
byzantská poezie,Byzantine poetry,teater,2934,https://teater.aiscr.cz/id/2934
byzantské malířství,Byzantine painting,teater,2937,https://teater.aiscr.cz/id/2937
byzantské právo,Byzantine law,teater,2929,https://teater.aiscr.cz/id/2929
byzantské umění,Byzantine art,teater,2930,https://teater.aiscr.cz/id/2930
byzantský epos,Byzantine epos,teater,2935,https://teater.aiscr.cz/id/2935
byzantský hymnus,Byzantine hymns,teater,2936,https://teater.aiscr.cz/id/2936
byzantský ritus,Byzantine rite,teater,2938,https://teater.aiscr.cz/id/2938
bíthýnie,Bithynia,teater,3999,https://teater.aiscr.cz/id/3999
bójové,Boii,teater,2677,https://teater.aiscr.cz/id/2677
búleutérion,bouleuterion,teater,1553,https://teater.aiscr.cz/id/1553
bělorusko,Belarus,amcr,HES-001329,https://api.aiscr.cz/id/HES-001329
běžný nález,common find,amcr,HES-000842,https://api.aiscr.cz/id/HES-000842
břitva,razor,amcr,HES-000661,https://api.aiscr.cz/id/HES-000661
bůh,God,teater,3829,https://teater.aiscr.cz/id/3829
bůh (křesťanství),God (Christianity),teater,743,https://teater.aiscr.cz/id/743
bůh (teologie),God (theology),teater,744,https://teater.aiscr.cz/id/744
bůh otec,God the Father,teater,746,https://teater.aiscr.cz/id/746
bůh syn,God the Son,teater,747,https://teater.aiscr.cz/id/747
cadus (nádoba),kados (vessel),teater,2033,https://teater.aiscr.cz/id/2033
calceus,calceus,teater,2323,https://teater.aiscr.cz/id/2323
caliga,caliga,teater,2324,https://teater.aiscr.cz/id/2324
carcer,carcer,teater,1567,https://teater.aiscr.cz/id/1567
castellum,castellum,teater,1292,https://teater.aiscr.cz/id/1292
casus belli,casus belli,teater,3535,https://teater.aiscr.cz/id/3535
cech,guild,teater,3235,https://teater.aiscr.cz/id/3235
cechovní znak,guild coats of arms,teater,3236,https://teater.aiscr.cz/id/3236
cedník,colander,amcr,HES-000682,https://api.aiscr.cz/id/HES-000682
celek akce,fieldwork extent,amcr,HES-001070,https://api.aiscr.cz/id/HES-001070
cella,cella,teater,1713,https://teater.aiscr.cz/id/1713
cena za vítězství,áthlon,teater,2360,https://teater.aiscr.cz/id/2360
cesta,roads,amcr,HES-000048,https://api.aiscr.cz/id/HES-000048
cestopis,travelogue,teater,2189,https://teater.aiscr.cz/id/2189
cestovní deník,Travel Journal,teater,3734,https://teater.aiscr.cz/id/3734
chalcedon,chalcedony,teater,2447,https://teater.aiscr.cz/id/2447
chaldejci,Chaldea,teater,3925,https://teater.aiscr.cz/id/3925
chalkidiki (řecko),Chalkidiki,teater,4023,https://teater.aiscr.cz/id/4023
chalybové,Chalybes,teater,3926,https://teater.aiscr.cz/id/3926
champagne,Champagne,teater,2981,https://teater.aiscr.cz/id/2981
chamská kultura,Cham Culture,amcr,HES-000371,https://api.aiscr.cz/id/HES-000371
chantové,Khanty people,teater,2849,https://teater.aiscr.cz/id/2849
chantyjština,Khanty,teater,2865,https://teater.aiscr.cz/id/2865
charizma,charisma,teater,3833,https://teater.aiscr.cz/id/3833
chata,hut,teater,1519,https://teater.aiscr.cz/id/1519
chattové,Chatti,teater,3919,https://teater.aiscr.cz/id/3919
chazarská říše,Khazaria,teater,2982,https://teater.aiscr.cz/id/2982
chazaři,Khazars,teater,2631,https://teater.aiscr.cz/id/2631
chebská kultura,Cheb Culture,amcr,HES-000294,https://api.aiscr.cz/id/HES-000294
chemická analýza,chemical analysis,amcr,HES-000617,https://api.aiscr.cz/id/HES-000617
chemie,chemistry,teater,603,https://teater.aiscr.cz/id/603
cherub,cherub,teater,3802,https://teater.aiscr.cz/id/3802
cheruskové,Cherusci,teater,3920,https://teater.aiscr.cz/id/3920
chetité,Hittites,teater,3927,https://teater.aiscr.cz/id/3927
chile,Chile,amcr,HES-001338,https://api.aiscr.cz/id/HES-001338
chitón,chiton,teater,2170,https://teater.aiscr.cz/id/2170
chladná zbraň,cold weapon,teater,1993,https://teater.aiscr.cz/id/1993
chlaina,chlaina,teater,2171,https://teater.aiscr.cz/id/2171
chlamys,chlamys,teater,2172,https://teater.aiscr.cz/id/2172
chlystové (sekta),Khlysty,teater,706,https://teater.aiscr.cz/id/706
chléb,bread,teater,2410,https://teater.aiscr.cz/id/2410
chlév,animal shed,teater,1520,https://teater.aiscr.cz/id/1520
choceň,Choceň,amcr,HES-000188,https://api.aiscr.cz/id/HES-000188
chodba,corridor,amcr,HES-000494,https://api.aiscr.cz/id/HES-000494
chomutov,Chomutov,amcr,HES-000189,https://api.aiscr.cz/id/HES-000189
chomutov-pesvice,Chomutov-Pesvice,amcr,HES-000190,https://api.aiscr.cz/id/HES-000190
chorvatsko,Croatia,amcr,HES-001339,https://api.aiscr.cz/id/HES-001339
chov domácích zvířat,animal husbandry,teater,3227,https://teater.aiscr.cz/id/3227
chov hospodářských zvířat,livestock keeping,teater,304,https://teater.aiscr.cz/id/304
christianizace,Christianization,teater,751,https://teater.aiscr.cz/id/751
christogram,Christogram,teater,3810,https://teater.aiscr.cz/id/3810
chrlič,gargoyle,teater,1799,https://teater.aiscr.cz/id/1799
chromatografická analýza,chromatographic analysis,teater,156,https://teater.aiscr.cz/id/156
chromatografie,chromatography,teater,609,https://teater.aiscr.cz/id/609
chronogram,chronogram,teater,637,https://teater.aiscr.cz/id/637
chronologické členění (keramika),chronological classification (ceramics),teater,2458,https://teater.aiscr.cz/id/2458
chronologie,chronology,teater,644,https://teater.aiscr.cz/id/644
chronologie (města),chronology (cities),teater,1394,https://teater.aiscr.cz/id/1394
chronostratigrafie,chronostratigraphy,teater,949,https://teater.aiscr.cz/id/949
chrám,temple,teater,3865,https://teater.aiscr.cz/id/3865
chrámová podezdívka,krepis,teater,1584,https://teater.aiscr.cz/id/1584
chrámové dveře,temple door,teater,1715,https://teater.aiscr.cz/id/1715
chrámové okno,temple window,teater,1714,https://teater.aiscr.cz/id/1714
chtonické božstvo,earth deity,teater,3830,https://teater.aiscr.cz/id/3830
chytra,khytra,teater,2042,https://teater.aiscr.cz/id/2042
cihelné zdivo,brick masonry,teater,2554,https://teater.aiscr.cz/id/2554
cihla,brick,amcr,HES-000813,https://api.aiscr.cz/id/HES-000813
cihlář,brickmaker,teater,3243,https://teater.aiscr.cz/id/3243
cihlářská hlína,brick clay,teater,3268,https://teater.aiscr.cz/id/3268
cihlářská pec,brick kiln,teater,1689,https://teater.aiscr.cz/id/1689
cihlářství,brickmaking,teater,3242,https://teater.aiscr.cz/id/3242
cippus (mezník),cippus (boundary stone),teater,1676,https://teater.aiscr.cz/id/1676
cippus (náhrobek),cippus (gravestone),teater,1650,https://teater.aiscr.cz/id/1650
cirkevní archeologie,Christian archaeology,teater,23,https://teater.aiscr.cz/id/23
cirkus,circus,teater,1492,https://teater.aiscr.cz/id/1492
cista,cista,teater,2035,https://teater.aiscr.cz/id/2035
cisterciačky,Cistercian nuns,teater,3172,https://teater.aiscr.cz/id/3172
cisterciáci,Cistercians,teater,3143,https://teater.aiscr.cz/id/3143
cisterciácká spiritualita,Cistercian spirituality,teater,808,https://teater.aiscr.cz/id/808
cisterciácký klášter,Cistercian monastery,teater,1362,https://teater.aiscr.cz/id/1362
cisterna,cistern,amcr,HES-000445,https://api.aiscr.cz/id/HES-000445
cizelérství,chasing (metalworking),teater,3246,https://teater.aiscr.cz/id/3246
colonia,colonia,teater,1443,https://teater.aiscr.cz/id/1443
commentarius,commentarii,teater,2190,https://teater.aiscr.cz/id/2190
cookovy ostrovy,Cook Islands (the),amcr,HES-001283,https://api.aiscr.cz/id/HES-001283
cornu,cornu,teater,1829,https://teater.aiscr.cz/id/1829
corona,corona,teater,2361,https://teater.aiscr.cz/id/2361
corpus,text corpus,teater,2191,https://teater.aiscr.cz/id/2191
creative commons uveďte původ 4.0 mezinárodní,Creative Commons Attribution 4.0 International,amcr,HES-001496,https://api.aiscr.cz/id/HES-001496
creative commons uveďte původ-neužívejte komerčně 4.0 mezinárodní,Creative Commons Attribution-NonCommercial 4.0 International,amcr,HES-001489,https://api.aiscr.cz/id/HES-001489
creative commons uveďte původ-neužívejte komerčně-nezpracovávejte 4.0 mezinárodní,Creative Commons Attribution-NonCommercial-NoDerivatives 4.0 International,amcr,HES-001500,https://api.aiscr.cz/id/HES-001500
creative commons uveďte původ-neužívejte komerčně-zachovejte licenci 4.0 mezinárodní,Creative Commons Attribution-NonCommercial-ShareAlike 4.0 International,amcr,HES-001499,https://api.aiscr.cz/id/HES-001499
creative commons uveďte původ-nezpracovávejte 4.0 mezinárodní,Creative Commons Attribution-NoDerivatives 4.0 International,amcr,HES-001498,https://api.aiscr.cz/id/HES-001498
creative commons uveďte původ-zachovejte licenci 4.0 mezinárodní,Creative Commons Attribution-ShareAlike 4.0 International,amcr,HES-001497,https://api.aiscr.cz/id/HES-001497
cukr,sugar,teater,2408,https://teater.aiscr.cz/id/2408
curaçao,Curaçao,amcr,HES-001243,https://api.aiscr.cz/id/HES-001243
curia (radnice),curia,teater,1554,https://teater.aiscr.cz/id/1554
cymbál,cymbal,teater,1830,https://teater.aiscr.cz/id/1830
cypřiš,Cupressus,teater,2444,https://teater.aiscr.cz/id/2444
cyrilice,Cyrillic,teater,3572,https://teater.aiscr.cz/id/3572
cyrilometodějská mise,Cyril and Methodius mission,teater,2814,https://teater.aiscr.cz/id/2814
cyrilometodějská tradice,Cyril and Methodius tradition,teater,2815,https://teater.aiscr.cz/id/2815
cyrilské nápisy,Cyrillic inscriptions,teater,2824,https://teater.aiscr.cz/id/2824
cytogenetika,cytogenetics,teater,575,https://teater.aiscr.cz/id/575
czestochowa,Czestochowa,amcr,HES-000185,https://api.aiscr.cz/id/HES-000185
czestochowa-rudniky,Czestochowa-Rudniky,amcr,HES-000186,https://api.aiscr.cz/id/HES-000186
cín,tin,amcr,HES-000921,https://api.aiscr.cz/id/HES-000921
cínař,tinsmith,teater,3245,https://teater.aiscr.cz/id/3245
cínařství,tinsmithing,teater,3244,https://teater.aiscr.cz/id/3244
církev,church congregation,teater,3832,https://teater.aiscr.cz/id/3832
církevní architektura,church architecture,teater,1322,https://teater.aiscr.cz/id/1322
církevní dějiny,church history,teater,589,https://teater.aiscr.cz/id/589
církevní latina,liturgical Latin,teater,2772,https://teater.aiscr.cz/id/2772
církevní poplatky,church fee,teater,3426,https://teater.aiscr.cz/id/3426
církevní právo,canon law,teater,3609,https://teater.aiscr.cz/id/3609
církevní slovanština,Church Slavonic,teater,2829,https://teater.aiscr.cz/id/2829
církevní správa,church administration,teater,3425,https://teater.aiscr.cz/id/3425
církevní řád,religious order,teater,3906,https://teater.aiscr.cz/id/3906
císařský palác,imperial palace,teater,1543,https://teater.aiscr.cz/id/1543
císařství,empire,teater,3669,https://teater.aiscr.cz/id/3669
cízelér,chaser,teater,3247,https://teater.aiscr.cz/id/3247
d. halštatská - laténska nesp.,Hallstatt-La Tène period,teater,1198,https://teater.aiscr.cz/id/1198
dadaismus (umění),dadaism (art),teater,511,https://teater.aiscr.cz/id/511
dagerotypie,daguerreotype,teater,3771,https://teater.aiscr.cz/id/3771
dalmácie,Dalmatia,teater,2945,https://teater.aiscr.cz/id/2945
danaové,Denyen,teater,3958,https://teater.aiscr.cz/id/3958
daně,taxes,teater,3428,https://teater.aiscr.cz/id/3428
dar,gift,teater,3563,https://teater.aiscr.cz/id/3563
dardanely (turecko : průliv),Dardanelles,teater,4006,https://teater.aiscr.cz/id/4006
data,data,amcr,HES-000871,https://api.aiscr.cz/id/HES-000871
data 3d,data 3D,amcr,HES-000870,https://api.aiscr.cz/id/HES-000870
data analýzy ekofaktů,ecofact analysis data,amcr,HES-001082,https://api.aiscr.cz/id/HES-001082
data geodetická,geodetic data,amcr,HES-001083,https://api.aiscr.cz/id/HES-001083
data geofyzikální,geophysical data,amcr,HES-001084,https://api.aiscr.cz/id/HES-001084
data gnss,GNSS data,amcr,HES-001085,https://api.aiscr.cz/id/HES-001085
data terénního výzkumu,fieldwork data,amcr,HES-001086,https://api.aiscr.cz/id/HES-001086
data vektorového plánu,vector plan data,amcr,HES-001087,https://api.aiscr.cz/id/HES-001087
databáze,database,teater,74,https://teater.aiscr.cz/id/74
datace neurčena,unspecified dating,amcr,HES-000316,https://api.aiscr.cz/id/HES-000316
datování uměleckého díla,dating of art works,teater,470,https://teater.aiscr.cz/id/470
dauphiné,Dauphiné,teater,2946,https://teater.aiscr.cz/id/2946
dehet,tar,amcr,HES-000922,https://api.aiscr.cz/id/HES-000922
dehtárna,tar kiln,amcr,HES-000079,https://api.aiscr.cz/id/HES-000079
dehtářská pec,tar kiln (objekt),teater,1690,https://teater.aiscr.cz/id/1690
dekret,decree,teater,2254,https://teater.aiscr.cz/id/2254
demografické chování,demographic behavior,teater,404,https://teater.aiscr.cz/id/404
demografický vývoj,demographic transition,teater,405,https://teater.aiscr.cz/id/405
demografický výzkum,population research,teater,402,https://teater.aiscr.cz/id/402
demografie,demography,teater,400,https://teater.aiscr.cz/id/400
demokracie,democracy,teater,3670,https://teater.aiscr.cz/id/3670
den v týdnu,day of the week,teater,645,https://teater.aiscr.cz/id/645
dendrochronologická analýza,tree-ring analysis,teater,145,https://teater.aiscr.cz/id/145
dendrochronologie,dendrochronology,amcr,HES-000609,https://api.aiscr.cz/id/HES-000609
dentální antropologie,dental anthropology,teater,3892,https://teater.aiscr.cz/id/3892
denár,denarius,teater,2282,https://teater.aiscr.cz/id/2282
deník,Diary,teater,3733,https://teater.aiscr.cz/id/3733
deponování,deposition activity,amcr,HES-000007,https://api.aiscr.cz/id/HES-000007
depot,hoard,amcr,HES-000051,https://api.aiscr.cz/id/HES-000051
deska,board,amcr,HES-000712,https://api.aiscr.cz/id/HES-000712
desková malba,panel painting,teater,1851,https://teater.aiscr.cz/id/1851
desková tektonika,plate tectonics,teater,4129,https://teater.aiscr.cz/id/4129
despotismus,despotism,teater,3671,https://teater.aiscr.cz/id/3671
destruktivní metoda výzkumu,destructive method,teater,104,https://teater.aiscr.cz/id/104
destrukční horizont,destruction horizon,teater,1749,https://teater.aiscr.cz/id/1749
destrukční vrstva/souvrství,destruction layer/sequence,amcr,HES-000454,https://api.aiscr.cz/id/HES-000454
desátek,tithe,teater,3427,https://teater.aiscr.cz/id/3427
detekce kovů,metal detection,teater,112,https://teater.aiscr.cz/id/112
devocionálie,devotional object,teater,2367,https://teater.aiscr.cz/id/2367
devoční obraz,devotional image,teater,1853,https://teater.aiscr.cz/id/1853
devoční socha,devotional statue,teater,1889,https://teater.aiscr.cz/id/1889
deštivo,rainy,amcr,HES-000587,https://api.aiscr.cz/id/HES-000587
diamant,diamond,teater,2439,https://teater.aiscr.cz/id/2439
diapozitiv barevný,colour photoslide,amcr,HES-000220,https://api.aiscr.cz/id/HES-000220
diapozitiv černobílý (film),black-and-white photoslide (film),amcr,HES-000221,https://api.aiscr.cz/id/HES-000221
diapozitiv černobílý (sklo),black-and-white photoslide (glass),amcr,HES-000222,https://api.aiscr.cz/id/HES-000222
diaspora,diaspora,teater,4205,https://teater.aiscr.cz/id/4205
diatessaron,diatessaron,teater,2222,https://teater.aiscr.cz/id/2222
diatomární analýza,diatomic analysis,amcr,HES-000610,https://api.aiscr.cz/id/HES-000610
diazóma,diazoma,teater,1485,https://teater.aiscr.cz/id/1485
didaché,didache,teater,2223,https://teater.aiscr.cz/id/2223
diecéze,diocese,teater,778,https://teater.aiscr.cz/id/778
difuzionistická antropologie,diffusionism,teater,3893,https://teater.aiscr.cz/id/3893
digitální model terénu,digital elevation model,teater,124,https://teater.aiscr.cz/id/124
digitální soubor,digital file,amcr,HES-000217,https://api.aiscr.cz/id/HES-000217
diktatura,dictatorship,teater,3672,https://teater.aiscr.cz/id/3672
diktatura proletariátu,dictatorship of the proletariat,teater,3673,https://teater.aiscr.cz/id/3673
diplomatika,diplomacy,teater,632,https://teater.aiscr.cz/id/632
dipteros,dipteros,teater,1308,https://teater.aiscr.cz/id/1308
diptychon,diptych,teater,2246,https://teater.aiscr.cz/id/2246
dipylská váza,dipylon jar,teater,1796,https://teater.aiscr.cz/id/1796
disk (sportovní nářadí),disk,teater,2405,https://teater.aiscr.cz/id/2405
diskriminace,discrimination,teater,4195,https://teater.aiscr.cz/id/4195
diskriminační analýza,discriminant analysis,teater,278,https://teater.aiscr.cz/id/278
diskurzivní analýza,discourse analysis,teater,76,https://teater.aiscr.cz/id/76
distribuční mapa,distribution map,teater,3564,https://teater.aiscr.cz/id/3564
divadlo,theatre,teater,1493,https://teater.aiscr.cz/id/1493
dlažba,pavement,teater,1580,https://teater.aiscr.cz/id/1580
dlaždice,floor tile,amcr,HES-000678,https://api.aiscr.cz/id/HES-000678
dlaždič,tile maker,teater,3251,https://teater.aiscr.cz/id/3251
dlaždičské práce,pavements,teater,3250,https://teater.aiscr.cz/id/3250
dlouhý dům,longhouse,teater,1497,https://teater.aiscr.cz/id/1497
dláto,chisel,amcr,HES-000824,https://api.aiscr.cz/id/HES-000824
dláždění,pavement,amcr,HES-000492,https://api.aiscr.cz/id/HES-000492
dno sondy,trench bottom,amcr,HES-001158,https://api.aiscr.cz/id/HES-001158
doba bronzová,Bronze Age,amcr,HES-000401,https://api.aiscr.cz/id/HES-000401
doba bronzová - halštatská,bronze age-hallstatt,teater,1147,https://teater.aiscr.cz/id/1147
doba bronzová–halštatská,Bronze Age–Hallstatt Period,amcr,HES-000403,https://api.aiscr.cz/id/HES-000403
doba halštatská,Hallstatt Period,amcr,HES-000402,https://api.aiscr.cz/id/HES-000402
doba halštatská–laténská,Hallstatt–La Tène Period,amcr,HES-000405,https://api.aiscr.cz/id/HES-000405
doba hradištní,hillfort period,teater,1239,https://teater.aiscr.cz/id/1239
doba kamenná,stone age,teater,1075,https://teater.aiscr.cz/id/1075
doba laténska,La Tène period,teater,1215,https://teater.aiscr.cz/id/1215
doba laténska - římska,La Tène - Roman period,teater,1214,https://teater.aiscr.cz/id/1214
doba laténská,La Tène Period,amcr,HES-000404,https://api.aiscr.cz/id/HES-000404
doba laténská–římská,La Tène–Roman Period,amcr,HES-000407,https://api.aiscr.cz/id/HES-000407
doba ledová,glacial epoch,teater,1061,https://teater.aiscr.cz/id/1061
doba meziledová,interglacial period,teater,1062,https://teater.aiscr.cz/id/1062
doba měděná,Chalcolithic,teater,1119,https://teater.aiscr.cz/id/1119
doba stěhování národů,Migration Period,amcr,HES-000408,https://api.aiscr.cz/id/HES-000408
doba římská,Roman Period,amcr,HES-000406,https://api.aiscr.cz/id/HES-000406
doba římská - stěhování národů,roman - migration period,teater,1226,https://teater.aiscr.cz/id/1226
doba římská–stěhování národů,Roman–Migration Period,amcr,HES-000409,https://api.aiscr.cz/id/HES-000409
doba železná,Iron age,teater,1199,https://teater.aiscr.cz/id/1199
dobrodzieńská skupina,Dobrodzień Group,amcr,HES-000344,https://api.aiscr.cz/id/HES-000344
dogma,dogma,teater,3834,https://teater.aiscr.cz/id/3834
dogmatismus,Dogmatism,teater,3905,https://teater.aiscr.cz/id/3905
doklad umění/kultu,artistic/ritual object,amcr,HES-000844,https://api.aiscr.cz/id/HES-000844
doklady umění,evidence of art,teater,1814,https://teater.aiscr.cz/id/1814
dokumentace,documentation,teater,195,https://teater.aiscr.cz/id/195
dokumentační výzkum,documentary research,teater,4321,https://teater.aiscr.cz/id/4321
dolmen,dolmen,teater,1651,https://teater.aiscr.cz/id/1651
dolní lotrinsko,Lower Lotharingia,teater,2947,https://teater.aiscr.cz/id/2947
dolní rakousko,Lower Austria,teater,2948,https://teater.aiscr.cz/id/2948
dolní slezsko,Lower Silesia,teater,3036,https://teater.aiscr.cz/id/3036
dolopové,Dolopes,teater,3913,https://teater.aiscr.cz/id/3913
domestifikace živočichů,animal domestication,teater,303,https://teater.aiscr.cz/id/303
dominika,Dominica,amcr,HES-001309,https://api.aiscr.cz/id/HES-001309
dominikáni,Dominicans,teater,3144,https://teater.aiscr.cz/id/3144
dominikánky,Dominican nuns,teater,3173,https://teater.aiscr.cz/id/3173
dominikánská republika,Dominican Republic (the),amcr,HES-001350,https://api.aiscr.cz/id/HES-001350
dominikánská spiritualita,Dominican spirituality,teater,809,https://teater.aiscr.cz/id/809
dominikánský klášter,Dominican monastery,teater,1363,https://teater.aiscr.cz/id/1363
domnělé (5–50 %),alleged (5–50%),amcr,HES-001451,https://api.aiscr.cz/id/HES-001451
domovní kanalizace,house drains,teater,1575,https://teater.aiscr.cz/id/1575
domácí zvíře,domestic animal,teater,302,https://teater.aiscr.cz/id/302
dona militaria,dona militaria,teater,2368,https://teater.aiscr.cz/id/2368
donatismus,Donatism,teater,703,https://teater.aiscr.cz/id/703
donátor,donor,teater,3784,https://teater.aiscr.cz/id/3784
donátorka,donor (female),teater,3785,https://teater.aiscr.cz/id/3785
dopis,letter,teater,2201,https://teater.aiscr.cz/id/2201
doplňování muzejních sbírek,museum collections acquisition,teater,234,https://teater.aiscr.cz/id/234
doprava,transportation,teater,1895,https://teater.aiscr.cz/id/1895
dotazník (etnologie),questionnaire (ethnology),teater,4309,https://teater.aiscr.cz/id/4309
dotazník (geografie),questionnaire (geography),teater,4157,https://teater.aiscr.cz/id/4157
dožínky,Dozhinki,teater,4270,https://teater.aiscr.cz/id/4270
drachma,drachma,teater,2283,https://teater.aiscr.cz/id/2283
drahý kámen,precious stone,teater,2437,https://teater.aiscr.cz/id/2437
drasadlo,side scraper,amcr,HES-000715,https://api.aiscr.cz/id/HES-000715
draslář,Ash burner,teater,3256,https://teater.aiscr.cz/id/3256
draslářství,potash production,teater,3255,https://teater.aiscr.cz/id/3255
dromos (hrobka),dromos (tomb),teater,1652,https://teater.aiscr.cz/id/1652
dromos (ulice),dromos (street),teater,1573,https://teater.aiscr.cz/id/1573
drožďařství,yeast industry,teater,3257,https://teater.aiscr.cz/id/3257
drtidlo,grindstone,teater,2094,https://teater.aiscr.cz/id/2094
drtidlo/zrnotěrka,handstone/saddle quern,amcr,HES-000795,https://api.aiscr.cz/id/HES-000795
druhohory,mesozoic,teater,1054,https://teater.aiscr.cz/id/1054
druhy muzeí,types of museums,teater,242,https://teater.aiscr.cz/id/242
druhá makedonská válka (200-197 př. kr.),Second Macedonian War,teater,2685,https://teater.aiscr.cz/id/2685
druid,druid,teater,3104,https://teater.aiscr.cz/id/3104
druidismus,druidism,teater,2651,https://teater.aiscr.cz/id/2651
družicová geodezie,satellite geodesy,teater,120,https://teater.aiscr.cz/id/120
drát,wire,amcr,HES-000782,https://api.aiscr.cz/id/HES-000782
drátenictví,tinkers trade,teater,3252,https://teater.aiscr.cz/id/3252
dráteník,tinker,teater,3253,https://teater.aiscr.cz/id/3253
drátník,wire drawer,teater,3254,https://teater.aiscr.cz/id/3254
drůbež,poultry,teater,3228,https://teater.aiscr.cz/id/3228
dualismus,dualism,teater,3820,https://teater.aiscr.cz/id/3820
duch,ghost,teater,3835,https://teater.aiscr.cz/id/3835
duch svatý,Holy Spirit,teater,748,https://teater.aiscr.cz/id/748
duchovenstvo,clergy,teater,3634,https://teater.aiscr.cz/id/3634
duchovní život,spiritual life,teater,13,https://teater.aiscr.cz/id/13
dukát,ducat,teater,2284,https://teater.aiscr.cz/id/2284
duplicita,duplicate,amcr,HES-001177,https://api.aiscr.cz/id/HES-001177
durynkové,Thuringii,teater,2600,https://teater.aiscr.cz/id/2600
durynsko,Thuringia,teater,2949,https://teater.aiscr.cz/id/2949
duše,soul,teater,3836,https://teater.aiscr.cz/id/3836
dvojitý klášter,double monastery,teater,1358,https://teater.aiscr.cz/id/1358
dvorec,manorial farm,teater,1425,https://teater.aiscr.cz/id/1425
dvorec/dvůr,curia/manorial farm,amcr,HES-000014,https://api.aiscr.cz/id/HES-000014
dvorská společnost,courtly society,teater,3688,https://teater.aiscr.cz/id/3688
dvorské desky,tabulae curiae,teater,2255,https://teater.aiscr.cz/id/2255
dvůr,court,teater,1426,https://teater.aiscr.cz/id/1426
dynamismus,dynamism,teater,687,https://teater.aiscr.cz/id/687
dyzna,nozzle,amcr,HES-000689,https://api.aiscr.cz/id/HES-000689
dácie,Dacia (Dacian kingdom),teater,2944,https://teater.aiscr.cz/id/2944
dákové,Dacians,teater,2587,https://teater.aiscr.cz/id/2587
dálkový obchod,long-distance trade,teater,3183,https://teater.aiscr.cz/id/3183
dálkový průzkum země,remote sensing,teater,119,https://teater.aiscr.cz/id/119
dánsko,Denmark,amcr,HES-001250,https://api.aiscr.cz/id/HES-001250
dáreikos,dareikos,teater,2281,https://teater.aiscr.cz/id/2281
délos (řecko : ostrov),Delos,teater,4007,https://teater.aiscr.cz/id/4007
démon,demon,teater,3789,https://teater.aiscr.cz/id/3789
démonismus,demonism,teater,686,https://teater.aiscr.cz/id/686
démonolatrie,demonolatry,teater,3790,https://teater.aiscr.cz/id/3790
démos (sídliště),Demos (settlement),teater,1444,https://teater.aiscr.cz/id/1444
dílna,workshop,teater,1761,https://teater.aiscr.cz/id/1761
dóm,duomo,teater,3864,https://teater.aiscr.cz/id/3864
dórové,Dorians,teater,2723,https://teater.aiscr.cz/id/2723
dórský stavební řád,doric order,teater,3748,https://teater.aiscr.cz/id/3748
dýka,dagger,amcr,HES-000820,https://api.aiscr.cz/id/HES-000820
dýmačka,fuming blast-furnace,teater,1691,https://teater.aiscr.cz/id/1691
dýmka,pipe,amcr,HES-000635,https://api.aiscr.cz/id/HES-000635
dějepisná mapa,history map,teater,1030,https://teater.aiscr.cz/id/1030
dějiny,history,teater,588,https://teater.aiscr.cz/id/588
dějiny archeologie,history of archaeology,teater,3,https://teater.aiscr.cz/id/3
dějiny architektury,architectural history,teater,428,https://teater.aiscr.cz/id/428
dějiny archivnictví,history of keeping archives,teater,630,https://teater.aiscr.cz/id/630
dějiny bible,History Bible,teater,2218,https://teater.aiscr.cz/id/2218
dějiny byzantské literatury,history of Byzantine literature,teater,2925,https://teater.aiscr.cz/id/2925
dějiny dějepisectví,History of Historiography,teater,3716,https://teater.aiscr.cz/id/3716
dějiny fotografie,history of photography,teater,437,https://teater.aiscr.cz/id/437
dějiny genderu,Gender History,teater,3715,https://teater.aiscr.cz/id/3715
dějiny hornictví,history of mining,teater,3483,https://teater.aiscr.cz/id/3483
dějiny idejí,Intellectual History,teater,3713,https://teater.aiscr.cz/id/3713
dějiny každodennosti,People´s History,teater,3712,https://teater.aiscr.cz/id/3712
dějiny malířství,history of painting,teater,438,https://teater.aiscr.cz/id/438
dějiny mentalit,History of Mentalities,teater,3714,https://teater.aiscr.cz/id/3714
dějiny metalurgie,history of metallurgy,teater,313,https://teater.aiscr.cz/id/313
dějiny myslivosti,history of game management,teater,3205,https://teater.aiscr.cz/id/3205
dějiny obchodu,history of comerce,teater,3184,https://teater.aiscr.cz/id/3184
dějiny peněz,history of money,teater,668,https://teater.aiscr.cz/id/668
dějiny sochařství,history of sculpture,teater,445,https://teater.aiscr.cz/id/445
dějiny spirituality,history of spirituality,teater,801,https://teater.aiscr.cz/id/801
dějiny správy,Administrative History,teater,3711,https://teater.aiscr.cz/id/3711
dějiny tiskařství,history of printing,teater,3383,https://teater.aiscr.cz/id/3383
dějiny umění,art history,teater,427,https://teater.aiscr.cz/id/427
dějiny zemědělství,history of agriculture,teater,3215,https://teater.aiscr.cz/id/3215
dějiny řecké antické literatury,history of Greek ancient literature,teater,2741,https://teater.aiscr.cz/id/2741
dějiny řemesel,history of handicrafts,teater,3237,https://teater.aiscr.cz/id/3237
dělba práce,division of labor,teater,3551,https://teater.aiscr.cz/id/3551
dělnictvo,working class,teater,3633,https://teater.aiscr.cz/id/3633
dělostřelectvo,artillery,teater,3519,https://teater.aiscr.cz/id/3519
dětská úmrtnost,children mortality,teater,412,https://teater.aiscr.cz/id/412
dřevo,wood,amcr,HES-000923,https://api.aiscr.cz/id/HES-000923
dřevohlinitá hradba,wood earth rampart,teater,1628,https://teater.aiscr.cz/id/1628
dřevorubec,logger,teater,3514,https://teater.aiscr.cz/id/3514
dřevořezba,woodcarving,teater,1815,https://teater.aiscr.cz/id/1815
dřevěná hať,timber trackway,teater,1674,https://teater.aiscr.cz/id/1674
dřevěná kaple,wooden chapel,teater,1329,https://teater.aiscr.cz/id/1329
dřevěná konstrukce,wooden structure,teater,2555,https://teater.aiscr.cz/id/2555
dřevěné uhlí,charcoal,teater,2441,https://teater.aiscr.cz/id/2441
dřevěné výrobky,wood products,teater,2442,https://teater.aiscr.cz/id/2442
dřevěný kostel,wooden church,teater,1335,https://teater.aiscr.cz/id/1335
důl,mine,amcr,HES-000033,https://api.aiscr.cz/id/HES-000033
dům,house,teater,1495,https://teater.aiscr.cz/id/1495
džbán,jug,amcr,HES-000636,https://api.aiscr.cz/id/HES-000636
džibutsko,Djibouti,amcr,HES-001317,https://api.aiscr.cz/id/HES-001317
eburonové,Eburones,teater,3914,https://teater.aiscr.cz/id/3914
echínos,echinus,teater,1797,https://teater.aiscr.cz/id/1797
efémeris,ephemeris,teater,2192,https://teater.aiscr.cz/id/2192
egejská kultura,Aegean culture,teater,1151,https://teater.aiscr.cz/id/1151
egejské moře (oblast),Aegean Sea,teater,4008,https://teater.aiscr.cz/id/4008
egypt,Egypt,amcr,HES-001246,https://api.aiscr.cz/id/HES-001246
ekklésiastérion,Ekklesiasterion,teater,1512,https://teater.aiscr.cz/id/1512
ekkykléma,ekkyklema,teater,1486,https://teater.aiscr.cz/id/1486
eklekticismus (umění),eclecticism,teater,512,https://teater.aiscr.cz/id/512
ekofakt,ecofact,amcr,HES-000775,https://api.aiscr.cz/id/HES-000775
ekologická krize,ecological crisis,teater,4125,https://teater.aiscr.cz/id/4125
ekologie folkloru,folklore ecology,teater,4243,https://teater.aiscr.cz/id/4243
ekonomická antropologie,economic anthropology,teater,394,https://teater.aiscr.cz/id/394
ekonomická elita,economic elite,teater,3625,https://teater.aiscr.cz/id/3625
ekonomická geografie,economic geography,teater,897,https://teater.aiscr.cz/id/897
ekonomická statistika,economic statistics,teater,840,https://teater.aiscr.cz/id/840
ekumenická liturgie,ecumenical liturgy,teater,758,https://teater.aiscr.cz/id/758
ekumenický koncil,ecumenical council,teater,782,https://teater.aiscr.cz/id/782
ekumenismus,ecumenism,teater,3803,https://teater.aiscr.cz/id/3803
ekvádor,Ecuador,amcr,HES-001354,https://api.aiscr.cz/id/HES-001354
elba (itálie : ostrov),Elba,teater,4010,https://teater.aiscr.cz/id/4010
elektron,electrum,teater,2480,https://teater.aiscr.cz/id/2480
elektronová mikroskopie,electron microscopy,teater,147,https://teater.aiscr.cz/id/147
elita,elite,teater,3624,https://teater.aiscr.cz/id/3624
elogium,elogium,teater,1653,https://teater.aiscr.cz/id/1653
email,enamel,teater,3375,https://teater.aiscr.cz/id/3375
emblematika,emblematics,teater,634,https://teater.aiscr.cz/id/634
emblém,emblem,teater,635,https://teater.aiscr.cz/id/635
emická deskripce kultury,emic description of culture,teater,4294,https://teater.aiscr.cz/id/4294
empora,matroneum,teater,1581,https://teater.aiscr.cz/id/1581
eneolit,Eneolithic,amcr,HES-000399,https://api.aiscr.cz/id/HES-000399
enkaustika,encaustic painting,teater,1854,https://teater.aiscr.cz/id/1854
enkláva,enclave,teater,4139,https://teater.aiscr.cz/id/4139
enkolpión,engolpion,teater,3862,https://teater.aiscr.cz/id/3862
enkulturace,enculturation,teater,4222,https://teater.aiscr.cz/id/4222
entasis,entasis,teater,1603,https://teater.aiscr.cz/id/1603
enviromentální geografie,environmental geography,teater,882,https://teater.aiscr.cz/id/882
environmentální archeologie,environmental archaeology,teater,24,https://teater.aiscr.cz/id/24
environmentální geologie,environmental geology,teater,932,https://teater.aiscr.cz/id/932
environmentální skenovací elektronová mikroskopie,environmental scanning electron microscopy,teater,149,https://teater.aiscr.cz/id/149
environmentální vzorek,environmental sampling,amcr,HES-001060,https://api.aiscr.cz/id/HES-001060
epanagoge,epanagoge,teater,2193,https://teater.aiscr.cz/id/2193
epiatlantik (paleoklimatologie),Epi-atlantic (paleoclimatology),teater,1067,https://teater.aiscr.cz/id/1067
epigrafika,epigraphy,teater,636,https://teater.aiscr.cz/id/636
epigravettien,Epigravettian,amcr,HES-000263,https://api.aiscr.cz/id/HES-000263
epimagdalenien,epimagdalenian,teater,1096,https://teater.aiscr.cz/id/1096
epimagdalénien,Epimagdalenian,amcr,HES-000265,https://api.aiscr.cz/id/HES-000265
epirus,Epirus,teater,2951,https://teater.aiscr.cz/id/2951
epitaf,epitaph,teater,2312,https://teater.aiscr.cz/id/2312
epištola,carta,teater,3804,https://teater.aiscr.cz/id/3804
erbovní listina,heraldic document,teater,2260,https://teater.aiscr.cz/id/2260
ergastulum,ergastulum,teater,1763,https://teater.aiscr.cz/id/1763
ergastérion,ergasterion,teater,1762,https://teater.aiscr.cz/id/1762
eritrea,Eritrea,amcr,HES-001394,https://api.aiscr.cz/id/HES-001394
eroze (geologie),erosion,teater,953,https://teater.aiscr.cz/id/953
erozní rýha,gully/ravine,amcr,HES-000471,https://api.aiscr.cz/id/HES-000471
eschatologie,eschatology,teater,3838,https://teater.aiscr.cz/id/3838
esoterismus,esotericism,teater,3839,https://teater.aiscr.cz/id/3839
essedum,essedum,teater,1913,https://teater.aiscr.cz/id/1913
estonci,Estonians,teater,2847,https://teater.aiscr.cz/id/2847
estonsko,Estonia,amcr,HES-001232,https://api.aiscr.cz/id/HES-001232
estonština,Estonian,teater,2863,https://teater.aiscr.cz/id/2863
etická deskripce kultury,ethical description of culture,teater,4295,https://teater.aiscr.cz/id/4295
etický rámec etnografického výzkumu,ethical framework of ethnographic research,teater,4297,https://teater.aiscr.cz/id/4297
etiopie,Ethiopia,amcr,HES-001335,https://api.aiscr.cz/id/HES-001335
etnicita,ethnicity,teater,532,https://teater.aiscr.cz/id/532
etnická hranice,ethnic border,teater,533,https://teater.aiscr.cz/id/533
etnická hudba,world music,teater,4183,https://teater.aiscr.cz/id/4183
etnická minorita,ethnic minority,teater,4184,https://teater.aiscr.cz/id/4184
etnická skupina,ethnic group,teater,535,https://teater.aiscr.cz/id/535
etnické společenství,ethnic community,teater,4186,https://teater.aiscr.cz/id/4186
etnické umění,ethnic art,teater,4188,https://teater.aiscr.cz/id/4188
etnické vědomí,ethnic consciousness,teater,4189,https://teater.aiscr.cz/id/4189
etnický konflikt,ethnic conflict,teater,534,https://teater.aiscr.cz/id/534
etnický proces,ethnic processes,teater,4185,https://teater.aiscr.cz/id/4185
etnický stereotyp,ethnic stereotype,teater,4187,https://teater.aiscr.cz/id/4187
etnika,ethnic groups,teater,2560,https://teater.aiscr.cz/id/2560
etnikum,ethnic group,teater,4182,https://teater.aiscr.cz/id/4182
etnoarcheologie,ethnoarchaeology,teater,316,https://teater.aiscr.cz/id/316
etnocentrismus,ethnocentrism,teater,4190,https://teater.aiscr.cz/id/4190
etnochoreologie,ethnochoreology,teater,4176,https://teater.aiscr.cz/id/4176
etnodemografie,ethnodemography,teater,4171,https://teater.aiscr.cz/id/4171
etnogeneze,ethnogenesis,teater,536,https://teater.aiscr.cz/id/536
etnografická sbírka,ethnological collection,teater,225,https://teater.aiscr.cz/id/225
etnografická skupina,ethnographic group,teater,4191,https://teater.aiscr.cz/id/4191
etnografické muzeum,ethnological museum,teater,244,https://teater.aiscr.cz/id/244
etnografický experiment,ethnographic experiment,teater,4329,https://teater.aiscr.cz/id/4329
etnografický terén,ethnographic terrain,teater,4296,https://teater.aiscr.cz/id/4296
etnografický výzkum,ethnographic research,teater,539,https://teater.aiscr.cz/id/539
etnografie,ethnography,teater,537,https://teater.aiscr.cz/id/537
etnografie dělnictva,ethnography of labour,teater,4172,https://teater.aiscr.cz/id/4172
etnografie města,urban anthropology,teater,4173,https://teater.aiscr.cz/id/4173
etnografie socialistické vesnice,ethnography of a socialist village,teater,4174,https://teater.aiscr.cz/id/4174
etnografie současnosti,Ethnography of present,teater,4175,https://teater.aiscr.cz/id/4175
etnokartografie,Ethnocartography,teater,4177,https://teater.aiscr.cz/id/4177
etnologické subdisciplíny,ethnological subdisciplines,teater,4170,https://teater.aiscr.cz/id/4170
etnologie,ethnology,teater,531,https://teater.aiscr.cz/id/531
etnomuzikologie,ethnomusicology,teater,4178,https://teater.aiscr.cz/id/4178
etnonacionalismus,ethnonationalism,teater,4192,https://teater.aiscr.cz/id/4192
etnonymum,ethnonym,teater,4193,https://teater.aiscr.cz/id/4193
etnoorganologie,ethnoorganology,teater,4179,https://teater.aiscr.cz/id/4179
etnos,ethnos,teater,4194,https://teater.aiscr.cz/id/4194
etnověda,Ethnoscience,teater,4180,https://teater.aiscr.cz/id/4180
etrurie,Etruria,teater,2952,https://teater.aiscr.cz/id/2952
etruskové,Etruscans,teater,2588,https://teater.aiscr.cz/id/2588
etruská mytologie,Etruscan mythology,teater,2589,https://teater.aiscr.cz/id/2589
etruské malířství,etruscan painting,teater,3756,https://teater.aiscr.cz/id/3756
etruské náboženství,Etruscan religion,teater,2590,https://teater.aiscr.cz/id/2590
etruské nápisy,Etruscan inscriptions,teater,2591,https://teater.aiscr.cz/id/2591
etruské památky,Etruscan monuments,teater,2592,https://teater.aiscr.cz/id/2592
etruské sochařství,etruscan sculpture,teater,3767,https://teater.aiscr.cz/id/3767
etruské umění,Etruscan art,teater,2593,https://teater.aiscr.cz/id/2593
etruština,Etruscan,teater,2594,https://teater.aiscr.cz/id/2594
etymologie,etymology,teater,612,https://teater.aiscr.cz/id/612
euboia (řecko : ostrov),Euboea,teater,4013,https://teater.aiscr.cz/id/4013
evangelický duchovní,Evangelical minister,teater,3106,https://teater.aiscr.cz/id/3106
evangelický kostel,Evangelical temple,teater,1338,https://teater.aiscr.cz/id/1338
evangelium,gospel,teater,740,https://teater.aiscr.cz/id/740
evangelizace,evangelization,teater,750,https://teater.aiscr.cz/id/750
evangeliář,evangeliary,teater,2224,https://teater.aiscr.cz/id/2224
evidence obyvatelstva,civil registration,teater,415,https://teater.aiscr.cz/id/415
evidence sbírkových předmětů,regisry of collection objects,teater,235,https://teater.aiscr.cz/id/235
evolucionistická antropologie,evolutionistic anthropology,teater,3894,https://teater.aiscr.cz/id/3894
evolucionistická archeologie,evolutionary archaeology,teater,6,https://teater.aiscr.cz/id/6
evoluční antropologie,evolutionary anthropology,teater,3895,https://teater.aiscr.cz/id/3895
evoluční genetika,evolutionary genetics,teater,580,https://teater.aiscr.cz/id/580
evoluční paleobiologie,evolutionary paleobiology,teater,327,https://teater.aiscr.cz/id/327
evropocentrismus,Eurocentrism,teater,4206,https://teater.aiscr.cz/id/4206
exarcha,Exarch,teater,3805,https://teater.aiscr.cz/id/3805
exedra,exedra,teater,1505,https://teater.aiscr.cz/id/1505
exegeze,exegesis,teater,2194,https://teater.aiscr.cz/id/2194
exkomunikace,excommunication,teater,741,https://teater.aiscr.cz/id/741
experimentální archeologie,experimental archaeology,amcr,HES-001446,https://api.aiscr.cz/id/HES-001446
expertní analýza,expert analysis,amcr,HES-000619,https://api.aiscr.cz/id/HES-000619
expertní posudek,expert report,amcr,HES-001077,https://api.aiscr.cz/id/HES-001077
expresionismus (umění),expressionism (art),teater,513,https://teater.aiscr.cz/id/513
extenzivní zemědělství,extensive agriculture,teater,3216,https://teater.aiscr.cz/id/3216
exómis,exomis,teater,2168,https://teater.aiscr.cz/id/2168
faerské ostrovy,Faroe Islands (the),amcr,HES-001336,https://api.aiscr.cz/id/HES-001336
fajáns,faience,teater,2452,https://teater.aiscr.cz/id/2452
fakelore,fakelore,teater,4244,https://teater.aiscr.cz/id/4244
faksimile,facsimile,teater,631,https://teater.aiscr.cz/id/631
faktorová analýza,factor analysis,teater,279,https://teater.aiscr.cz/id/279
falc rýnská,Palatinate,teater,2953,https://teater.aiscr.cz/id/2953
faleristika,faleristics,teater,639,https://teater.aiscr.cz/id/639
falklandy (malvíny),Falkland Islands (the) (Malvinas),amcr,HES-001227,https://api.aiscr.cz/id/HES-001227
falzifikát,forgery,teater,60,https://teater.aiscr.cz/id/60
faléra,phalera,amcr,HES-000745,https://api.aiscr.cz/id/HES-000745
fara,rectory,teater,1513,https://teater.aiscr.cz/id/1513
farnost,parish,teater,780,https://teater.aiscr.cz/id/780
farní kronika,parochial chronicle,teater,2203,https://teater.aiscr.cz/id/2203
farář,priest,teater,3098,https://teater.aiscr.cz/id/3098
farářka,woman priest,teater,3099,https://teater.aiscr.cz/id/3099
fasces,fasces,teater,2365,https://teater.aiscr.cz/id/2365
fauvismus (umění),fauvism,teater,514,https://teater.aiscr.cz/id/514
feministická geografie,feminist geography,teater,4162,https://teater.aiscr.cz/id/4162
fenomenologie náboženství,phenomenology of religion,teater,3872,https://teater.aiscr.cz/id/3872
ferrotypie,ferrotype,teater,3775,https://teater.aiscr.cz/id/3775
fetiš,fetish,teater,3792,https://teater.aiscr.cz/id/3792
fetišismus,Fetishism,teater,3791,https://teater.aiscr.cz/id/3791
feudalismus,feudalism,teater,3674,https://teater.aiscr.cz/id/3674
fialé,phiale,teater,2039,https://teater.aiscr.cz/id/2039
fidži,Fiji,amcr,HES-001337,https://api.aiscr.cz/id/HES-001337
figurální plastika,statue,teater,1817,https://teater.aiscr.cz/id/1817
filigrán (papír),watermark,teater,672,https://teater.aiscr.cz/id/672
filigrán (šperkařství),filigree (jewelry),teater,3376,https://teater.aiscr.cz/id/3376
filipíny,Philippines (the),amcr,HES-001261,https://api.aiscr.cz/id/HES-001261
filosofická antropologie,philosophical anthropology,teater,3896,https://teater.aiscr.cz/id/3896
filozofie náboženství,philosophy of religion,teater,3858,https://teater.aiscr.cz/id/3858
filozofie války,philosophy of war,teater,3536,https://teater.aiscr.cz/id/3536
finové,Finns,teater,2848,https://teater.aiscr.cz/id/2848
finsko,Finland,amcr,HES-001262,https://api.aiscr.cz/id/HES-001262
finština,Finnish,teater,2864,https://teater.aiscr.cz/id/2864
flandry,County of Flanders,teater,2954,https://teater.aiscr.cz/id/2954
florén,florin,teater,2285,https://teater.aiscr.cz/id/2285
fluviální geomorfologie,fluvial geomorphology,teater,1025,https://teater.aiscr.cz/id/1025
fluviální sediment,fluviatile sediment,teater,1002,https://teater.aiscr.cz/id/1002
foiníkie,Phoenicia,teater,4014,https://teater.aiscr.cz/id/4014
folklor,folklore,teater,540,https://teater.aiscr.cz/id/540
folklorismus,folklorismus,teater,4246,https://teater.aiscr.cz/id/4246
folklorista,folklorist,teater,4247,https://teater.aiscr.cz/id/4247
folkloristika,folkloristics,teater,4242,https://teater.aiscr.cz/id/4242
folklorní hnutí,folklore movement,teater,4248,https://teater.aiscr.cz/id/4248
folklorní repertoár,collective repertoire,teater,4249,https://teater.aiscr.cz/id/4249
folklorní slavnost,folklore festivity,teater,544,https://teater.aiscr.cz/id/544
fontána,fountain,teater,1609,https://teater.aiscr.cz/id/1609
forenzní antropologie,forensic anthropology,teater,3897,https://teater.aiscr.cz/id/3897
forma (estetika,form (aesthetics),teater,471,https://teater.aiscr.cz/id/471
forminx,phorminx,teater,1831,https://teater.aiscr.cz/id/1831
formulářová sbírka,formulary,teater,2256,https://teater.aiscr.cz/id/2256
fosfátová analýza,phosphate analysis,teater,151,https://teater.aiscr.cz/id/151
fosilie,fossil,teater,320,https://teater.aiscr.cz/id/320
fosilní hmyz,fossil insect,teater,336,https://teater.aiscr.cz/id/336
fosilní měkkýš,fossil mollusks,teater,2503,https://teater.aiscr.cz/id/2503
fosilní pyl,fossil pollen,teater,329,https://teater.aiscr.cz/id/329
fosilní savec,fossil mammal,teater,337,https://teater.aiscr.cz/id/337
fosilní spóra,fossil spore,teater,338,https://teater.aiscr.cz/id/338
fosilní červ,fossil worm,teater,335,https://teater.aiscr.cz/id/335
fosilní člověk,fossil man,teater,364,https://teater.aiscr.cz/id/364
fosilní živočich,fossil animal,teater,334,https://teater.aiscr.cz/id/334
fotografická dokumentace,photodocumentation,teater,196,https://teater.aiscr.cz/id/196
fotografie,photography,teater,461,https://teater.aiscr.cz/id/461
fotografie barevná,colour photograph,amcr,HES-000225,https://api.aiscr.cz/id/HES-000225
fotografie diapozitivy,photoslides,amcr,HES-000876,https://api.aiscr.cz/id/HES-000876
fotografie jiné/osobní,other/personal photographs,amcr,HES-000877,https://api.aiscr.cz/id/HES-000877
fotografie konzervace,photograph of conservation,amcr,HES-001097,https://api.aiscr.cz/id/HES-001097
fotografie krajiny,photograph of landscape,amcr,HES-001088,https://api.aiscr.cz/id/HES-001088
fotografie letecké (diapozitivy),aerial photoslides,amcr,HES-000880,https://api.aiscr.cz/id/HES-000880
fotografie letecké (digitální),aerial photographs (digital),amcr,HES-000872,https://api.aiscr.cz/id/HES-000872
fotografie letecké (negativy),aerial photographs (negatives),amcr,HES-000882,https://api.aiscr.cz/id/HES-000882
fotografie lokality,photograph of site,amcr,HES-001089,https://api.aiscr.cz/id/HES-001089
fotografie objektu,photograph of feature,amcr,HES-001094,https://api.aiscr.cz/id/HES-001094
fotografie osobní,photograph of person,amcr,HES-001091,https://api.aiscr.cz/id/HES-001091
fotografie pracovní,photograph of fieldwork,amcr,HES-001093,https://api.aiscr.cz/id/HES-001093
fotografie předmětu,photograph of object,amcr,HES-001095,https://api.aiscr.cz/id/HES-001095
fotografie předmětů,photographs of objects,amcr,HES-000878,https://api.aiscr.cz/id/HES-000878
fotografie předmětů (digitální),photographs of objects (digital),amcr,HES-000873,https://api.aiscr.cz/id/HES-000873
fotografie terénu,photographs of fieldwork,amcr,HES-000879,https://api.aiscr.cz/id/HES-000879
fotografie terénu (digitální),photographs of fieldwork (digital),amcr,HES-000874,https://api.aiscr.cz/id/HES-000874
fotografie události,photograph of event,amcr,HES-001092,https://api.aiscr.cz/id/HES-001092
fotografie výzkumu/sondy,photograph of excavation/trench,amcr,HES-001090,https://api.aiscr.cz/id/HES-001090
fotografie černobílá,black-and-white photograph,amcr,HES-000223,https://api.aiscr.cz/id/HES-000223
fotoplán,photogrammetric plan,amcr,HES-000224,https://api.aiscr.cz/id/HES-000224
fragmentarizace (archeologická transformace),fragmentarization (archaeological transformation),teater,64,https://teater.aiscr.cz/id/64
fragmenty rukopisů,manuscript fragments,teater,657,https://teater.aiscr.cz/id/657
fraktura (písmo),black letter,teater,3581,https://teater.aiscr.cz/id/3581
francie,France,amcr,HES-001349,https://api.aiscr.cz/id/HES-001349
francouzská guyana,French Guiana,amcr,HES-001404,https://api.aiscr.cz/id/HES-001404
francouzská jižní a antarktická území,French Southern Territories (the),amcr,HES-001228,https://api.aiscr.cz/id/HES-001228
francouzská polynésie,French Polynesia,amcr,HES-001399,https://api.aiscr.cz/id/HES-001399
francouzština,French,amcr,HES-000170,https://api.aiscr.cz/id/HES-000170
frankové,Franks,teater,2601,https://teater.aiscr.cz/id/2601
franky,Franconia,teater,2955,https://teater.aiscr.cz/id/2955
franská říše,Francia,teater,2956,https://teater.aiscr.cz/id/2956
františkáni,Franciscans,teater,3145,https://teater.aiscr.cz/id/3145
františkánská spiritualita,Franciscan spirituality,teater,810,https://teater.aiscr.cz/id/810
františkánský klášter,Franciscan monastery,teater,1364,https://teater.aiscr.cz/id/1364
freska,frescoe,teater,1824,https://teater.aiscr.cz/id/1824
frísko,Friesland,teater,2964,https://teater.aiscr.cz/id/2964
frísové,Frisians,teater,2602,https://teater.aiscr.cz/id/2602
fríština,Frisian language,teater,2617,https://teater.aiscr.cz/id/2617
frýgie,Phrygia,teater,4016,https://teater.aiscr.cz/id/4016
frýgové,Phrygians,teater,3916,https://teater.aiscr.cz/id/3916
funkce (města),function (town),teater,1387,https://teater.aiscr.cz/id/1387
funkce řádů,function of the orders,teater,3133,https://teater.aiscr.cz/id/3133
funkcionalistická antropologie,functionalist anthropology,teater,3898,https://teater.aiscr.cz/id/3898
funkčně nespecifikovaný předmět,unassigned,teater,1954,https://teater.aiscr.cz/id/1954
funkčně neurčený předmět,object of unspecified function,amcr,HES-000846,https://api.aiscr.cz/id/HES-000846
furlandsko,Friuli,teater,2965,https://teater.aiscr.cz/id/2965
futurismus (umění),futurism (art),teater,515,https://teater.aiscr.cz/id/515
fylogeografie,phylogeography,teater,880,https://teater.aiscr.cz/id/880
fytolit,phytolith,teater,298,https://teater.aiscr.cz/id/298
fytolitová analýza,phytological analysis,amcr,HES-000612,https://api.aiscr.cz/id/HES-000612
fyzickogeografické podmínky,physical-geographical conditions,teater,4128,https://teater.aiscr.cz/id/4128
fyzická antropologie,physical anthropology,teater,395,https://teater.aiscr.cz/id/395
fyzická geografie,physical geography,teater,883,https://teater.aiscr.cz/id/883
féničané,Phoenicians,teater,3915,https://teater.aiscr.cz/id/3915
fókis,Phocis,teater,4015,https://teater.aiscr.cz/id/4015
fórum,forum,teater,1470,https://teater.aiscr.cz/id/1470
gabon,Gabon,amcr,HES-001400,https://api.aiscr.cz/id/HES-001400
gaelština,Gaelic,teater,2667,https://teater.aiscr.cz/id/2667
galacie,Galatia,teater,4017,https://teater.aiscr.cz/id/4017
galatové,Galatians,teater,3935,https://teater.aiscr.cz/id/3935
galerijní pedagogika,gallery education,teater,482,https://teater.aiscr.cz/id/482
galicie,Galicia,teater,2966,https://teater.aiscr.cz/id/2966
galie,Gaul,teater,2967,https://teater.aiscr.cz/id/2967
galileo (navigační systém),Galileo (navigation system),teater,129,https://teater.aiscr.cz/id/129
galo-románi,Gallo-Romans,teater,2678,https://teater.aiscr.cz/id/2678
galorománská kultura,Gallo-Roman culture,teater,2648,https://teater.aiscr.cz/id/2648
galové,Gauls,teater,2679,https://teater.aiscr.cz/id/2679
galské císařství,Gallic Empire,teater,4018,https://teater.aiscr.cz/id/4018
galské války (58-51 př. kr.),Gallic War,teater,3092,https://teater.aiscr.cz/id/3092
gambie,Gambia (the),amcr,HES-001256,https://api.aiscr.cz/id/HES-001256
gandhára (pákistán a afghánistán),Gandhara,teater,4019,https://teater.aiscr.cz/id/4019
garum,garum,teater,2409,https://teater.aiscr.cz/id/2409
gaskoňsko,Gascony,teater,2968,https://teater.aiscr.cz/id/2968
gatekeeper,gatekeeper,teater,4303,https://teater.aiscr.cz/id/4303
gem,gemstone,teater,2381,https://teater.aiscr.cz/id/2381
gemma,gem,amcr,HES-000731,https://api.aiscr.cz/id/HES-000731
genealogie,genealogy,teater,640,https://teater.aiscr.cz/id/640
genesis,Book of Genesis,teater,3806,https://teater.aiscr.cz/id/3806
genetika,genetics,teater,573,https://teater.aiscr.cz/id/573
genetika rostlin,plant genetics,teater,577,https://teater.aiscr.cz/id/577
genetika člověka,human genetics,teater,576,https://teater.aiscr.cz/id/576
genetika živočichů,animal genetics,teater,578,https://teater.aiscr.cz/id/578
genius loci,genius loci,teater,4124,https://teater.aiscr.cz/id/4124
geoarcheologická analýza,geoarchaeological analysis,teater,153,https://teater.aiscr.cz/id/153
geoarcheologie,geoarchaeology,amcr,HES-000613,https://api.aiscr.cz/id/HES-000613
geochemická metoda,geochemical prospecting method,teater,138,https://teater.aiscr.cz/id/138
geochemický průzkum,geochemical survey,amcr,HES-001047,https://api.aiscr.cz/id/HES-001047
geochemie,geochemistry,amcr,HES-000615,https://api.aiscr.cz/id/HES-000615
geochronologie,geochronology,amcr,HES-001442,https://api.aiscr.cz/id/HES-001442
geodetické měření,geodetic measurement,teater,934,https://teater.aiscr.cz/id/934
geodetický průzkum,geodetic survey,amcr,HES-001141,https://api.aiscr.cz/id/HES-001141
geodetický přístroj,geodetical instrument,teater,935,https://teater.aiscr.cz/id/935
geodezie,geodesy,teater,933,https://teater.aiscr.cz/id/933
geoelektrický průzkum,electric prospecting,teater,133,https://teater.aiscr.cz/id/133
geofyzika,geophysics,amcr,HES-000614,https://api.aiscr.cz/id/HES-000614
geofyzikální informace,geophysical information,teater,937,https://teater.aiscr.cz/id/937
geofyzikální průzkum,geophysical survey,amcr,HES-001046,https://api.aiscr.cz/id/HES-001046
geografická data,geographical data,teater,864,https://teater.aiscr.cz/id/864
geografická databáze,geographical database,teater,865,https://teater.aiscr.cz/id/865
geografická kartografie,geographical cartography,teater,887,https://teater.aiscr.cz/id/887
geografické informace,geographical information,teater,866,https://teater.aiscr.cz/id/866
geografické informační systémy,geographic information systems,teater,197,https://teater.aiscr.cz/id/197
geografické jméno,geographical name,teater,616,https://teater.aiscr.cz/id/616
geografické myšlení,geographic thinking,teater,4161,https://teater.aiscr.cz/id/4161
geografické členění slovanů,geographical division of the Slavs,teater,2809,https://teater.aiscr.cz/id/2809
geografický prostor,geographical space,teater,868,https://teater.aiscr.cz/id/868
geografický realismus,realistic geography,teater,4164,https://teater.aiscr.cz/id/4164
geografie,geography,teater,851,https://teater.aiscr.cz/id/851
geografie krajiny,landscape geography,teater,852,https://teater.aiscr.cz/id/852
geografie náboženství,geography of religion,teater,898,https://teater.aiscr.cz/id/898
geografie obchodu,trade geography,teater,899,https://teater.aiscr.cz/id/899
geografie obyvatelstva,population geography,teater,900,https://teater.aiscr.cz/id/900
geologická doba,geological era,teater,1051,https://teater.aiscr.cz/id/1051
geologická kartografie,geological cartography,teater,915,https://teater.aiscr.cz/id/915
geologická katastrofa,geological disaster,teater,925,https://teater.aiscr.cz/id/925
geologická mapa,geological map,teater,917,https://teater.aiscr.cz/id/917
geologická sbírka,geological collection,teater,226,https://teater.aiscr.cz/id/226
geologická sonda,geological trench,amcr,HES-001145,https://api.aiscr.cz/id/HES-001145
geologická vrstva,geological layer,teater,1750,https://teater.aiscr.cz/id/1750
geologická/přirozená vrstva,natural/geological layer,amcr,HES-000455,https://api.aiscr.cz/id/HES-000455
geologické informace,geological information,teater,924,https://teater.aiscr.cz/id/924
geologické mapování,geological mapping,teater,916,https://teater.aiscr.cz/id/916
geologické těleso,geologic body,teater,923,https://teater.aiscr.cz/id/923
geologický průzkum,geological survey,teater,918,https://teater.aiscr.cz/id/918
geologický vrt,geological core sample,amcr,HES-001144,https://api.aiscr.cz/id/HES-001144
geologický vývoj země,geological history of the Earth,teater,948,https://teater.aiscr.cz/id/948
geologický výzkum,geological research,teater,919,https://teater.aiscr.cz/id/919
geologie,geology,teater,913,https://teater.aiscr.cz/id/913
geomagnetismus,geomagnetism,teater,938,https://teater.aiscr.cz/id/938
geomancie,geomancy,teater,3852,https://teater.aiscr.cz/id/3852
geomikrobiologie,geomicrobiology,teater,950,https://teater.aiscr.cz/id/950
geomorfologický útvar,geomorphological feature,teater,954,https://teater.aiscr.cz/id/954
geomorfologie,geomorphology,amcr,HES-001443,https://api.aiscr.cz/id/HES-001443
georadar,ground-penetrating radar,teater,940,https://teater.aiscr.cz/id/940
geosféra,geosphere,teater,926,https://teater.aiscr.cz/id/926
gepidové,Gepids,teater,2603,https://teater.aiscr.cz/id/2603
geranos,mechane,teater,2095,https://teater.aiscr.cz/id/2095
germáni,Germanic people,teater,2595,https://teater.aiscr.cz/id/2595
germánie,Germania,teater,2969,https://teater.aiscr.cz/id/2969
germánská archeologie,Germanic archeology,teater,45,https://teater.aiscr.cz/id/45
germánská kultura,Germanic culture,teater,2623,https://teater.aiscr.cz/id/2623
germánská magie,Germanic magic,teater,2625,https://teater.aiscr.cz/id/2625
germánská mytologie,Germanic mythology,teater,2626,https://teater.aiscr.cz/id/2626
germánské jazyky,Germanic languages,teater,2616,https://teater.aiscr.cz/id/2616
germánské kmeny,Germanic tribes,teater,2596,https://teater.aiscr.cz/id/2596
germánské náboženství,Germanic religion,teater,2627,https://teater.aiscr.cz/id/2627
gerontokracie,gerontocracy,teater,3675,https://teater.aiscr.cz/id/3675
ghana,Ghana,amcr,HES-001242,https://api.aiscr.cz/id/HES-001242
gibraltar,Gibraltar,amcr,HES-001264,https://api.aiscr.cz/id/HES-001264
gibraltarský průliv (oblast),Strait of Gibraltar,teater,4020,https://teater.aiscr.cz/id/4020
gilbertini,Gilbertines,teater,3146,https://teater.aiscr.cz/id/3146
glaciologie,glaciology,teater,963,https://teater.aiscr.cz/id/963
glaciální relikt,glacial relict,teater,4130,https://teater.aiscr.cz/id/4130
glaciální sedimentace,glacial deposition,teater,1003,https://teater.aiscr.cz/id/1003
gladiátor,gladiator,teater,2769,https://teater.aiscr.cz/id/2769
gladiátorské hry,gladiatorial games,teater,2768,https://teater.aiscr.cz/id/2768
glazovaná keramika,glazed ceramic ware,teater,3277,https://teater.aiscr.cz/id/3277
globalizace,globalisation,teater,4140,https://teater.aiscr.cz/id/4140
globální oteplování,global warming,teater,4126,https://teater.aiscr.cz/id/4126
glosář,glossary,teater,2195,https://teater.aiscr.cz/id/2195
glottochronologie,glottochronology,teater,621,https://teater.aiscr.cz/id/621
gnosticismus,gnosticism,teater,3842,https://teater.aiscr.cz/id/3842
gnóze,gnosis,teater,3843,https://teater.aiscr.cz/id/3843
gombík,spherical button,amcr,HES-000693,https://api.aiscr.cz/id/HES-000693
gorice a gradiška,Gorizia and Gradisca,teater,2970,https://teater.aiscr.cz/id/2970
gotická architektura,gothic architecture,teater,435,https://teater.aiscr.cz/id/435
gotická desková malba,gothic panel painting,teater,1852,https://teater.aiscr.cz/id/1852
gotická nástěnná malba,gothic mural painting,teater,1867,https://teater.aiscr.cz/id/1867
gotické malířství,gothic painting,teater,443,https://teater.aiscr.cz/id/443
gotické sochařství,gothic sculpture,teater,450,https://teater.aiscr.cz/id/450
gotické umění,gothic art,teater,505,https://teater.aiscr.cz/id/505
gotický oltář,gothic altar,teater,1725,https://teater.aiscr.cz/id/1725
gotický portál,gothic doorway,teater,1598,https://teater.aiscr.cz/id/1598
gps (navigační systém),global positioning system,teater,130,https://teater.aiscr.cz/id/130
graduál,gradual,teater,2225,https://teater.aiscr.cz/id/2225
graffito,graffiti,teater,1825,https://teater.aiscr.cz/id/1825
grafická technika,printmaking techniques,teater,462,https://teater.aiscr.cz/id/462
grafik,printmaker,teater,493,https://teater.aiscr.cz/id/493
grafit,graphite,amcr,HES-000924,https://api.aiscr.cz/id/HES-000924
grafička,printmaker (female),teater,498,https://teater.aiscr.cz/id/498
granada,Granada,teater,2971,https://teater.aiscr.cz/id/2971
granulace,granulation,teater,3377,https://teater.aiscr.cz/id/3377
gravettien,Gravettian,amcr,HES-000311,https://api.aiscr.cz/id/HES-000311
gravimetrie,gravimetry,teater,134,https://teater.aiscr.cz/id/134
gregoriánský kalendář,Gregorian calendar,teater,647,https://teater.aiscr.cz/id/647
grenada,Grenada,amcr,HES-001265,https://api.aiscr.cz/id/HES-001265
grešle,groschen,teater,2286,https://teater.aiscr.cz/id/2286
groma,groma,teater,2096,https://teater.aiscr.cz/id/2096
groteska (malba),grotesque (painting),teater,1868,https://teater.aiscr.cz/id/1868
grotta,grotto,teater,1683,https://teater.aiscr.cz/id/1683
gruzie,Georgia,amcr,HES-001391,https://api.aiscr.cz/id/HES-001391
gruzínské písmo,Georgian script,teater,3573,https://teater.aiscr.cz/id/3573
grónsko,Greenland,amcr,HES-001266,https://api.aiscr.cz/id/HES-001266
guadeloupe,Guadeloupe,amcr,HES-001203,https://api.aiscr.cz/id/HES-001203
guam,Guam,amcr,HES-001217,https://api.aiscr.cz/id/HES-001217
guatemala,Guatemala,amcr,HES-001218,https://api.aiscr.cz/id/HES-001218
guernsey,Guernsey,amcr,HES-001301,https://api.aiscr.cz/id/HES-001301
guinea,Guinea,amcr,HES-001219,https://api.aiscr.cz/id/HES-001219
guinea-bissau,Guinea-Bissau,amcr,HES-001302,https://api.aiscr.cz/id/HES-001302
guttae,guttae,teater,1798,https://teater.aiscr.cz/id/1798
guyana,Guyana,amcr,HES-001401,https://api.aiscr.cz/id/HES-001401
gymnasion,gymnasium,teater,1514,https://teater.aiscr.cz/id/1514
gávská kultura,Gáva culture,teater,1181,https://teater.aiscr.cz/id/1181
gétové,Getae,teater,2629,https://teater.aiscr.cz/id/2629
gótové,Goths,teater,2604,https://teater.aiscr.cz/id/2604
gótština,Gothic language,teater,2619,https://teater.aiscr.cz/id/2619
habsburkové,House of Habsburg,teater,3079,https://teater.aiscr.cz/id/3079
habáni,Habans,teater,3812,https://teater.aiscr.cz/id/3812
habánská fajáns,Haban faience,teater,2453,https://teater.aiscr.cz/id/2453
hadriánův val,Hadrian's Wall,teater,2794,https://teater.aiscr.cz/id/2794
had–lta,HaD–LtA,amcr,HES-001486,https://api.aiscr.cz/id/HES-001486
haeduové,Haedui,teater,3936,https://teater.aiscr.cz/id/3936
hagiografie,hagiography,teater,2226,https://teater.aiscr.cz/id/2226
haiti,Haiti,amcr,HES-001214,https://api.aiscr.cz/id/HES-001214
halič,Galicia,teater,2972,https://teater.aiscr.cz/id/2972
haličsko-volyňské knížectví,Kingdom of Galicia–Volhynia,teater,2973,https://teater.aiscr.cz/id/2973
haltýř,spring house,amcr,HES-000478,https://api.aiscr.cz/id/HES-000478
halštatská kultura,Hallstatt culture,teater,1209,https://teater.aiscr.cz/id/1209
halštatská mohylová kultura,Hallstatt Tumulus Culture,amcr,HES-000332,https://api.aiscr.cz/id/HES-000332
hamr,hammer mill,amcr,HES-000545,https://api.aiscr.cz/id/HES-000545
happening (umění),happening (art),teater,463,https://teater.aiscr.cz/id/463
harfa,harp,teater,1832,https://teater.aiscr.cz/id/1832
harpuna,harpoon,teater,1988,https://teater.aiscr.cz/id/1988
hatvanská kultura,Hatvan Culture,amcr,HES-000320,https://api.aiscr.cz/id/HES-000320
havárie/stavební narušení,accident/building disruption,amcr,HES-000597,https://api.aiscr.cz/id/HES-000597
hať,corduroy road,amcr,HES-000521,https://api.aiscr.cz/id/HES-000521
heardův ostrov a macdonaldovy ostrovy,Heard Island and McDonald Islands,amcr,HES-001275,https://api.aiscr.cz/id/HES-001275
hebrejské písmo,Hebrew script,teater,3574,https://teater.aiscr.cz/id/3574
hedvábná cesta (obchodní stezka),Silk Road,teater,2974,https://teater.aiscr.cz/id/2974
hedvábí,silk,teater,2446,https://teater.aiscr.cz/id/2446
hekatompedon,hekatompedon temple,teater,1309,https://teater.aiscr.cz/id/1309
helladská kultura,Helladic period,teater,1152,https://teater.aiscr.cz/id/1152
hellas,Hellas,teater,4021,https://teater.aiscr.cz/id/4021
helvetiové,Helvetii,teater,3937,https://teater.aiscr.cz/id/3937
helvetská konfese,Helvetic Confession,teater,737,https://teater.aiscr.cz/id/737
helénismus,Hellenism,teater,2727,https://teater.aiscr.cz/id/2727
helénistické náboženství,Hellenistic religion,teater,2729,https://teater.aiscr.cz/id/2729
helénská mytologie,Hellenistic mythology,teater,2728,https://teater.aiscr.cz/id/2728
helénští bohové,Hellenistic gods,teater,2730,https://teater.aiscr.cz/id/2730
heraldika,heraldry,teater,642,https://teater.aiscr.cz/id/642
hercynský les,Hercynian Forest,teater,4022,https://teater.aiscr.cz/id/4022
heretik,heretic,teater,704,https://teater.aiscr.cz/id/704
hereze,heresy,teater,695,https://teater.aiscr.cz/id/695
hermovka,herma,teater,1890,https://teater.aiscr.cz/id/1890
hermunduři,Hermunduri,teater,3918,https://teater.aiscr.cz/id/3918
herní předmět,game equipment,amcr,HES-000681,https://api.aiscr.cz/id/HES-000681
herulové,Heruli,teater,2607,https://teater.aiscr.cz/id/2607
hesensko,Hesse,teater,2975,https://teater.aiscr.cz/id/2975
heterodoxie,heterodoxy,teater,3794,https://teater.aiscr.cz/id/3794
heuristika,heuristic,teater,90,https://teater.aiscr.cz/id/90
hieratické písmo,hieratic script,teater,3575,https://teater.aiscr.cz/id/3575
hieroglyfy,hieroglyphics,teater,3576,https://teater.aiscr.cz/id/3576
himation,himation,teater,2169,https://teater.aiscr.cz/id/2169
hinduismus,Hinduism,teater,823,https://teater.aiscr.cz/id/823
hipodrom,hippodrome,teater,1516,https://teater.aiscr.cz/id/1516
hispánie,Hispania,teater,2976,https://teater.aiscr.cz/id/2976
historická antropologie,historical antropology,teater,396,https://teater.aiscr.cz/id/396
historická archeologie,historical archaeology,teater,46,https://teater.aiscr.cz/id/46
historická budova/komplex,historical building/complex,amcr,HES-001457,https://api.aiscr.cz/id/HES-001457
historická chronologie,historical chronology,teater,646,https://teater.aiscr.cz/id/646
historická demografie,historical demography,teater,426,https://teater.aiscr.cz/id/426
historická geografie,historical geography,teater,888,https://teater.aiscr.cz/id/888
historická geologie,historical geology,teater,964,https://teater.aiscr.cz/id/964
historická hydrologie,historical hydrology,teater,1026,https://teater.aiscr.cz/id/1026
historická kartografie,historical cartography,teater,1029,https://teater.aiscr.cz/id/1029
historická keramika,historical pottery,teater,2459,https://teater.aiscr.cz/id/2459
historická lingvistika,historical linguistics,teater,617,https://teater.aiscr.cz/id/617
historické muzeum,historical museum,teater,245,https://teater.aiscr.cz/id/245
historické oblasti a státní útvary,historical regions and state departments,teater,2900,https://teater.aiscr.cz/id/2900
historický místopis,historical topography,teater,889,https://teater.aiscr.cz/id/889
historický pramen,historical source,teater,598,https://teater.aiscr.cz/id/598
historiografická periodizace,historiographic periodization,teater,1257,https://teater.aiscr.cz/id/1257
historiografie,historiography,teater,583,https://teater.aiscr.cz/id/583
historiografie umění,art historiography,teater,483,https://teater.aiscr.cz/id/483
historismus,historicism,teater,3741,https://teater.aiscr.cz/id/3741
hladítko,smoother,amcr,HES-000825,https://api.aiscr.cz/id/HES-000825
hlaholice,Glagolitic alphabet,teater,3577,https://teater.aiscr.cz/id/3577
hlaholské nápisy,Glagolitic inscriptions,teater,2825,https://teater.aiscr.cz/id/2825
hlasatelská berla,caduceus,teater,2369,https://teater.aiscr.cz/id/2369
hlavní město,capital city,teater,1388,https://teater.aiscr.cz/id/1388
hliník,clay pit,amcr,HES-000512,https://api.aiscr.cz/id/HES-000512
hliněná destička,clay tablet,teater,2532,https://teater.aiscr.cz/id/2532
hlubinný důl,underground mine,teater,1461,https://teater.aiscr.cz/id/1461
hlubokomořská rovina,abyssal plain,teater,4131,https://teater.aiscr.cz/id/4131
hlučínsko,Hlučín Region,teater,3037,https://teater.aiscr.cz/id/3037
hlušina,gangue,teater,1938,https://teater.aiscr.cz/id/1938
hlášení,brief report,amcr,HES-001080,https://api.aiscr.cz/id/HES-001080
hlína,clay,amcr,HES-000925,https://api.aiscr.cz/id/HES-000925
hmotnostní spektrometrie,mass spectrometry,teater,180,https://teater.aiscr.cz/id/180
hmotnostní spektrometrie s indukčně vázaným plazmatem,inductively coupled plasma mass spectrometry,teater,181,https://teater.aiscr.cz/id/181
hmotnostní spektrometrie s indukčně vázaným plazmatem a laserovou ablací,inductively coupled plasma mass spectrometry with laser ablation,teater,182,https://teater.aiscr.cz/id/182
hmotný pramen,Material Source,teater,3724,https://teater.aiscr.cz/id/3724
hodina,hour,teater,2099,https://teater.aiscr.cz/id/2099
hodinky (modlitební knihy),books of hours,teater,2227,https://teater.aiscr.cz/id/2227
hodiny,clock,teater,2098,https://teater.aiscr.cz/id/2098
hodinář,watchmaker,teater,3259,https://teater.aiscr.cz/id/3259
hodinářství,watch making,teater,3258,https://teater.aiscr.cz/id/3258
hodometr,hodometron,teater,2100,https://teater.aiscr.cz/id/2100
holocén,holocene,teater,1063,https://teater.aiscr.cz/id/1063
holštýnsko,Holstein,teater,2977,https://teater.aiscr.cz/id/2977
homeopatická magie,Homeopathic magic,teater,3845,https://teater.aiscr.cz/id/3845
homo antecessor,Homo antecessor,teater,3883,https://teater.aiscr.cz/id/3883
homo erectus,Homo erectus,teater,367,https://teater.aiscr.cz/id/367
homo ergaster,Homo ergaster,teater,3884,https://teater.aiscr.cz/id/3884
homo habilis,Homo habilis,teater,368,https://teater.aiscr.cz/id/368
homo heidelbergensis,Homo heidelbergensis,teater,369,https://teater.aiscr.cz/id/369
homo naledi,Homo naledi,teater,370,https://teater.aiscr.cz/id/370
homo neanderthalensis,Homo neanderthalensis,teater,366,https://teater.aiscr.cz/id/366
homo sapiens,Homo sapiens,teater,371,https://teater.aiscr.cz/id/371
honduras,Honduras,amcr,HES-001276,https://api.aiscr.cz/id/HES-001276
hongkong,Hong Kong,amcr,HES-001277,https://api.aiscr.cz/id/HES-001277
horizont (archeologie),horizon (archaeology),teater,69,https://teater.aiscr.cz/id/69
horizont osídlení,settlement layer,teater,1751,https://teater.aiscr.cz/id/1751
horizontální stratigrafie,horizontal stratigraphy,teater,193,https://teater.aiscr.cz/id/193
hornická geologie,mining geology,teater,965,https://teater.aiscr.cz/id/965
hornické muzeum,mining museum,teater,246,https://teater.aiscr.cz/id/246
hornické sídliště,mineworkers´ settlement,teater,1448,https://teater.aiscr.cz/id/1448
hornictví,mining,teater,3448,https://teater.aiscr.cz/id/3448
hornina,rock,teater,992,https://teater.aiscr.cz/id/992
horninotvorný minerál,rock-forming mineral,teater,973,https://teater.aiscr.cz/id/973
hornodunajská popelnicová pole,Upper Danube Urnfield culture,teater,1177,https://teater.aiscr.cz/id/1177
horní falc,Upper Palatinate,teater,2978,https://teater.aiscr.cz/id/2978
horní město,mining town,teater,1389,https://teater.aiscr.cz/id/1389
horní právo,mining law,teater,3610,https://teater.aiscr.cz/id/3610
horní rakousko,Upper Austria,teater,2979,https://teater.aiscr.cz/id/2979
horní regál,Bergregal,teater,3611,https://teater.aiscr.cz/id/3611
horní slezsko,Upper Silesia,teater,3038,https://teater.aiscr.cz/id/3038
horník,miner,teater,3484,https://teater.aiscr.cz/id/3484
horská silnice,mountain road,teater,1417,https://teater.aiscr.cz/id/1417
horákovská kultura,Horákov Culture,amcr,HES-000307,https://api.aiscr.cz/id/HES-000307
hospodářská budova,farm building,teater,1517,https://teater.aiscr.cz/id/1517
hospodářská písemnost,business document,teater,600,https://teater.aiscr.cz/id/600
hospodářské dějiny,economic history,teater,590,https://teater.aiscr.cz/id/590
hospodářské poměry,economic conditions,teater,14,https://teater.aiscr.cz/id/14
hostinec,inn,teater,1518,https://teater.aiscr.cz/id/1518
hovorová baskičtina,colloquial Basque,teater,2586,https://teater.aiscr.cz/id/2586
hovorová bretonština,colloquial Breton,teater,2666,https://teater.aiscr.cz/id/2666
hovorová irština,colloquial Irish,teater,2669,https://teater.aiscr.cz/id/2669
hovorová mongolština,colloquial Mongolian,teater,2703,https://teater.aiscr.cz/id/2703
hovorová velština,colloquial Welsh,teater,2675,https://teater.aiscr.cz/id/2675
hrací kamen,gaming piece,teater,1965,https://teater.aiscr.cz/id/1965
hrací kostka,dice,amcr,HES-000696,https://api.aiscr.cz/id/HES-000696
hrací kámen,game piece,amcr,HES-000684,https://api.aiscr.cz/id/HES-000684
hrad,castle,amcr,HES-000015,https://api.aiscr.cz/id/HES-000015
hradba,defensive wall,amcr,HES-000530,https://api.aiscr.cz/id/HES-000530
hradiště,hillfort,amcr,HES-000072,https://api.aiscr.cz/id/HES-000072
hradní architektura,castle architecture,teater,1430,https://teater.aiscr.cz/id/1430
hraniční obory,cross-bordering disciplines,teater,289,https://teater.aiscr.cz/id/289
hrazené sídliště,enclosed settlement,amcr,HES-000064,https://api.aiscr.cz/id/HES-000064
hrazený areál,enclosure,amcr,HES-000071,https://api.aiscr.cz/id/HES-000071
hračka,toy,teater,1966,https://teater.aiscr.cz/id/1966
hrnec,pot,amcr,HES-000768,https://api.aiscr.cz/id/HES-000768
hrnčíř,potter,teater,3261,https://teater.aiscr.cz/id/3261
hrnčířská pec,pottery kiln,teater,1692,https://teater.aiscr.cz/id/1692
hrnčířská značka,factory mark,teater,3262,https://teater.aiscr.cz/id/3262
hrnčířský kruh,potters wheel,teater,2101,https://teater.aiscr.cz/id/2101
hrnčířský výrobek,pottery product,teater,3263,https://teater.aiscr.cz/id/3263
hrnčířství,potteries,teater,3260,https://teater.aiscr.cz/id/3260
hrob,grave,amcr,HES-000427,https://api.aiscr.cz/id/HES-000427
hrob komorový,chamber grave,amcr,HES-000428,https://api.aiscr.cz/id/HES-000428
hrob skříňkový,cist grave,amcr,HES-000429,https://api.aiscr.cz/id/HES-000429
hrobka,tomb,amcr,HES-000430,https://api.aiscr.cz/id/HES-000430
hrot,point,teater,1958,https://teater.aiscr.cz/id/1958
hrot kopí,spearhead,teater,1989,https://teater.aiscr.cz/id/1989
hrot oštěpu,spearhead,teater,1990,https://teater.aiscr.cz/id/1990
hrot šipky,crossbow bolt,teater,1991,https://teater.aiscr.cz/id/1991
hrot šípu,arrowhead,teater,1992,https://teater.aiscr.cz/id/1992
hrot/hák,spike/hook,amcr,HES-000783,https://api.aiscr.cz/id/HES-000783
hrádek,fortified manor,teater,1428,https://teater.aiscr.cz/id/1428
hráz,embankment/dam,amcr,HES-000493,https://api.aiscr.cz/id/HES-000493
hrázděná stavba,half-timbered building,teater,2556,https://teater.aiscr.cz/id/2556
hudební folklor,musical folklore,teater,4251,https://teater.aiscr.cz/id/4251
hudební nástroj,musical instrument,amcr,HES-000749,https://api.aiscr.cz/id/HES-000749
humanistická geografie,human geography,teater,4163,https://teater.aiscr.cz/id/4163
humanistické písmo,humanistic script,teater,3582,https://teater.aiscr.cz/id/3582
hunové,Huns,teater,2630,https://teater.aiscr.cz/id/2630
hunská říše,Hunnic Empire,teater,2980,https://teater.aiscr.cz/id/2980
husitská liturgie,Hussite liturgy,teater,759,https://teater.aiscr.cz/id/759
husitství,Hussitism,teater,705,https://teater.aiscr.cz/id/705
hutnická pec,iron-smelting furnace,teater,1693,https://teater.aiscr.cz/id/1693
hutník,smelterman,teater,3330,https://teater.aiscr.cz/id/3330
hyberni,Irish Franciscans,teater,3147,https://teater.aiscr.cz/id/3147
hydria,hydria,teater,2041,https://teater.aiscr.cz/id/2041
hydrogeografie,hydrogeography,teater,884,https://teater.aiscr.cz/id/884
hydrogeologie,hydrogeology,teater,966,https://teater.aiscr.cz/id/966
hydrologická mapa,hydrological map,teater,1011,https://teater.aiscr.cz/id/1011
hydrologický model,hydrological model,teater,1012,https://teater.aiscr.cz/id/1012
hydrologie,hydrology,teater,1009,https://teater.aiscr.cz/id/1009
hydrometrie,hydrometry,teater,1027,https://teater.aiscr.cz/id/1027
hydrosféra,hydrosphere,teater,1014,https://teater.aiscr.cz/id/1014
hádanka,riddle,teater,4281,https://teater.aiscr.cz/id/4281
hák,hook,teater,1957,https://teater.aiscr.cz/id/1957
héróon,heroon,teater,1310,https://teater.aiscr.cz/id/1310
hřbitov,cemetery,teater,1408,https://teater.aiscr.cz/id/1408
hřbitovní kaple,cemetery chapel,teater,1330,https://teater.aiscr.cz/id/1330
hřeb,spike,teater,2342,https://teater.aiscr.cz/id/2342
hřeb/hřebík/nýt,nail/rivet,amcr,HES-000679,https://api.aiscr.cz/id/HES-000679
hřeben,comb,amcr,HES-000826,https://api.aiscr.cz/id/HES-000826
hřebík,nail,teater,2341,https://teater.aiscr.cz/id/2341
hřivna,ingot,amcr,HES-000829,https://api.aiscr.cz/id/HES-000829
ianus quadrifrons,Arch of Janus,teater,1521,https://teater.aiscr.cz/id/1521
iberorománština,Ibero-Romance,teater,2633,https://teater.aiscr.cz/id/2633
iberové,Iberians,teater,2632,https://teater.aiscr.cz/id/2632
iberská kultura,Iberian civilization,teater,2634,https://teater.aiscr.cz/id/2634
iberština,Iberian,teater,2635,https://teater.aiscr.cz/id/2635
identita,identity,teater,4208,https://teater.aiscr.cz/id/4208
idól,idol,teater,1819,https://teater.aiscr.cz/id/1819
ignaciánská spiritualita,Ignatian spirituality,teater,811,https://teater.aiscr.cz/id/811
ikona,icon,teater,1855,https://teater.aiscr.cz/id/1855
ikonografie,iconography,teater,454,https://teater.aiscr.cz/id/454
ikonoklasmus,iconoclasm,teater,707,https://teater.aiscr.cz/id/707
ikonologie,iconology,teater,455,https://teater.aiscr.cz/id/455
iliacae tabulae,Tabula Iliaca,teater,1882,https://teater.aiscr.cz/id/1882
iluminace prvotisků,illumination of incunabula,teater,3285,https://teater.aiscr.cz/id/3285
iluminace rukopisu,illumination of manuscript,teater,658,https://teater.aiscr.cz/id/658
iluminace rukopisů,illumination of manuscripts,teater,3286,https://teater.aiscr.cz/id/3286
iluminátor,illuminator,teater,3287,https://teater.aiscr.cz/id/3287
iluminátorka,woman illuminator,teater,3288,https://teater.aiscr.cz/id/3288
ilustrace,illustration,teater,3284,https://teater.aiscr.cz/id/3284
ilustrátor,illustrator,teater,3289,https://teater.aiscr.cz/id/3289
ilustrátorka,woman illustrator,teater,3290,https://teater.aiscr.cz/id/3290
ilyrové,Illyrians,teater,2637,https://teater.aiscr.cz/id/2637
ilyrská literatura,Illyrian literatur,teater,2638,https://teater.aiscr.cz/id/2638
ilyrské etnika a kmeny,Illyrian ethnic groups and tribes,teater,3928,https://teater.aiscr.cz/id/3928
ilyrské provincie,Illyrian Provinces,teater,2984,https://teater.aiscr.cz/id/2984
ilyrština,ancient Illyrian,teater,2639,https://teater.aiscr.cz/id/2639
ilýrie,Illyria,teater,2983,https://teater.aiscr.cz/id/2983
imaginativní geografie,imaginative geography,teater,4150,https://teater.aiscr.cz/id/4150
impluvium,impluvium,teater,1506,https://teater.aiscr.cz/id/1506
import,import,teater,70,https://teater.aiscr.cz/id/70
impresionismus,impressionism,teater,3765,https://teater.aiscr.cz/id/3765
improvizace,improvisation,teater,4253,https://teater.aiscr.cz/id/4253
in antis,distyle in antis,teater,1311,https://teater.aiscr.cz/id/1311
indie,India,amcr,HES-001340,https://api.aiscr.cz/id/HES-001340
indo-evropská mytologie,Indo-European mythology,teater,2642,https://teater.aiscr.cz/id/2642
indoevropané,Indo-Europeans,teater,2640,https://teater.aiscr.cz/id/2640
indoevropské jazyky,Indo-European languages,teater,2641,https://teater.aiscr.cz/id/2641
indoevropština,Proto-Indo-European,teater,2643,https://teater.aiscr.cz/id/2643
indonésie,Indonesia,amcr,HES-001199,https://api.aiscr.cz/id/HES-001199
industrializace,industrialization,teater,4141,https://teater.aiscr.cz/id/4141
industrie,industry,teater,71,https://teater.aiscr.cz/id/71
industriál,Industrial,amcr,HES-001165,https://api.aiscr.cz/id/HES-001165
industriální období,Industrial Period,amcr,HES-000417,https://api.aiscr.cz/id/HES-000417
industriální období 1,Industrial Period 1,amcr,HES-000348,https://api.aiscr.cz/id/HES-000348
industriální období 2,Industrial Period 2,amcr,HES-000349,https://api.aiscr.cz/id/HES-000349
industriální společnost,industrial society,teater,3689,https://teater.aiscr.cz/id/3689
informátor,informant,teater,4304,https://teater.aiscr.cz/id/4304
infračervená spektroskopie,infrared spectroscopy,teater,183,https://teater.aiscr.cz/id/183
ingot,ingot,teater,2304,https://teater.aiscr.cz/id/2304
inkolát,inkolat,teater,3593,https://teater.aiscr.cz/id/3593
inkrustace,incrustation,teater,3264,https://teater.aiscr.cz/id/3264
inlej,inlays,teater,3705,https://teater.aiscr.cz/id/3705
insignie,insignia,teater,2364,https://teater.aiscr.cz/id/2364
insubrové,Insubres,teater,3938,https://teater.aiscr.cz/id/3938
insula,insula,teater,1498,https://teater.aiscr.cz/id/1498
intarzie,intarsia,teater,3393,https://teater.aiscr.cz/id/3393
integrální antropologie,integral anthropology,teater,3899,https://teater.aiscr.cz/id/3899
interlokutor,interlocutor,teater,4305,https://teater.aiscr.cz/id/4305
interpretace textů,interpretation of texts,teater,585,https://teater.aiscr.cz/id/585
interpretace uměleckého díla,art interpretation,teater,456,https://teater.aiscr.cz/id/456
intruze,intrusion,amcr,HES-000010,https://api.aiscr.cz/id/HES-000010
investorská zpráva,client report,amcr,HES-001079,https://api.aiscr.cz/id/HES-001079
inženýrsko-geologický průzkum,engineering-geological survey,amcr,HES-000596,https://api.aiscr.cz/id/HES-000596
inženýrská síť,infrastructure network,teater,1571,https://teater.aiscr.cz/id/1571
inženýrské sítě,engineering networks,amcr,HES-000598,https://api.aiscr.cz/id/HES-000598
ionské moře,Ionian Sea,teater,4025,https://teater.aiscr.cz/id/4025
irsko,Ireland,amcr,HES-001344,https://api.aiscr.cz/id/HES-001344
irská mytologie,Irish mythology,teater,2647,https://teater.aiscr.cz/id/2647
irák,Iraq,amcr,HES-001260,https://api.aiscr.cz/id/HES-001260
irština,Irish language,teater,2668,https://teater.aiscr.cz/id/2668
isaurové,Isauri,teater,3930,https://teater.aiscr.cz/id/3930
island,Iceland,amcr,HES-001278,https://api.aiscr.cz/id/HES-001278
islám,Islam,teater,3795,https://teater.aiscr.cz/id/3795
islámská architektura,Islamic architecture,teater,1343,https://teater.aiscr.cz/id/1343
isthmos (řecko),Isthmus,teater,4027,https://teater.aiscr.cz/id/4027
istrijský poloostrov (chorvatsko a slovinsko),Istria,teater,4028,https://teater.aiscr.cz/id/4028
itala,itala,teater,2219,https://teater.aiscr.cz/id/2219
italikové,Italic peoples,teater,3931,https://teater.aiscr.cz/id/3931
italština,Italian,amcr,HES-001448,https://api.aiscr.cz/id/HES-001448
itinerář,itinerarium,teater,2196,https://teater.aiscr.cz/id/2196
itálie,Italy,amcr,HES-001319,https://api.aiscr.cz/id/HES-001319
izolovaný pohřeb,isolated grave,amcr,HES-000026,https://api.aiscr.cz/id/HES-000026
izotopový výzkum,isotopic analysis,teater,157,https://teater.aiscr.cz/id/157
izrael,Israel,amcr,HES-001320,https://api.aiscr.cz/id/HES-001320
iónie (turecko),Ionia,teater,4024,https://teater.aiscr.cz/id/4024
iónové,Ionians,teater,2724,https://teater.aiscr.cz/id/2724
iónské povstání (499-494 př. kr.),Ionian Revolt,teater,2760,https://teater.aiscr.cz/id/2760
iónské umění,Ionian art,teater,2738,https://teater.aiscr.cz/id/2738
iónský stavební řád,ionic order,teater,3749,https://teater.aiscr.cz/id/3749
jadeit,jadeite,teater,2440,https://teater.aiscr.cz/id/2440
jaderské moře,Adriatic Sea,teater,4031,https://teater.aiscr.cz/id/4031
jagellonci,Jagiellonian dynasty,teater,3080,https://teater.aiscr.cz/id/3080
jahve,Yahweh,teater,3817,https://teater.aiscr.cz/id/3817
jamajka,Jamaica,amcr,HES-001245,https://api.aiscr.cz/id/HES-001245
jamkový email,champlevé,teater,3378,https://teater.aiscr.cz/id/3378
jan křtitel,John the Baptist,teater,3807,https://teater.aiscr.cz/id/3807
jansenismus,Jansenism,teater,708,https://teater.aiscr.cz/id/708
jantar,amber,amcr,HES-000926,https://api.aiscr.cz/id/HES-000926
jantarová stezka (obchodní stezka),Amber Road,teater,2985,https://teater.aiscr.cz/id/2985
japonsko,Japan,amcr,HES-001353,https://api.aiscr.cz/id/HES-001353
jarní a velikonoční obyčeje,Spring and Easter traditions,teater,4260,https://teater.aiscr.cz/id/4260
jaroměř,Jaroměř,amcr,HES-000191,https://api.aiscr.cz/id/HES-000191
jaspis,jasper,teater,2449,https://teater.aiscr.cz/id/2449
jastorfská kultura,Jastorf culture,teater,1210,https://teater.aiscr.cz/id/1210
jatka,slaughterhouse,teater,1522,https://teater.aiscr.cz/id/1522
javorské knížectví,Duchy of Jawor,teater,3039,https://teater.aiscr.cz/id/3039
jazygové,Iazyges,teater,3970,https://teater.aiscr.cz/id/3970
jazyk setu,Seto dialect,teater,2866,https://teater.aiscr.cz/id/2866
jazykové vlivy (církevněslovanské),language influence of Church Slavic,teater,2831,https://teater.aiscr.cz/id/2831
jazykový znak,language sign,teater,623,https://teater.aiscr.cz/id/623
jazyky v itálii,Italic languages,teater,4030,https://teater.aiscr.cz/id/4030
jehelník,pincushion,teater,2103,https://teater.aiscr.cz/id/2103
jehla,needle,teater,2104,https://teater.aiscr.cz/id/2104
jehla/špendlík,needle/pin,amcr,HES-000804,https://api.aiscr.cz/id/HES-000804
jehlice,clothing pin,amcr,HES-000699,https://api.aiscr.cz/id/HES-000699
jehličnatý les,coniferous forest,teater,854,https://teater.aiscr.cz/id/854
jemen,Yemen,amcr,HES-001313,https://api.aiscr.cz/id/HES-001313
jersey,Jersey,amcr,HES-001364,https://api.aiscr.cz/id/HES-001364
jeruzalémské sestry,Sisters of The Teutonic order,teater,3174,https://teater.aiscr.cz/id/3174
jeruzalémští bratři,Teutonic Knights,teater,3148,https://teater.aiscr.cz/id/3148
jeskynní hrad,cave castle,teater,1431,https://teater.aiscr.cz/id/1431
jeskynní malba,cave painting,teater,1856,https://teater.aiscr.cz/id/1856
jeskyně,cave,teater,1682,https://teater.aiscr.cz/id/1682
jeskyně/skalní prostor,cave/abri,amcr,HES-000472,https://api.aiscr.cz/id/HES-000472
jevišovická kultura,Jevišovice Culture,amcr,HES-000373,https://api.aiscr.cz/id/HES-000373
jez,weir,amcr,HES-000052,https://api.aiscr.cz/id/HES-000052
jezdectvo,cavalry,teater,3520,https://teater.aiscr.cz/id/3520
jezero,lake,teater,1015,https://teater.aiscr.cz/id/1015
jezuitská spiritualita,Jezuit spirituality,teater,812,https://teater.aiscr.cz/id/812
jezuité,Jesuits,teater,3149,https://teater.aiscr.cz/id/3149
ječmen,barley,teater,1927,https://teater.aiscr.cz/id/1927
ježíš kristus,Jesus,teater,3808,https://teater.aiscr.cz/id/3808
jihlava-henčov,Jihlava-Henčov,amcr,HES-000195,https://api.aiscr.cz/id/HES-000195
jiná aktivita,other activity,amcr,HES-000009,https://api.aiscr.cz/id/HES-000009
jiná evidence,other evidence,amcr,HES-001061,https://api.aiscr.cz/id/HES-001061
jiná organizace,other organisation,amcr,HES-001128,https://api.aiscr.cz/id/HES-001128
jiná událost,other event,amcr,HES-001156,https://api.aiscr.cz/id/HES-001156
jiné expertní zpracování,other expert analysis,amcr,HES-001495,https://api.aiscr.cz/id/HES-001495
jiný kontext,other context,amcr,HES-000251,https://api.aiscr.cz/id/HES-000251
jiný materiál,other material,amcr,HES-001027,https://api.aiscr.cz/id/HES-001027
jiný podnět,other motivation,amcr,HES-000599,https://api.aiscr.cz/id/HES-000599
jiný text,other text,amcr,HES-001081,https://api.aiscr.cz/id/HES-001081
jiný zdroj,other source,amcr,HES-001121,https://api.aiscr.cz/id/HES-001121
jirchářství,curriers,teater,3324,https://teater.aiscr.cz/id/3324
jisté (> 95 %),certain (> 95%),amcr,HES-001449,https://api.aiscr.cz/id/HES-001449
jičín,Jičín,amcr,HES-000192,https://api.aiscr.cz/id/HES-000192
jižní afrika,South Africa,amcr,HES-001381,https://api.aiscr.cz/id/HES-001381
jižní georgie a jižní sandwichovy ostrovy,South Georgia and the South Sandwich Islands,amcr,HES-001382,https://api.aiscr.cz/id/HES-001382
jižní slované,Southern Slavs,teater,2810,https://teater.aiscr.cz/id/2810
jižní súdán,South Sudan,amcr,HES-001318,https://api.aiscr.cz/id/HES-001318
jordanovská kultura,Jordanów Culture,amcr,HES-000287,https://api.aiscr.cz/id/HES-000287
jordán (řeka),Jordan River,teater,4032,https://teater.aiscr.cz/id/4032
jordánsko,Jordan,amcr,HES-001383,https://api.aiscr.cz/id/HES-001383
josefínský katastr,Josephine Cadastre,teater,2257,https://teater.aiscr.cz/id/2257
judaismus,Judaism,teater,3816,https://teater.aiscr.cz/id/3816
judea,Judaea,teater,4033,https://teater.aiscr.cz/id/4033
juliánský kalendář,Julian calendar,teater,648,https://teater.aiscr.cz/id/648
jutové,Jutes,teater,2608,https://teater.aiscr.cz/id/2608
jutský poloostrov,Jutland Peninsula,teater,2986,https://teater.aiscr.cz/id/2986
jáma,pit,amcr,HES-000441,https://api.aiscr.cz/id/HES-000441
jáma kůlová/sloupová,stakehole/posthole,amcr,HES-000442,https://api.aiscr.cz/id/HES-000442
jáma odpadní/jímka,waste pit/cesspit,amcr,HES-000446,https://api.aiscr.cz/id/HES-000446
jáma stavební,construction pit,amcr,HES-000443,https://api.aiscr.cz/id/HES-000443
jáma zásobní,storage pit,amcr,HES-000444,https://api.aiscr.cz/id/HES-000444
jámová kultura,Yamnaya culture,teater,1128,https://teater.aiscr.cz/id/1128
jídlo,food,teater,2411,https://teater.aiscr.cz/id/2411
jíl,loam,teater,2455,https://teater.aiscr.cz/id/2455
jílový minerál,clay mineral,teater,974,https://teater.aiscr.cz/id/974
jízdní lučistníci,mounted archers,teater,3521,https://teater.aiscr.cz/id/3521
kabeirion,cabeirion,teater,1312,https://teater.aiscr.cz/id/1312
kachel,stove tile,amcr,HES-000736,https://api.aiscr.cz/id/HES-000736
kadlub,mold,amcr,HES-000716,https://api.aiscr.cz/id/HES-000716
kajmanské ostrovy,Cayman Islands (the),amcr,HES-001345,https://api.aiscr.cz/id/HES-001345
kalenderberská kultura,Kalenderberg culture,teater,1211,https://teater.aiscr.cz/id/1211
kalendář,calendar,teater,649,https://teater.aiscr.cz/id/649
kalendářní cyklus,calendar cycle,teater,4258,https://teater.aiscr.cz/id/4258
kalendářní měsíc,month,teater,650,https://teater.aiscr.cz/id/650
kalendářní obyčej,Calendar customs,teater,4259,https://teater.aiscr.cz/id/4259
kalich,goblet,teater,2043,https://teater.aiscr.cz/id/2043
kalotypie,calotype,teater,3773,https://teater.aiscr.cz/id/3773
kalvárie,calvary,teater,1324,https://teater.aiscr.cz/id/1324
kalábrie (itálie : kraj),Calabria,teater,4034,https://teater.aiscr.cz/id/4034
kamaldulové,Camaldolese,teater,3126,https://teater.aiscr.cz/id/3126
kambodža,Cambodia,amcr,HES-001291,https://api.aiscr.cz/id/HES-001291
kamej,cameo,teater,2384,https://teater.aiscr.cz/id/2384
kamenická značka,masons' mark,teater,3294,https://teater.aiscr.cz/id/3294
kamenictví,stonemasonry,teater,3293,https://teater.aiscr.cz/id/3293
kamenina,stoneware,teater,2456,https://teater.aiscr.cz/id/2456
kamenná industrie,lithics,amcr,HES-000640,https://api.aiscr.cz/id/HES-000640
kamenné jádro,stone core,amcr,HES-000776,https://api.aiscr.cz/id/HES-000776
kamenný kříž,stone cross,teater,1325,https://teater.aiscr.cz/id/1325
kamenolom,stone quarry,teater,1465,https://teater.aiscr.cz/id/1465
kamenosochařství,stone sculpture,teater,3296,https://teater.aiscr.cz/id/3296
kameník,stonemason,teater,3295,https://teater.aiscr.cz/id/3295
kamerun,Cameroon,amcr,HES-001292,https://api.aiscr.cz/id/HES-001292
kamna,stove,amcr,HES-000422,https://api.aiscr.cz/id/HES-000422
kamnář,stove maker,teater,3299,https://teater.aiscr.cz/id/3299
kamnářství,stovemaking,teater,3298,https://teater.aiscr.cz/id/3298
kampánie (itálie : kraj),Campania,teater,4035,https://teater.aiscr.cz/id/4035
kanada,Canada,amcr,HES-001293,https://api.aiscr.cz/id/HES-001293
kanalizace,sewer,amcr,HES-000464,https://api.aiscr.cz/id/HES-000464
kanaán,Canaan,teater,4036,https://teater.aiscr.cz/id/4036
kancionál,hymnal,teater,2228,https://teater.aiscr.cz/id/2228
kanelura,fluting,teater,1604,https://teater.aiscr.cz/id/1604
kanonizace,canonization,teater,754,https://teater.aiscr.cz/id/754
kanopa,canopic jars,teater,2044,https://teater.aiscr.cz/id/2044
kanovník,canon,teater,3100,https://teater.aiscr.cz/id/3100
kantabrové,Cantabri,teater,3933,https://teater.aiscr.cz/id/3933
kantharos,kantharos,teater,2045,https://teater.aiscr.cz/id/2045
kanál/náhon,channel/millrace,amcr,HES-000053,https://api.aiscr.cz/id/HES-000053
kapitula,chapter house,teater,1327,https://teater.aiscr.cz/id/1327
kaple,chapel,amcr,HES-000020,https://api.aiscr.cz/id/HES-000020
kappadokie (turecko),Cappadocia,teater,4037,https://teater.aiscr.cz/id/4037
kaptorga,kaptorga (metal pendant case),amcr,HES-000700,https://api.aiscr.cz/id/HES-000700
kapucínský klášter,Capuchin monastery,teater,1365,https://teater.aiscr.cz/id/1365
kapverdy,Cape Verde,amcr,HES-001343,https://api.aiscr.cz/id/HES-001343
karaismus,Karaism,teater,709,https://teater.aiscr.cz/id/709
kardinál,cardinal,teater,3101,https://teater.aiscr.cz/id/3101
karelové,Karelians,teater,2850,https://teater.aiscr.cz/id/2850
karelská literatura,Karelian literature,teater,2878,https://teater.aiscr.cz/id/2878
karelská poezie,Karelian poetry,teater,2879,https://teater.aiscr.cz/id/2879
karelština,Karelian,teater,2867,https://teater.aiscr.cz/id/2867
kargopolská kultura,Kargopol culture,teater,1157,https://teater.aiscr.cz/id/1157
karlovci,Carolingian dynasty,teater,3081,https://teater.aiscr.cz/id/3081
karlovy vary,Karlovy Vary,amcr,HES-000196,https://api.aiscr.cz/id/HES-000196
karmelitky,Carmelite nuns,teater,3175,https://teater.aiscr.cz/id/3175
karmelitáni,Carmelites,teater,3150,https://teater.aiscr.cz/id/3150
karmelitánská spiritualita,Carmelite spirituality,teater,813,https://teater.aiscr.cz/id/813
karmelitánský klášter,Carmelite monastery,teater,1366,https://teater.aiscr.cz/id/1366
karneval,carnival,teater,4267,https://teater.aiscr.cz/id/4267
karolinská renesance,Carolingian Renaissance,teater,2958,https://teater.aiscr.cz/id/2958
karolinská říše,Carolingian Empire,teater,2957,https://teater.aiscr.cz/id/2957
karolinské písmo,Caroline minuscule,teater,3583,https://teater.aiscr.cz/id/3583
karolinské umění,Carolingian art,teater,2960,https://teater.aiscr.cz/id/2960
karpatská mohylová kultura,Carpathian Tumuli culture,teater,1170,https://teater.aiscr.cz/id/1170
karpatská popelnicová pole,Carpathian Urnfield culture,teater,1179,https://teater.aiscr.cz/id/1179
karpové,Carpi,teater,3912,https://teater.aiscr.cz/id/3912
karroballista,carroballista,teater,1978,https://teater.aiscr.cz/id/1978
kartografie,cartography,teater,1028,https://teater.aiscr.cz/id/1028
karton,cardboard,amcr,HES-000226,https://api.aiscr.cz/id/HES-000226
kartuziánská spiritualita,Carthusian spirituality,teater,814,https://teater.aiscr.cz/id/814
kartuziánský klášter,Carthusian monastery,teater,1367,https://teater.aiscr.cz/id/1367
kartágo (zaniklé město),Carthage,teater,4039,https://teater.aiscr.cz/id/4039
kasie,casia,teater,2412,https://teater.aiscr.cz/id/2412
kasta,caste,teater,3628,https://teater.aiscr.cz/id/3628
kastelologie,castellology,teater,27,https://teater.aiscr.cz/id/27
kastilie,Castile,teater,2987,https://teater.aiscr.cz/id/2987
kasárna,barracks,teater,1449,https://teater.aiscr.cz/id/1449
katakombní kultura,Catacomb culture,teater,1135,https://teater.aiscr.cz/id/1135
katakomby,catacombs,teater,1775,https://teater.aiscr.cz/id/1775
katalog (starověké řecko),katalogos (Greek antiquity),teater,2197,https://teater.aiscr.cz/id/2197
katalánsko,Catalonia,teater,2988,https://teater.aiscr.cz/id/2988
katapult (zbraně),catapult,teater,1979,https://teater.aiscr.cz/id/1979
katar,Qatar,amcr,HES-001286,https://api.aiscr.cz/id/HES-001286
katastr nemovitostí,cadastre,teater,1032,https://teater.aiscr.cz/id/1032
katastrální mapa,cadastral maps,teater,1033,https://teater.aiscr.cz/id/1033
katastrální území,cadastral area,amcr,HES-001073,https://api.aiscr.cz/id/HES-001073
kataři,Cathari,teater,710,https://teater.aiscr.cz/id/710
katedrála,cathedral,teater,1336,https://teater.aiscr.cz/id/1336
kategorizace a klasifikace,categorization and classification,teater,204,https://teater.aiscr.cz/id/204
katolická liturgie,Catholic liturgy,teater,760,https://teater.aiscr.cz/id/760
katolický klášter,Catholic monastery,teater,1359,https://teater.aiscr.cz/id/1359
katolický kněz,Catholic priest,teater,3107,https://teater.aiscr.cz/id/3107
katolický kostel,Catholic church,teater,1339,https://teater.aiscr.cz/id/1339
kavkaz (pohoří : oblast),Caucasus Mountains,teater,4040,https://teater.aiscr.cz/id/4040
kazachstán,Kazakhstan,amcr,HES-001316,https://api.aiscr.cz/id/HES-001316
kazetový strop,coffered ceiling,teater,1606,https://teater.aiscr.cz/id/1606
kačkar,khachkar,teater,1326,https://teater.aiscr.cz/id/1326
kašna,fountain,amcr,HES-000479,https://api.aiscr.cz/id/HES-000479
kefalometrie,cephalometry,teater,3873,https://teater.aiscr.cz/id/3873
keltiberové,Celtiberians,teater,2636,https://teater.aiscr.cz/id/2636
keltové,Celts,teater,2644,https://teater.aiscr.cz/id/2644
keltská astrologie,Celtic astrology,teater,2645,https://teater.aiscr.cz/id/2645
keltská etnika a kmeny,Celtic ethnic groups and tribes,teater,2676,https://teater.aiscr.cz/id/2676
keltská hudba,Celtic music,teater,2659,https://teater.aiscr.cz/id/2659
keltská kultura,Celtic culture,teater,2646,https://teater.aiscr.cz/id/2646
keltská literatura,Celtic literature,teater,2660,https://teater.aiscr.cz/id/2660
keltská magie,Celtic magic,teater,2652,https://teater.aiscr.cz/id/2652
keltská mytologie,Celtic mythology,teater,2649,https://teater.aiscr.cz/id/2649
keltská poezie,Celtic poetry,teater,2661,https://teater.aiscr.cz/id/2661
keltská pohádka,Celtic fairy tale,teater,2662,https://teater.aiscr.cz/id/2662
keltská symbolika,Celtic symbolism,teater,2655,https://teater.aiscr.cz/id/2655
keltské jazyky,Celtic language,teater,2664,https://teater.aiscr.cz/id/2664
keltské křesťanství,Celtic Christianity,teater,2653,https://teater.aiscr.cz/id/2653
keltské náboženství,Celtic religion,teater,2650,https://teater.aiscr.cz/id/2650
keltské oppidum,Celtic oppidum,teater,1355,https://teater.aiscr.cz/id/1355
keltské pověsti,Celtic legends,teater,2663,https://teater.aiscr.cz/id/2663
keltské umění,Celtic art,teater,2658,https://teater.aiscr.cz/id/2658
keltský horoskop,Celtic horoscope,teater,2656,https://teater.aiscr.cz/id/2656
keltský ritus,Celtic rite,teater,2654,https://teater.aiscr.cz/id/2654
keltský stromokruh,Celtic tree calendar,teater,2657,https://teater.aiscr.cz/id/2657
kenotaf,cenotaph,teater,2314,https://teater.aiscr.cz/id/2314
kenozoikum,cenozoic,teater,1055,https://teater.aiscr.cz/id/1055
keramická barva,ceramic colour,teater,3265,https://teater.aiscr.cz/id/3265
keramická glazura,ceramic glaze,teater,3266,https://teater.aiscr.cz/id/3266
keramická surovina,ceramic raw material,teater,3267,https://teater.aiscr.cz/id/3267
keramický materiál,ceramic material,teater,2451,https://teater.aiscr.cz/id/2451
keramický pigment,ceramic pigment,teater,3272,https://teater.aiscr.cz/id/3272
keramik,ceramist,teater,3274,https://teater.aiscr.cz/id/3274
keramika,ceramic,amcr,HES-000933,https://api.aiscr.cz/id/HES-000933
keramika fajáns/majolika,faience/maiolica,amcr,HES-000934,https://api.aiscr.cz/id/HES-000934
keramika kamenina,stoneware,amcr,HES-000935,https://api.aiscr.cz/id/HES-000935
keramika porcelán,porcelain,amcr,HES-000936,https://api.aiscr.cz/id/HES-000936
keramika terra sigillata,terra sigillata ware,amcr,HES-000937,https://api.aiscr.cz/id/HES-000937
keramička,woman ceramist,teater,3273,https://teater.aiscr.cz/id/3273
keras,keras,teater,1833,https://teater.aiscr.cz/id/1833
keňa,Kenya,amcr,HES-001398,https://api.aiscr.cz/id/HES-001398
kilíkie (turecko),Cilicia,teater,4041,https://teater.aiscr.cz/id/4041
kimbrové,Cimbri,teater,3921,https://teater.aiscr.cz/id/3921
kimmerijci,Cimmerians,teater,2680,https://teater.aiscr.cz/id/2680
kinantropologie,kinanthropology,teater,3900,https://teater.aiscr.cz/id/3900
kinofilm (24 x 36 mm),cine film (24 x 36 mm),amcr,HES-000141,https://api.aiscr.cz/id/HES-000141
kipčačtina,Kipchak,teater,2682,https://teater.aiscr.cz/id/2682
kiribati,Kiribati,amcr,HES-001233,https://api.aiscr.cz/id/HES-001233
kithara,kithara,teater,1834,https://teater.aiscr.cz/id/1834
kladivo,hammer,teater,2109,https://teater.aiscr.cz/id/2109
kladivo/palice,hammer/sledgehammer,amcr,HES-000796,https://api.aiscr.cz/id/HES-000796
kladno,Kladno,amcr,HES-000197,https://api.aiscr.cz/id/HES-000197
klan,clan,teater,4209,https://teater.aiscr.cz/id/4209
klapačka (nožní),scabellum,teater,1835,https://teater.aiscr.cz/id/1835
klapačka (ruční),crotalum,teater,1836,https://teater.aiscr.cz/id/1836
klaristky,Clares,teater,3176,https://teater.aiscr.cz/id/3176
klaristky kapucínky,Poor Clares,teater,3177,https://teater.aiscr.cz/id/3177
klasicismus,classicism,teater,516,https://teater.aiscr.cz/id/516
klasická archeologie,classical archaeology,teater,47,https://teater.aiscr.cz/id/47
klasické členění (genetika),classical classification,teater,579,https://teater.aiscr.cz/id/579
klenba,vaults,amcr,HES-000495,https://api.aiscr.cz/id/HES-000495
kleště,pliers,amcr,HES-000797,https://api.aiscr.cz/id/HES-000797
klima,climate,teater,1037,https://teater.aiscr.cz/id/1037
klimatická změna,climate change,teater,1040,https://teater.aiscr.cz/id/1040
klimatické podmínky,climatic conditions,teater,1039,https://teater.aiscr.cz/id/1039
klimatické pásmo,climatic zone,teater,1038,https://teater.aiscr.cz/id/1038
klimatologie,climatology,teater,1036,https://teater.aiscr.cz/id/1036
klobouk,hat,teater,2173,https://teater.aiscr.cz/id/2173
klášter,monastery,amcr,HES-000073,https://api.aiscr.cz/id/HES-000073
klášter benediktinek,Benedictine nunnery,teater,1368,https://teater.aiscr.cz/id/1368
klášter brigitinek,Bridgettine nunnery,teater,1369,https://teater.aiscr.cz/id/1369
klášter cisterciaček,Cistercian nunnery,teater,1370,https://teater.aiscr.cz/id/1370
klášter dominikánek,Dominican nunnery,teater,1371,https://teater.aiscr.cz/id/1371
klášter kamaldulů,Camaldolese monastery,teater,1372,https://teater.aiscr.cz/id/1372
klášter klaristek,monastery of Clares,teater,1373,https://teater.aiscr.cz/id/1373
klášter křížovníků,monastery of Knights of the Cross,teater,1374,https://teater.aiscr.cz/id/1374
klášter mariánů,monastery of Marian Fathers,teater,1375,https://teater.aiscr.cz/id/1375
klášter servitů,Servite monastery,teater,1376,https://teater.aiscr.cz/id/1376
klášter voršilek,monastery of Ursulines,teater,1377,https://teater.aiscr.cz/id/1377
klášterní kronika,monastic chronicle,teater,2204,https://teater.aiscr.cz/id/2204
klín,wedge,amcr,HES-000717,https://api.aiscr.cz/id/HES-000717
klínopisná tabulka,cuneiform tablet,teater,2244,https://teater.aiscr.cz/id/2244
klínové písmo,cuneiform,teater,3578,https://teater.aiscr.cz/id/3578
klíné,kline,teater,2024,https://teater.aiscr.cz/id/2024
klíč,key,amcr,HES-000728,https://api.aiscr.cz/id/HES-000728
klíčový informátor,Key informant,teater,4306,https://teater.aiscr.cz/id/4306
kmen,tribe,teater,4210,https://teater.aiscr.cz/id/4210
kniha,book,amcr,HES-001117,https://api.aiscr.cz/id/HES-001117
knihař,bookbinder,teater,3301,https://teater.aiscr.cz/id/3301
knihařství,bookbinding,teater,3300,https://teater.aiscr.cz/id/3300
knihkupec,bookseller,teater,3303,https://teater.aiscr.cz/id/3303
knihkupkyně,woman bookseller,teater,3304,https://teater.aiscr.cz/id/3304
knihovna,library,teater,1524,https://teater.aiscr.cz/id/1524
knižní ilustrace,illustration of books,teater,3291,https://teater.aiscr.cz/id/3291
knižní obchod,bookstore,teater,3302,https://teater.aiscr.cz/id/3302
knoflík,button,amcr,HES-000675,https://api.aiscr.cz/id/HES-000675
knoflíkář,button making,teater,3305,https://teater.aiscr.cz/id/3305
knovízská kultura,Knovíz Culture,amcr,HES-000293,https://api.aiscr.cz/id/HES-000293
knížectví,principality,teater,3676,https://teater.aiscr.cz/id/3676
knížecí hrob,princely grave,teater,1656,https://teater.aiscr.cz/id/1656
kněz,priest,teater,3102,https://teater.aiscr.cz/id/3102
kněžka,priestess,teater,3112,https://teater.aiscr.cz/id/3112
kněžská spiritualita,priest’s spirituality,teater,803,https://teater.aiscr.cz/id/803
kobanská kultura,Koban culture,teater,1158,https://teater.aiscr.cz/id/1158
koberec,carpet,teater,2025,https://teater.aiscr.cz/id/2025
kobylská skupina,Kobyly Group,amcr,HES-000259,https://api.aiscr.cz/id/HES-000259
kodex,codex,teater,659,https://teater.aiscr.cz/id/659
kodikologie,codicology,teater,653,https://teater.aiscr.cz/id/653
koflík,cup,amcr,HES-000769,https://api.aiscr.cz/id/HES-000769
kognitivní archeologie,cognitive archaeology,teater,28,https://teater.aiscr.cz/id/28
kognitivní psychologie,cognitive psychology,teater,3859,https://teater.aiscr.cz/id/3859
kojenecká úmrtnost,infant mortality,teater,413,https://teater.aiscr.cz/id/413
kokosové (keelingovy) ostrovy,Cocos (Keeling) Islands (the),amcr,HES-001259,https://api.aiscr.cz/id/HES-001259
kolchida,Colchis,teater,4042,https://teater.aiscr.cz/id/4042
kolektivní paměť,collective memory,teater,4254,https://teater.aiscr.cz/id/4254
kolektor,collector,amcr,HES-000516,https://api.aiscr.cz/id/HES-000516
kolonie,colony,teater,4142,https://teater.aiscr.cz/id/4142
kolonizace,colonization,teater,418,https://teater.aiscr.cz/id/418
kolumbie,Colombia,amcr,HES-001284,https://api.aiscr.cz/id/HES-001284
kolumbárium,columbarium,teater,1661,https://teater.aiscr.cz/id/1661
kolářství,wheel making,teater,3306,https://teater.aiscr.cz/id/3306
kolín,Kolín,amcr,HES-000198,https://api.aiscr.cz/id/HES-000198
komenda,commandery,teater,1450,https://teater.aiscr.cz/id/1450
komi (etnická skupina),Komi peoples,teater,2851,https://teater.aiscr.cz/id/2851
kominíctví,chimney sweeping,teater,3307,https://teater.aiscr.cz/id/3307
komorový hrob,chamber tomb,teater,1657,https://teater.aiscr.cz/id/1657
komory,Comoros (the),amcr,HES-001384,https://api.aiscr.cz/id/HES-001384
komparativní lingvistika,comparative linguistics,teater,620,https://teater.aiscr.cz/id/620
komparativní religionistika,comparative religion,teater,3860,https://teater.aiscr.cz/id/3860
komparativní výzkum,comparative research,teater,206,https://teater.aiscr.cz/id/206
kompendium,compendium,teater,2199,https://teater.aiscr.cz/id/2199
komplexní výzkum,comprehensive research,teater,4322,https://teater.aiscr.cz/id/4322
kompozice (umění),composition (art),teater,472,https://teater.aiscr.cz/id/472
komunikace,transportation activity,amcr,HES-000006,https://api.aiscr.cz/id/HES-000006
komunita,community,teater,4204,https://teater.aiscr.cz/id/4204
komunita (sociologie),community (sociology),teater,3552,https://teater.aiscr.cz/id/3552
konchologie,conchology,teater,310,https://teater.aiscr.cz/id/310
koncil,council,teater,781,https://teater.aiscr.cz/id/781
konference,conference,amcr,HES-001152,https://api.aiscr.cz/id/HES-001152
konfese (vyznání),religious confession,teater,734,https://teater.aiscr.cz/id/734
konfesionalizace,confessionalisation,teater,738,https://teater.aiscr.cz/id/738
konfesní rozdělení,confessional division,teater,1337,https://teater.aiscr.cz/id/1337
konfiguracionistická antropologie,configurationism,teater,3901,https://teater.aiscr.cz/id/3901
konkláve,conclave,teater,786,https://teater.aiscr.cz/id/786
konkordát,concordat,teater,791,https://teater.aiscr.cz/id/791
konkrétní (společenské třídy),concrete (social class),teater,3632,https://teater.aiscr.cz/id/3632
konkávní plocha,concave surface,teater,1703,https://teater.aiscr.cz/id/1703
konstituční monarchie,constitutional monarchy,teater,3679,https://teater.aiscr.cz/id/3679
konstrukce cihlová,brick structure,amcr,HES-000894,https://api.aiscr.cz/id/HES-000894
konstrukce dlaždicová,tiled structure,amcr,HES-000895,https://api.aiscr.cz/id/HES-000895
konstrukce dřevěná,wooden structure,amcr,HES-000897,https://api.aiscr.cz/id/HES-000897
konstrukce hrázděná,half-timber construction,amcr,HES-000900,https://api.aiscr.cz/id/HES-000900
konstrukce kamenná,stonework,amcr,HES-000896,https://api.aiscr.cz/id/HES-000896
konstrukce kůlová/sloupová,post-and-beam structure,amcr,HES-000898,https://api.aiscr.cz/id/HES-000898
konstrukce roubená,log construction,amcr,HES-000899,https://api.aiscr.cz/id/HES-000899
konstrukce sypaná/vršená,earth construction,amcr,HES-000901,https://api.aiscr.cz/id/HES-000901
konstrukce zahloubená,sunken structure,amcr,HES-000902,https://api.aiscr.cz/id/HES-000902
konstrukce zděná,masonry construction,amcr,HES-000893,https://api.aiscr.cz/id/HES-000893
konstrukční prvek,architectural element,amcr,HES-000491,https://api.aiscr.cz/id/HES-000491
kontaktní magie,contagious magic,teater,3846,https://teater.aiscr.cz/id/3846
kontextuální analýza,contextual analysis,teater,89,https://teater.aiscr.cz/id/89
kontrakultura,counterculture,teater,4223,https://teater.aiscr.cz/id/4223
konvence (umění),convention (art),teater,474,https://teater.aiscr.cz/id/474
konvexní plocha,convex surface,teater,1704,https://teater.aiscr.cz/id/1704
konvice,pitcher,amcr,HES-000690,https://api.aiscr.cz/id/HES-000690
konzervace,conservation,teater,210,https://teater.aiscr.cz/id/210
konzervace a restaurování,conservation and restoration,amcr,HES-000629,https://api.aiscr.cz/id/HES-000629
konzervování muzejních exponátů,conservation of museum exhibits,teater,211,https://teater.aiscr.cz/id/211
konzervování památek,antiquities conservation,teater,212,https://teater.aiscr.cz/id/212
konzervátorsko-restaurátorské metody,conservation-restoration methods,teater,209,https://teater.aiscr.cz/id/209
konírna,horse barn,teater,1526,https://teater.aiscr.cz/id/1526
konšel,town councillor,teater,3431,https://teater.aiscr.cz/id/3431
konžská demokratická republika,Congo (the Democratic Republic of the),amcr,HES-001251,https://api.aiscr.cz/id/HES-001251
konžská republika,Congo (the),amcr,HES-001385,https://api.aiscr.cz/id/HES-001385
kopie,facsimile,teater,213,https://teater.aiscr.cz/id/213
kopiář,copybook,teater,2258,https://teater.aiscr.cz/id/2258
koptové,Copts,teater,3944,https://teater.aiscr.cz/id/3944
kopí,spear,teater,1996,https://teater.aiscr.cz/id/1996
kopí/hrot kopí,spear/spearhead,amcr,HES-000821,https://api.aiscr.cz/id/HES-000821
korejská lidově demokratická republika,Korea (the Democratic People's Republic of),amcr,HES-001373,https://api.aiscr.cz/id/HES-001373
korejská republika,Korea (the Republic of),amcr,HES-001225,https://api.aiscr.cz/id/HES-001225
korespondence,correspondence,teater,2200,https://teater.aiscr.cz/id/2200
korespondeční analýza,correspondence analysis,teater,280,https://teater.aiscr.cz/id/280
korfu (řecko : ostrov),Corfu,teater,4043,https://teater.aiscr.cz/id/4043
korintský stavební řád,corinthian order,teater,3750,https://teater.aiscr.cz/id/3750
kornština,Cornish,teater,2671,https://teater.aiscr.cz/id/2671
koroplastika,greek terracotta figurine,teater,1820,https://teater.aiscr.cz/id/1820
koroze,corrosion,teater,216,https://teater.aiscr.cz/id/216
korsika (francie),Corsica,teater,4044,https://teater.aiscr.cz/id/4044
korunovace,coronation,teater,380,https://teater.aiscr.cz/id/380
korunovační insignie,coronations insignia,teater,2387,https://teater.aiscr.cz/id/2387
korutanské vévodství,Duchy of Carinthia,teater,2989,https://teater.aiscr.cz/id/2989
korál,coral,amcr,HES-000938,https://api.aiscr.cz/id/HES-000938
korálek,bead,amcr,HES-000663,https://api.aiscr.cz/id/HES-000663
koré,kore,teater,1891,https://teater.aiscr.cz/id/1891
kosa,scythe,amcr,HES-000798,https://api.aiscr.cz/id/HES-000798
kosovo,Kosovo,amcr,HES-001200,https://api.aiscr.cz/id/HES-001200
kost,bone,amcr,HES-000939,https://api.aiscr.cz/id/HES-000939
kost lidská,human bone,amcr,HES-000905,https://api.aiscr.cz/id/HES-000905
kost zvířecí,animal bone,amcr,HES-000906,https://api.aiscr.cz/id/HES-000906
kostarika,Costa Rica,amcr,HES-001271,https://api.aiscr.cz/id/HES-001271
kostel,church,amcr,HES-000021,https://api.aiscr.cz/id/HES-000021
kostelní věž,church tower,teater,1716,https://teater.aiscr.cz/id/1716
kosterní pozůstatky člověka,human remains,teater,1920,https://teater.aiscr.cz/id/1920
kosterní pozůstatky živočichů,animal remains,teater,1921,https://teater.aiscr.cz/id/1921
kostnice,ossuary,amcr,HES-000432,https://api.aiscr.cz/id/HES-000432
kostra,skeleton,amcr,HES-000642,https://api.aiscr.cz/id/HES-000642
kostrový hrob,skeleton grave,teater,1658,https://teater.aiscr.cz/id/1658
kotel,cauldron (kotel/Kessel),teater,2048,https://teater.aiscr.cz/id/2048
kotel/kotlík,kettle,amcr,HES-000770,https://api.aiscr.cz/id/HES-000770
kotinové,Cotini,teater,3945,https://teater.aiscr.cz/id/3945
kotlář,boilermaker,teater,3314,https://teater.aiscr.cz/id/3314
kotlík,cauldron (kotlík/Becken),teater,2049,https://teater.aiscr.cz/id/2049
kotylé,kotyle,teater,2050,https://teater.aiscr.cz/id/2050
kouzelník,magician,teater,3866,https://teater.aiscr.cz/id/3866
kov,metal,amcr,HES-000907,https://api.aiscr.cz/id/HES-000907
kov barevný,nonferrous metal,amcr,HES-000908,https://api.aiscr.cz/id/HES-000908
kovadlina,anvil,amcr,HES-000654,https://api.aiscr.cz/id/HES-000654
kovolijectví,art casting,teater,3331,https://teater.aiscr.cz/id/3331
kovolitecká pec,foundry,teater,1694,https://teater.aiscr.cz/id/1694
kovorytectví,metal engraving,teater,3312,https://teater.aiscr.cz/id/3312
kovotepectví,metalworking,teater,3313,https://teater.aiscr.cz/id/3313
kovová plastika,metal sculpture,teater,1821,https://teater.aiscr.cz/id/1821
kování,mount,amcr,HES-000694,https://api.aiscr.cz/id/HES-000694
kovárna,blacksmith,amcr,HES-000546,https://api.aiscr.cz/id/HES-000546
kovář,blacksmith,teater,3310,https://teater.aiscr.cz/id/3310
kovářská výheň,forge,amcr,HES-000557,https://api.aiscr.cz/id/HES-000557
kovářský výrobek,blacksmith’s product,teater,3311,https://teater.aiscr.cz/id/3311
kovářství,blacksmithing,teater,3309,https://teater.aiscr.cz/id/3309
koza,goat,teater,3230,https://teater.aiscr.cz/id/3230
kočovník,nomad,teater,3210,https://teater.aiscr.cz/id/3210
koňský postroj,horse trappings,teater,1899,https://teater.aiscr.cz/id/1899
koření,spice,teater,2413,https://teater.aiscr.cz/id/2413
košíkářství,basketmaking,teater,3308,https://teater.aiscr.cz/id/3308
koželuh,tanner,teater,3323,https://teater.aiscr.cz/id/3323
koželužství,tannery,teater,3319,https://teater.aiscr.cz/id/3319
kožená knižní vazba,leather binding,teater,654,https://teater.aiscr.cz/id/654
kožešina,fur,teater,2490,https://teater.aiscr.cz/id/2490
kožešník,furrier,teater,3321,https://teater.aiscr.cz/id/3321
krajina,landscape,amcr,HES-000136,https://api.aiscr.cz/id/HES-000136
krajinná archeologie,landscape archaeology,teater,29,https://teater.aiscr.cz/id/29
krakow,Krakow,amcr,HES-000199,https://api.aiscr.cz/id/HES-000199
krakow-balice,Krakow-Balice,amcr,HES-000200,https://api.aiscr.cz/id/HES-000200
kraniometrie,craniometry,teater,357,https://teater.aiscr.cz/id/357
kras,karst,teater,955,https://teater.aiscr.cz/id/955
krasová oblast,karst area,teater,956,https://teater.aiscr.cz/id/956
krasový útvar,karst form,teater,957,https://teater.aiscr.cz/id/957
kraňsko,Carniola,teater,2992,https://teater.aiscr.cz/id/2992
kraňské vévodství,Duchy of Carniola,teater,2991,https://teater.aiscr.cz/id/2991
krb,fireplace,teater,1507,https://teater.aiscr.cz/id/1507
krejcar,kreuzer,teater,2287,https://teater.aiscr.cz/id/2287
krejčovství,tailors trade,teater,3325,https://teater.aiscr.cz/id/3325
krejčí,tailor,teater,3326,https://teater.aiscr.cz/id/3326
kresba,drawing,teater,465,https://teater.aiscr.cz/id/465
kresba předmětu,object drawing,amcr,HES-001110,https://api.aiscr.cz/id/HES-001110
kresebná dokumentace,drawn documentation,teater,199,https://teater.aiscr.cz/id/199
krev,blood,teater,1923,https://teater.aiscr.cz/id/1923
kritika (vědecká metodologie),critics (scientific methodology),teater,91,https://teater.aiscr.cz/id/91
kromlech,cromlech,teater,1346,https://teater.aiscr.cz/id/1346
kronika,chronicle,teater,2202,https://teater.aiscr.cz/id/2202
kronikář,chronicler,teater,3707,https://teater.aiscr.cz/id/3707
kronikářka,woman chronicler,teater,3708,https://teater.aiscr.cz/id/3708
kronikářství,chronicles,teater,3706,https://teater.aiscr.cz/id/3706
kroužek,ring (kroužek/Ring),teater,1960,https://teater.aiscr.cz/id/1960
kroužek/kruh,circle/ring,amcr,HES-000764,https://api.aiscr.cz/id/HES-000764
kroužková zbroj,mail armour,teater,2019,https://teater.aiscr.cz/id/2019
krov,truss,teater,1586,https://teater.aiscr.cz/id/1586
krucifix,crucifix,teater,3811,https://teater.aiscr.cz/id/3811
krumlovien,Krumlovian,amcr,HES-000314,https://api.aiscr.cz/id/HES-000314
krumpáč,pickaxe,teater,2114,https://teater.aiscr.cz/id/2114
kružba,tracery,teater,1717,https://teater.aiscr.cz/id/1717
krvavá oběť,blood sacrifice,teater,831,https://teater.aiscr.cz/id/831
krypta,crypt,teater,1663,https://teater.aiscr.cz/id/1663
kryptoportikus,cryptoporticus,teater,1587,https://teater.aiscr.cz/id/1587
královská falc,palatinate,teater,1544,https://teater.aiscr.cz/id/1544
královské město,royal town,teater,1399,https://teater.aiscr.cz/id/1399
královský palác,royal palace,teater,1545,https://teater.aiscr.cz/id/1545
království obojí sicílie,Kingdom of the Two Sicilies,teater,2990,https://teater.aiscr.cz/id/2990
krám,shop,teater,1527,https://teater.aiscr.cz/id/1527
krátér,krater,teater,2051,https://teater.aiscr.cz/id/2051
kréta (řecko : ostrov),Crete,teater,4046,https://teater.aiscr.cz/id/4046
krétské hieroglyfické písmo,Cretan hieroglyphic script,teater,3579,https://teater.aiscr.cz/id/3579
kuba,Cuba,amcr,HES-001234,https://api.aiscr.cz/id/HES-001234
kubismus (umění),cubism,teater,517,https://teater.aiscr.cz/id/517
kuchařský recept,recipe,teater,2208,https://teater.aiscr.cz/id/2208
kuchyňská sůl,table salt,teater,2414,https://teater.aiscr.cz/id/2414
kuchyňské nádobí,cookware,teater,2052,https://teater.aiscr.cz/id/2052
kujavsko,Kujawy,teater,2993,https://teater.aiscr.cz/id/2993
kulička,marble,teater,1961,https://teater.aiscr.cz/id/1961
kulička/koule,ball/sphere,amcr,HES-000760,https://api.aiscr.cz/id/HES-000760
kult,ritual activity,amcr,HES-000005,https://api.aiscr.cz/id/HES-000005
kult předků,ancestor cult,teater,688,https://teater.aiscr.cz/id/688
kult svatých,Veneration,teater,3814,https://teater.aiscr.cz/id/3814
kultovní areál,ritual site,amcr,HES-000019,https://api.aiscr.cz/id/HES-000019
kultovní místo,ritual place,amcr,HES-000023,https://api.aiscr.cz/id/HES-000023
kultovní/sakrální objekt,ritual/sacral feature,amcr,HES-000525,https://api.aiscr.cz/id/HES-000525
kultura,culture,teater,374,https://teater.aiscr.cz/id/374
kultura (etnologie),culture (ethnology),teater,4335,https://teater.aiscr.cz/id/4335
kultura billendorfská hac,Billendorf Culture (HaC),teater,1205,https://teater.aiscr.cz/id/1205
kultura chlopice-veselé,Chlopice-Veselé Culture,amcr,HES-000352,https://api.aiscr.cz/id/HES-000352
kultura chłopice-veselé,Chlopice-Veselé culture,teater,1143,https://teater.aiscr.cz/id/1143
kultura dřevených srubů,Srubnaya culture,teater,1187,https://teater.aiscr.cz/id/1187
kultura kosihy-čaka,Kosihy-Čaka Culture,amcr,HES-000351,https://api.aiscr.cz/id/HES-000351
kultura kulovitých amfor,Globular Amphora Culture,amcr,HES-000279,https://api.aiscr.cz/id/HES-000279
kultura münchshöfenská,Münchshofen Culture,amcr,HES-000389,https://api.aiscr.cz/id/HES-000389
kultura nuova,Noua culture,teater,1190,https://teater.aiscr.cz/id/1190
kultura nálevkovitých pohárů,Funnel Beaker Culture,amcr,HES-000368,https://api.aiscr.cz/id/HES-000368
kultura oberlauterbašská,Oberlauterbach culture,teater,1103,https://teater.aiscr.cz/id/1103
kultura pomořanská,Pomeranian culture,teater,1212,https://teater.aiscr.cz/id/1212
kultura potiská,Tisza culture,teater,1117,https://teater.aiscr.cz/id/1117
kultura praha-korčak,Prague-Korchak culture,teater,1245,https://teater.aiscr.cz/id/1245
kultura pražského typu,Prague-type pottery group,teater,1243,https://teater.aiscr.cz/id/1243
kultura przeworská,Przeworsk Culture,amcr,HES-000257,https://api.aiscr.cz/id/HES-000257
kultura púchovská,Púchov Culture,amcr,HES-000256,https://api.aiscr.cz/id/HES-000256
kultura retz-bajč-křepice,Retz-Bajč-Křepice (Furchenstich) Culture,amcr,HES-000367,https://api.aiscr.cz/id/HES-000367
kultura s kanelovanou keramikou,cannelated ware culture,teater,1133,https://teater.aiscr.cz/id/1133
kultura s kardiovou keramikou,Cardial culture,teater,1115,https://teater.aiscr.cz/id/1115
kultura s lineární keramikou,Linear Pottery Culture,amcr,HES-000269,https://api.aiscr.cz/id/HES-000269
kultura s moravskou malovanou keramikou,Moravian painted ware culture,teater,1116,https://teater.aiscr.cz/id/1116
kultura s moravskou malovanou keramikou 1,Moravian Painted Ware Culture 1,amcr,HES-000362,https://api.aiscr.cz/id/HES-000362
kultura s moravskou malovanou keramikou 2,Moravian Painted Ware Culture 2,amcr,HES-000363,https://api.aiscr.cz/id/HES-000363
kultura s vypíchanou keramikou,Stroke Pottery Culture,amcr,HES-000361,https://api.aiscr.cz/id/HES-000361
kultura sabatynivka,Sabatinovka culture,teater,1167,https://teater.aiscr.cz/id/1167
kultura se šňůrovou keramikou,Corded Ware Culture,amcr,HES-000375,https://api.aiscr.cz/id/HES-000375
kultura starčevo-kriš,Starčevo–Körös–Criș culture,teater,1106,https://teater.aiscr.cz/id/1106
kultura zvoncovitých pohárů,Bell Beaker Culture,amcr,HES-000318,https://api.aiscr.cz/id/HES-000318
kulturní adaptace,cultural adaptation,teater,4224,https://teater.aiscr.cz/id/4224
kulturní antropologie,cultural anthropology,teater,397,https://teater.aiscr.cz/id/397
kulturní determinismus,cultural determinism,teater,4226,https://teater.aiscr.cz/id/4226
kulturní dezintegrace,cultural disintegration,teater,4227,https://teater.aiscr.cz/id/4227
kulturní difuze,trans-cultural diffusion,teater,4228,https://teater.aiscr.cz/id/4228
kulturní dědictví,cultural heritage,teater,4225,https://teater.aiscr.cz/id/4225
kulturní dějiny,cultural history,teater,591,https://teater.aiscr.cz/id/591
kulturní fatalismus,cultural fatalism,teater,4229,https://teater.aiscr.cz/id/4229
kulturní geografie,cultural geography,teater,901,https://teater.aiscr.cz/id/901
kulturní identita,cultural identity,teater,4230,https://teater.aiscr.cz/id/4230
kulturní inovace,cultural innovation,teater,4231,https://teater.aiscr.cz/id/4231
kulturní jev,cultural phenomena,teater,4299,https://teater.aiscr.cz/id/4299
kulturní jádro,cultural core,teater,4232,https://teater.aiscr.cz/id/4232
kulturní konflikt,cultural conflict,teater,4233,https://teater.aiscr.cz/id/4233
kulturní kontakt,cultural contact,teater,4234,https://teater.aiscr.cz/id/4234
kulturní krajina,cultural landscape,teater,871,https://teater.aiscr.cz/id/871
kulturní oblast,culture area,teater,4235,https://teater.aiscr.cz/id/4235
kulturní okruh,culture circle,teater,4236,https://teater.aiscr.cz/id/4236
kulturní památka,listed monument,amcr,HES-000177,https://api.aiscr.cz/id/HES-000177
kulturní realita,cultural reality,teater,4300,https://teater.aiscr.cz/id/4300
kulturní relativismus,cultural relativism,teater,4237,https://teater.aiscr.cz/id/4237
kulturní systém,cultural system,teater,377,https://teater.aiscr.cz/id/377
kulturní tradice,cultural tradition,teater,378,https://teater.aiscr.cz/id/378
kulturní univerzálie,cultural universals,teater,4238,https://teater.aiscr.cz/id/4238
kulturní vrstva,cultural layer,teater,1752,https://teater.aiscr.cz/id/1752
kulturní vrstva/objekt,cultural layer/feature,amcr,HES-000247,https://api.aiscr.cz/id/HES-000247
kulturní vzor,pattern of culture,teater,3885,https://teater.aiscr.cz/id/3885
kulturní vzorce,cultural framework,teater,4239,https://teater.aiscr.cz/id/4239
kulturní šok,culture shock,teater,4301,https://teater.aiscr.cz/id/4301
kulturně historická archeologie,cultural-historical archeology,teater,7,https://teater.aiscr.cz/id/7
kultury popelnicových polí,Urnfield culture,teater,1176,https://teater.aiscr.cz/id/1176
kumáni,Cumans,teater,2681,https://teater.aiscr.cz/id/2681
kurfiřt,prince-elector,teater,3651,https://teater.aiscr.cz/id/3651
kurhan,kurgan,teater,1664,https://teater.aiscr.cz/id/1664
kuronsko,Courland,teater,2994,https://teater.aiscr.cz/id/2994
kurvatura,curvature,teater,1800,https://teater.aiscr.cz/id/1800
kurátorství sbírek,collection curatorship,teater,227,https://teater.aiscr.cz/id/227
kurátorství výstav,exhibition curatorship,teater,241,https://teater.aiscr.cz/id/241
kuvajt,Kuwait,amcr,HES-001201,https://api.aiscr.cz/id/HES-001201
kuše,crossbow,amcr,HES-000822,https://api.aiscr.cz/id/HES-000822
kvantitativní transformace,quantitative transformation,teater,63,https://teater.aiscr.cz/id/63
kvietismus,quietism,teater,711,https://teater.aiscr.cz/id/711
kvádové,Quadi,teater,2609,https://teater.aiscr.cz/id/2609
kyathos,kyathos,teater,2053,https://teater.aiscr.cz/id/2053
kyjatická kultura,Kyjatice culture,teater,1191,https://teater.aiscr.cz/id/1191
kyjevská rus,Kievan Rus',teater,2995,https://teater.aiscr.cz/id/2995
kykladská kultura,Cycladic culture,teater,1154,https://teater.aiscr.cz/id/1154
kyklady (řecko : souostroví),Cyclades,teater,4047,https://teater.aiscr.cz/id/4047
kylix,kylix,teater,2054,https://teater.aiscr.cz/id/2054
kypr,Cyprus,amcr,HES-001237,https://api.aiscr.cz/id/HES-001237
kyrenaika,Cyrenaica,teater,4049,https://teater.aiscr.cz/id/4049
kyrgyzstán,Kyrgyzstan,amcr,HES-001297,https://api.aiscr.cz/id/HES-001297
kyselost půdy,soil acidity,teater,981,https://teater.aiscr.cz/id/981
kythéra,Kythira,teater,4050,https://teater.aiscr.cz/id/4050
kácení máje,Cutting down the maypole,teater,4264,https://teater.aiscr.cz/id/4264
kámen,stone,amcr,HES-000927,https://api.aiscr.cz/id/HES-000927
kámen broušený,polished stone,amcr,HES-000928,https://api.aiscr.cz/id/HES-000928
kámen drahý,gemstone,amcr,HES-000929,https://api.aiscr.cz/id/HES-000929
kámen drtidlo/žernov,grinding stone,amcr,HES-000930,https://api.aiscr.cz/id/HES-000930
kámen stavební,building stone,amcr,HES-000931,https://api.aiscr.cz/id/HES-000931
kámen štípaný,lithics,amcr,HES-000932,https://api.aiscr.cz/id/HES-000932
kárie,Caria,teater,4038,https://teater.aiscr.cz/id/4038
kárové,Carians,teater,3934,https://teater.aiscr.cz/id/3934
kázání,sermon,teater,2229,https://teater.aiscr.cz/id/2229
kós (řecko : ostrov),Kos,teater,4045,https://teater.aiscr.cz/id/4045
kúros,kouros,teater,1892,https://teater.aiscr.cz/id/1892
křemen,quartz,teater,2491,https://teater.aiscr.cz/id/2491
křemenec,quartzite,teater,2492,https://teater.aiscr.cz/id/2492
křesadlo,strike a light,teater,2115,https://teater.aiscr.cz/id/2115
křesadlo/ocílka,firesteel,amcr,HES-000729,https://api.aiscr.cz/id/HES-000729
křest,baptism,teater,381,https://teater.aiscr.cz/id/381
křest dětí,Infant baptism,teater,382,https://teater.aiscr.cz/id/382
křesťanská civilizace východní,Eastern Christian civilization,teater,730,https://teater.aiscr.cz/id/730
křesťanská civilizace západní,Western Christian civilization,teater,739,https://teater.aiscr.cz/id/739
křesťanská legenda,christian legend,teater,2230,https://teater.aiscr.cz/id/2230
křesťanská literatura,christian literature,teater,2215,https://teater.aiscr.cz/id/2215
křesťanská liturgie,Christian liturgy,teater,761,https://teater.aiscr.cz/id/761
křesťanská misie,Christian mission,teater,749,https://teater.aiscr.cz/id/749
křesťanská misionářka,Christian women missionary,teater,3114,https://teater.aiscr.cz/id/3114
křesťanská spiritualita,Christian spirituality,teater,802,https://teater.aiscr.cz/id/802
křesťanská teologie,Christian theology,teater,742,https://teater.aiscr.cz/id/742
křesťanské mnišství,Christian monachism,teater,795,https://teater.aiscr.cz/id/795
křesťanský klášter,Christian monastery,teater,1357,https://teater.aiscr.cz/id/1357
křesťanský kněz,Christian priest,teater,3105,https://teater.aiscr.cz/id/3105
křesťanský misionář,Christian missionary,teater,3115,https://teater.aiscr.cz/id/3115
křesťanský světec,Christian saint,teater,752,https://teater.aiscr.cz/id/752
křesťanství,Christianity,teater,693,https://teater.aiscr.cz/id/693
křišťál,quartz crystal,teater,2493,https://teater.aiscr.cz/id/2493
křtitelnice,baptismal font,amcr,HES-000499,https://api.aiscr.cz/id/HES-000499
kříž,Christian cross,teater,3815,https://teater.aiscr.cz/id/3815
kříž/boží muka,cross/calvary,amcr,HES-000022,https://api.aiscr.cz/id/HES-000022
křížek,cross,amcr,HES-000664,https://api.aiscr.cz/id/HES-000664
křížovníci s červenou hvězdou,Knights of the Cross with the Red Star,teater,3151,https://teater.aiscr.cz/id/3151
křížovníci s červeným křížem,Knights of the Cross with the Red Cross,teater,3152,https://teater.aiscr.cz/id/3152
křížovníci s červeným srdcem,Knights of the Cross with the Red Heart,teater,3153,https://teater.aiscr.cz/id/3153
křížová cesta,ways of the Cross,teater,1342,https://teater.aiscr.cz/id/1342
křížová výprava,crusade,teater,793,https://teater.aiscr.cz/id/793
kůl,pole,amcr,HES-000737,https://api.aiscr.cz/id/HES-000737
kůl/sloup,stake/post,amcr,HES-000447,https://api.aiscr.cz/id/HES-000447
kůlová jamka,stake hole,teater,1776,https://teater.aiscr.cz/id/1776
kůra,bark,amcr,HES-000940,https://api.aiscr.cz/id/HES-000940
kůň,horse,teater,3229,https://teater.aiscr.cz/id/3229
kůže,leather,amcr,HES-000909,https://api.aiscr.cz/id/HES-000909
lago di nemi (itálie : jezero),Lake Nemi,teater,4051,https://teater.aiscr.cz/id/4051
lahev,bottle,amcr,HES-000691,https://api.aiscr.cz/id/HES-000691
lakónie (řecko),Laconia,teater,4052,https://teater.aiscr.cz/id/4052
lamelová zbroj,segmented armour,teater,2020,https://teater.aiscr.cz/id/2020
lampa,lamp,teater,2056,https://teater.aiscr.cz/id/2056
lampa/kahan,lamp/burner,amcr,HES-000695,https://api.aiscr.cz/id/HES-000695
landfrýd,Landfrieden,teater,3594,https://teater.aiscr.cz/id/3594
langobardi,Langobards,teater,2611,https://teater.aiscr.cz/id/2611
laos,Lao People's Democratic Republic (the),amcr,HES-001298,https://api.aiscr.cz/id/HES-001298
lapis manalis,manalis lapis,teater,2370,https://teater.aiscr.cz/id/2370
laponci,Sami people,teater,2852,https://teater.aiscr.cz/id/2852
laponská jídla,Lappish cookery,teater,2853,https://teater.aiscr.cz/id/2853
laponská literatura,Lappish literature,teater,2880,https://teater.aiscr.cz/id/2880
laponská mytologie,Lappish mythology,teater,2854,https://teater.aiscr.cz/id/2854
laponské náboženství,Lappish religion,teater,2855,https://teater.aiscr.cz/id/2855
laponské pověsti,Lappish legends,teater,2881,https://teater.aiscr.cz/id/2881
laponština,Sami languages,teater,2868,https://teater.aiscr.cz/id/2868
lastura,shell,teater,2496,https://teater.aiscr.cz/id/2496
latina,Latin,amcr,HES-000172,https://api.aiscr.cz/id/HES-000172
latinové,Latins,teater,3946,https://teater.aiscr.cz/id/3946
latinská starověká literatura,ancient Latin literature,teater,2779,https://teater.aiscr.cz/id/2779
latinské nápisy,Latin inscriptions,teater,2774,https://teater.aiscr.cz/id/2774
latinské písmo,Latin script,teater,3580,https://teater.aiscr.cz/id/3580
latinské starověké drama,ancient Latin drama,teater,2780,https://teater.aiscr.cz/id/2780
latinský starověký román,ancient Latin novel,teater,2781,https://teater.aiscr.cz/id/2781
latium,Latium,teater,4053,https://teater.aiscr.cz/id/4053
laténska kultura,La Tène culture,teater,1225,https://teater.aiscr.cz/id/1225
lavina,avalanche,teater,958,https://teater.aiscr.cz/id/958
lavrion (řecko),Laurium,teater,4054,https://teater.aiscr.cz/id/4054
lazariáni,Lazarians,teater,3154,https://teater.aiscr.cz/id/3154
lebés,lebes,teater,2057,https://teater.aiscr.cz/id/2057
ledovcový sediment,glacial deposit,teater,1004,https://teater.aiscr.cz/id/1004
ledovec,glacier,teater,959,https://teater.aiscr.cz/id/959
legionář,legionary,teater,3526,https://teater.aiscr.cz/id/3526
legát,Legat,teater,3116,https://teater.aiscr.cz/id/3116
lehký obvodový plášť,light curtain wall,teater,1631,https://teater.aiscr.cz/id/1631
lehnické knížectví,Duchy of Legnica,teater,3040,https://teater.aiscr.cz/id/3040
len,linen,teater,2497,https://teater.aiscr.cz/id/2497
lengyelská kultura,Lengyel Culture,amcr,HES-000306,https://api.aiscr.cz/id/HES-000306
lenní právo,feudal law,teater,3612,https://teater.aiscr.cz/id/3612
les,forest,teater,853,https://teater.aiscr.cz/id/853
lesbos (řecko : ostrov),Lesbos,teater,4055,https://teater.aiscr.cz/id/4055
lesché,lesche,teater,1499,https://teater.aiscr.cz/id/1499
lesní hospodářství,forest management,teater,3197,https://teater.aiscr.cz/id/3197
lesní hrabanka,woodland topsoil,amcr,HES-000245,https://api.aiscr.cz/id/HES-000245
lesotho,Lesotho,amcr,HES-001299,https://api.aiscr.cz/id/HES-001299
leszno,Leszno,amcr,HES-000201,https://api.aiscr.cz/id/HES-000201
letecká archeologie,aerial archaeology,teater,30,https://teater.aiscr.cz/id/30
letecká fotografie krajiny,aerial photograph of landscape,amcr,HES-001098,https://api.aiscr.cz/id/HES-001098
letecká fotografie lokality,aerial photograph of site,amcr,HES-001099,https://api.aiscr.cz/id/HES-001099
letecká fotografie metody,aerial photograph of method,amcr,HES-001116,https://api.aiscr.cz/id/HES-001116
letecká fotografie půdních příznaků,aerial photograph of soil marks,amcr,HES-001103,https://api.aiscr.cz/id/HES-001103
letecká fotografie sněžných příznaků,aerial photograph of snow marks,amcr,HES-001104,https://api.aiscr.cz/id/HES-001104
letecká fotografie stínových příznaků,aerial photograph of shadow marks,amcr,HES-001105,https://api.aiscr.cz/id/HES-001105
letecká fotografie vegetačních příznaků,aerial photograph of vegetation marks,amcr,HES-001102,https://api.aiscr.cz/id/HES-001102
letecká fotografie výzkumu,aerial photograph of fieldwork,amcr,HES-001100,https://api.aiscr.cz/id/HES-001100
letecká fotogrammetrie,aerial photogrammetry,teater,122,https://teater.aiscr.cz/id/122
letecké laserové skenování,irborne laser scanning survey,teater,123,https://teater.aiscr.cz/id/123
letecké snímkování,aerial photography,teater,126,https://teater.aiscr.cz/id/126
letecký průzkum,aerial survey,amcr,HES-001045,https://api.aiscr.cz/id/HES-001045
letnice,Pentecost,teater,4272,https://teater.aiscr.cz/id/4272
letokruh,tree ring,teater,295,https://teater.aiscr.cz/id/295
letopisy,annals,teater,2210,https://teater.aiscr.cz/id/2210
leták,leaflet,teater,2209,https://teater.aiscr.cz/id/2209
león,León,teater,2996,https://teater.aiscr.cz/id/2996
libanon,Lebanon,amcr,HES-001239,https://api.aiscr.cz/id/HES-001239
liber,libellus,teater,2211,https://teater.aiscr.cz/id/2211
libum,libum,teater,2417,https://teater.aiscr.cz/id/2417
liburnové,Liburnians,teater,3929,https://teater.aiscr.cz/id/3929
libye,Libya,amcr,HES-001308,https://api.aiscr.cz/id/HES-001308
libérie,Liberia,amcr,HES-001314,https://api.aiscr.cz/id/HES-001314
lichtenštejnsko,Liechtenstein,amcr,HES-001371,https://api.aiscr.cz/id/HES-001371
lid,people,teater,4211,https://teater.aiscr.cz/id/4211
lidová keramika,folk pottery,teater,2460,https://teater.aiscr.cz/id/2460
lidová kultura,folk culture,teater,4212,https://teater.aiscr.cz/id/4212
lidová malba,folk painting,teater,1857,https://teater.aiscr.cz/id/1857
lidová malba na skle,folk painting on glass,teater,1858,https://teater.aiscr.cz/id/1858
lidová píseň,folk song,teater,4252,https://teater.aiscr.cz/id/4252
lidová slovesnost,oral tradition,teater,4282,https://teater.aiscr.cz/id/4282
lidové divadlo,folk theatre,teater,4213,https://teater.aiscr.cz/id/4213
lidové hrnčířství,folk pottery,teater,3275,https://teater.aiscr.cz/id/3275
lidové umění,folk art,teater,4214,https://teater.aiscr.cz/id/4214
lidový tanec,folk dance,teater,4293,https://teater.aiscr.cz/id/4293
lidská oběť,human sacrifice,teater,832,https://teater.aiscr.cz/id/832
lidská rasa,human race,teater,372,https://teater.aiscr.cz/id/372
lidé v terénu,people in the field,teater,4302,https://teater.aiscr.cz/id/4302
ligurové,Ligures,teater,3947,https://teater.aiscr.cz/id/3947
liguríe,Liguria,teater,2997,https://teater.aiscr.cz/id/2997
limes romanus,Roman limes,teater,2792,https://teater.aiscr.cz/id/2792
limes romanus (německo),Roman limes (Germany),teater,2795,https://teater.aiscr.cz/id/2795
limes romanus (rakousko),Roman limes (Austria),teater,2796,https://teater.aiscr.cz/id/2796
limnos (řecko : ostrov),Lemnos,teater,4057,https://teater.aiscr.cz/id/4057
lineární konkávní útvar,linear concave feature,teater,1705,https://teater.aiscr.cz/id/1705
lineární konvexní útvar,linear convex feature,teater,1706,https://teater.aiscr.cz/id/1706
lineární písmo a,Linear A,teater,3585,https://teater.aiscr.cz/id/3585
lineární písmo b,Linear B,teater,3586,https://teater.aiscr.cz/id/3586
lineární převýšený útvar,linear mound,amcr,HES-000538,https://api.aiscr.cz/id/HES-000538
lineární systém,system of linear features,amcr,HES-001034,https://api.aiscr.cz/id/HES-001034
lineární zahloubený útvar,linear depression,amcr,HES-000539,https://api.aiscr.cz/id/HES-000539
lingvistika,linguistics,teater,611,https://teater.aiscr.cz/id/611
linie,linear feature,amcr,HES-001032,https://api.aiscr.cz/id/HES-001032
linie ohrazující,delimiting line,amcr,HES-001033,https://api.aiscr.cz/id/HES-001033
liniová stavba,line construction,amcr,HES-000600,https://api.aiscr.cz/id/HES-000600
liparské ostrovy (itálie),Lipari Islands,teater,4058,https://teater.aiscr.cz/id/4058
list (diplomatika),letter (Diplomatics),teater,2212,https://teater.aiscr.cz/id/2212
listina,deed,amcr,HES-000670,https://api.aiscr.cz/id/HES-000670
listnatý les,leaf forest,teater,855,https://teater.aiscr.cz/id/855
literární pramen,Literary Source,teater,3729,https://teater.aiscr.cz/id/3729
litevci,Lithuanians,teater,2574,https://teater.aiscr.cz/id/2574
litevské velkoknížectví,Grand Duchy of Lithuania,teater,2998,https://teater.aiscr.cz/id/2998
litevština,Lithuanian,teater,2570,https://teater.aiscr.cz/id/2570
litina,cast iron,teater,3332,https://teater.aiscr.cz/id/3332
litosféra,lithosphere,teater,927,https://teater.aiscr.cz/id/927
liturgická symbolika,liturgical symbolism,teater,769,https://teater.aiscr.cz/id/769
liturgické jazyky,liturgical languages,teater,770,https://teater.aiscr.cz/id/770
liturgický obřad,liturgical ceremony,teater,771,https://teater.aiscr.cz/id/771
liturgický prostor,liturgical space,teater,773,https://teater.aiscr.cz/id/773
liturgický úkon,liturgical act,teater,772,https://teater.aiscr.cz/id/772
liturgie,liturgy,teater,756,https://teater.aiscr.cz/id/756
lituus,lituus,teater,1837,https://teater.aiscr.cz/id/1837
litva,Lithuania,amcr,HES-001372,https://api.aiscr.cz/id/HES-001372
liudolfovci,Ottonian dynasty,teater,3082,https://teater.aiscr.cz/id/3082
livonci,Livonian people,teater,2856,https://teater.aiscr.cz/id/2856
livonsko,Livonia,teater,2999,https://teater.aiscr.cz/id/2999
livonština,Livonian,teater,2869,https://teater.aiscr.cz/id/2869
lnářství,flax industry,teater,3328,https://teater.aiscr.cz/id/3328
loch,larder (cellar),amcr,HES-000487,https://api.aiscr.cz/id/HES-000487
loděnice,dockyard,teater,1473,https://teater.aiscr.cz/id/1473
logografické písmo,ideographic script,teater,3587,https://teater.aiscr.cz/id/3587
lokalita,site,amcr,HES-001074,https://api.aiscr.cz/id/HES-001074
lokalita pod zástavbou,site in built environment,amcr,HES-001454,https://api.aiscr.cz/id/HES-001454
lokris,Locris,teater,4059,https://teater.aiscr.cz/id/4059
lokrové,Locrians,teater,3960,https://teater.aiscr.cz/id/3960
lokátor,lokator,teater,3429,https://teater.aiscr.cz/id/3429
lollardi,Lollards,teater,712,https://teater.aiscr.cz/id/712
lom,quarry,amcr,HES-000034,https://api.aiscr.cz/id/HES-000034
lombardie,Lombardy,teater,3000,https://teater.aiscr.cz/id/3000
lopata,shovel,teater,2117,https://teater.aiscr.cz/id/2117
lopata/rýč,shovel/spade,amcr,HES-000655,https://api.aiscr.cz/id/HES-000655
loretánská kaple,Loreto chapel,teater,1331,https://teater.aiscr.cz/id/1331
lotyši,Latvians,teater,2575,https://teater.aiscr.cz/id/2575
lotyšsko,Latvia,amcr,HES-001288,https://api.aiscr.cz/id/HES-001288
lotyština,Latvian,teater,2571,https://teater.aiscr.cz/id/2571
lov ptáků,bird catching,teater,3199,https://teater.aiscr.cz/id/3199
lov zvěře,animal hunting,teater,3202,https://teater.aiscr.cz/id/3202
lovci mamutů,mammoth hunters,teater,3694,https://teater.aiscr.cz/id/3694
lovec,hunter,teater,3203,https://teater.aiscr.cz/id/3203
lovecko-sběračská společnost,hunting and gathering society,teater,3690,https://teater.aiscr.cz/id/3690
lovecký zámek,hunting chateaux,teater,1440,https://teater.aiscr.cz/id/1440
lovectví,hunting,teater,3198,https://teater.aiscr.cz/id/3198
lovná zvěř,game,teater,308,https://teater.aiscr.cz/id/308
loď,ship,teater,1905,https://teater.aiscr.cz/id/1905
ložiska,deposits,teater,3485,https://teater.aiscr.cz/id/3485
ložisko břidlice,slate deposit,teater,3486,https://teater.aiscr.cz/id/3486
ložisko cínu,tin deposit,teater,3487,https://teater.aiscr.cz/id/3487
ložisko fosfátů,phosphate deposit,teater,3488,https://teater.aiscr.cz/id/3488
ložisko grafitu,graphite deposit,teater,3489,https://teater.aiscr.cz/id/3489
ložisko hnědého uhlí,brown coal deposit,teater,3505,https://teater.aiscr.cz/id/3505
ložisko jílu,clay deposit,teater,3490,https://teater.aiscr.cz/id/3490
ložisko kamenné soli,rock salt deposit,teater,3491,https://teater.aiscr.cz/id/3491
ložisko mramoru,marble deposit,teater,3493,https://teater.aiscr.cz/id/3493
ložisko mědi,copper deposit,teater,3492,https://teater.aiscr.cz/id/3492
ložisko nerostných surovin,deposit of raw materials,teater,3494,https://teater.aiscr.cz/id/3494
ložisko niklu,nickel deposit,teater,3495,https://teater.aiscr.cz/id/3495
ložisko pískovce,sandstone deposit,teater,3496,https://teater.aiscr.cz/id/3496
ložisko písku,deposit of sands,teater,3497,https://teater.aiscr.cz/id/3497
ložisko rašeliny,peat deposit,teater,3498,https://teater.aiscr.cz/id/3498
ložisko rtuti,mercury deposit,teater,3499,https://teater.aiscr.cz/id/3499
ložisko sirných rud,sulphur-ore deposit,teater,3500,https://teater.aiscr.cz/id/3500
ložisko stříbra,silver deposit,teater,3501,https://teater.aiscr.cz/id/3501
ložisko těžkých kovů,heavy metals deposit,teater,3502,https://teater.aiscr.cz/id/3502
ložisko uhlí,coal deposit,teater,3503,https://teater.aiscr.cz/id/3503
ložisko vltavínů,moldavite deposit,teater,3507,https://teater.aiscr.cz/id/3507
ložisko vápence,limestone deposit,teater,3506,https://teater.aiscr.cz/id/3506
ložisko zlata,gold deposit,teater,3508,https://teater.aiscr.cz/id/3508
ložisko černého uhlí,bituminous coal deposit,teater,3504,https://teater.aiscr.cz/id/3504
ložisko železných rud,iron ores deposit,teater,3509,https://teater.aiscr.cz/id/3509
ložisková geologie,economic geology,teater,967,https://teater.aiscr.cz/id/967
lucemburkové,House of Luxembourg,teater,3083,https://teater.aiscr.cz/id/3083
lucembursko,Luxembourg,amcr,HES-001289,https://api.aiscr.cz/id/HES-001289
luk,bow,amcr,HES-000823,https://api.aiscr.cz/id/HES-000823
lukánie,Lucania,teater,4060,https://teater.aiscr.cz/id/4060
lusitánie,Lusitania,teater,4061,https://teater.aiscr.cz/id/4061
lužice,Lusatia,teater,3001,https://teater.aiscr.cz/id/3001
lužická kultura,Lusatian Culture,amcr,HES-000337,https://api.aiscr.cz/id/HES-000337
lužní les,floodplain forest,teater,856,https://teater.aiscr.cz/id/856
lyceum,lyceum,teater,1529,https://teater.aiscr.cz/id/1529
lyra,lyre,teater,1838,https://teater.aiscr.cz/id/1838
láhev,bottle,teater,2055,https://teater.aiscr.cz/id/2055
látky (chemie),substances (chemistry),teater,604,https://teater.aiscr.cz/id/604
lázeňský dům,spa house,teater,1528,https://teater.aiscr.cz/id/1528
lázně,spa,teater,1269,https://teater.aiscr.cz/id/1269
lékařský nástroj,medical device,teater,2116,https://teater.aiscr.cz/id/2116
léky,medicine,teater,2416,https://teater.aiscr.cz/id/2416
lékythos,lekythos,teater,2058,https://teater.aiscr.cz/id/2058
léno,fief,teater,3595,https://teater.aiscr.cz/id/3595
léčiva,medication,teater,2415,https://teater.aiscr.cz/id/2415
lútroforos,loutrophoros,teater,2059,https://teater.aiscr.cz/id/2059
lýdie,Lydia,teater,4062,https://teater.aiscr.cz/id/4062
lýkie,Lycia,teater,4063,https://teater.aiscr.cz/id/4063
lžíce,spoon,amcr,HES-000730,https://api.aiscr.cz/id/HES-000730
macao,Macao,amcr,HES-001351,https://api.aiscr.cz/id/HES-001351
madagaskar,Madagascar,amcr,HES-001352,https://api.aiscr.cz/id/HES-001352
maenianum,maenianum,teater,1508,https://teater.aiscr.cz/id/1508
magdalénien,Magdalenian,amcr,HES-000283,https://api.aiscr.cz/id/HES-000283
magdeburské právo,Magdeburg rights,teater,3614,https://teater.aiscr.cz/id/3614
magie,magic,teater,3844,https://teater.aiscr.cz/id/3844
magma,magma,teater,4132,https://teater.aiscr.cz/id/4132
magnesia,Magnesia,teater,4064,https://teater.aiscr.cz/id/4064
magnetická susceptibilita,magnetic susceptibility,teater,939,https://teater.aiscr.cz/id/939
magnetometr,magnetometer,teater,136,https://teater.aiscr.cz/id/136
magnetometrie,magnetometry,teater,135,https://teater.aiscr.cz/id/135
magnétové,Magnetes,teater,3961,https://teater.aiscr.cz/id/3961
majetnický a votivní depot,votive deposit,teater,1300,https://teater.aiscr.cz/id/1300
majkopská kultura,Maikop culture,teater,1124,https://teater.aiscr.cz/id/1124
majolika,maiolica,teater,2471,https://teater.aiscr.cz/id/2471
maják,lighthouse,teater,1530,https://teater.aiscr.cz/id/1530
makedonie,Makedonien,teater,3002,https://teater.aiscr.cz/id/3002
makedonské války (215-168 př. kr),Macedonian Wars (215-168 B.C.),teater,2684,https://teater.aiscr.cz/id/2684
makrozbytková analýza,macroremains analysis,amcr,HES-000620,https://api.aiscr.cz/id/HES-000620
makrozbytky,macroremains,teater,2498,https://teater.aiscr.cz/id/2498
malajsie,Malaysia,amcr,HES-001327,https://api.aiscr.cz/id/HES-001327
malakofauna,mollusca,amcr,HES-000777,https://api.aiscr.cz/id/HES-000777
malakologie,malacology,teater,309,https://teater.aiscr.cz/id/309
malakozoologická analýza,malacozoological analysis,teater,158,https://teater.aiscr.cz/id/158
malawi,Malawi,amcr,HES-001310,https://api.aiscr.cz/id/HES-001310
malba,painting,teater,1850,https://teater.aiscr.cz/id/1850
malba na hedvábí,silk painting,teater,1864,https://teater.aiscr.cz/id/1864
malba na keramice,pottery painting,teater,1859,https://teater.aiscr.cz/id/1859
malba na mědi,painting on copper,teater,1860,https://teater.aiscr.cz/id/1860
malba na porcelánu,porcelain painting,teater,1861,https://teater.aiscr.cz/id/1861
malba na skle,glass painting,teater,1862,https://teater.aiscr.cz/id/1862
malba na textilu,textile painting,teater,1863,https://teater.aiscr.cz/id/1863
malba/freska,painting/fresco,amcr,HES-000540,https://api.aiscr.cz/id/HES-000540
maledivy,Maldives,amcr,HES-001397,https://api.aiscr.cz/id/HES-001397
mali,Mali,amcr,HES-001205,https://api.aiscr.cz/id/HES-001205
malopolsko,Lesser Poland,teater,3004,https://teater.aiscr.cz/id/3004
malovaná keramika,painted pottery,teater,3283,https://teater.aiscr.cz/id/3283
malta,Malta,amcr,HES-001366,https://api.aiscr.cz/id/HES-001366
maltézští rytíři,Knights of Malta,teater,3155,https://teater.aiscr.cz/id/3155
malá asie,Asia Minor,teater,4065,https://teater.aiscr.cz/id/4065
malá litva,Lithuania Minor,teater,3003,https://teater.aiscr.cz/id/3003
malé hospodářské zvíře,small livestock,teater,305,https://teater.aiscr.cz/id/305
malíř,painter,teater,494,https://teater.aiscr.cz/id/494
malířka,painter (female),teater,499,https://teater.aiscr.cz/id/499
malířství,painting,teater,466,https://teater.aiscr.cz/id/466
malířství 19. století,19th century painting,teater,3761,https://teater.aiscr.cz/id/3761
malířství klasicismu,classicism painting,teater,3762,https://teater.aiscr.cz/id/3762
malířství realismu,realism painting,teater,3764,https://teater.aiscr.cz/id/3764
malířství romantismu,romantic painting,teater,3763,https://teater.aiscr.cz/id/3763
mamutovina,mammoth ivory,teater,2500,https://teater.aiscr.cz/id/2500
man,Isle of Man,amcr,HES-001206,https://api.aiscr.cz/id/HES-001206
manicheismus,Manichaeism,teater,713,https://teater.aiscr.cz/id/713
mansijština,Mansi,teater,2870,https://teater.aiscr.cz/id/2870
mansové,Mansi people,teater,2858,https://teater.aiscr.cz/id/2858
manýrismus,mannerism,teater,518,https://teater.aiscr.cz/id/518
manýristická architektura,mannerist architecture,teater,3751,https://teater.aiscr.cz/id/3751
manýristické malířství,mannerist painting,teater,3759,https://teater.aiscr.cz/id/3759
manština,"Gaelic, indigenous Manx",teater,2672,https://teater.aiscr.cz/id/2672
mapa,map,amcr,HES-001111,https://api.aiscr.cz/id/HES-001111
mapová sbírka,map collection,teater,1035,https://teater.aiscr.cz/id/1035
mapový archiv,map archive,teater,1034,https://teater.aiscr.cz/id/1034
marginálie,marginalia,teater,660,https://teater.aiscr.cz/id/660
marijci,Mari people,teater,2859,https://teater.aiscr.cz/id/2859
marijská literatura,Mari literature,teater,2882,https://teater.aiscr.cz/id/2882
marijská poezie,Mari poetry,teater,2883,https://teater.aiscr.cz/id/2883
marijština,Mari,teater,2871,https://teater.aiscr.cz/id/2871
mariánský amulet,Miraculous Medal,teater,3863,https://teater.aiscr.cz/id/3863
markionismus,Marcionism,teater,714,https://teater.aiscr.cz/id/714
markomani,Marcomanni,teater,2610,https://teater.aiscr.cz/id/2610
"markomanské války, 166-180",Marcomannic Wars,teater,3093,https://teater.aiscr.cz/id/3093
markrabě,marquis,teater,3652,https://teater.aiscr.cz/id/3652
maroko,Morocco,amcr,HES-001208,https://api.aiscr.cz/id/HES-001208
marshallovy ostrovy,Marshall Islands (the),amcr,HES-001267,https://api.aiscr.cz/id/HES-001267
marsové,Marsi,teater,3932,https://teater.aiscr.cz/id/3932
martinik,Martinique,amcr,HES-001403,https://api.aiscr.cz/id/HES-001403
maska,mask,teater,1874,https://teater.aiscr.cz/id/1874
maskaron,mascaron,teater,1801,https://teater.aiscr.cz/id/1801
masová kultura,popular culture,teater,4240,https://teater.aiscr.cz/id/4240
massagetové,Massagetae,teater,3949,https://teater.aiscr.cz/id/3949
matematická geografie,mathematical geography,teater,891,https://teater.aiscr.cz/id/891
materiál objektu/předmětu,feature/object material,teater,2431,https://teater.aiscr.cz/id/2431
materiálová analýza,material analysis,amcr,HES-000633,https://api.aiscr.cz/id/HES-000633
materiálové analýzy,material analysis,amcr,HES-001494,https://api.aiscr.cz/id/HES-001494
matriarchát,matriarchy,teater,3659,https://teater.aiscr.cz/id/3659
matrika,birth register,teater,2264,https://teater.aiscr.cz/id/2264
matrilinearita,matrilineal kinship,teater,3660,https://teater.aiscr.cz/id/3660
mauretánie (království),Mauretania,teater,4066,https://teater.aiscr.cz/id/4066
mauricius,Mauritius,amcr,HES-001238,https://api.aiscr.cz/id/HES-001238
mauritánie,Mauritania,amcr,HES-001325,https://api.aiscr.cz/id/HES-001325
mauzoleum,mausoleum,teater,1665,https://teater.aiscr.cz/id/1665
mayotte,Mayotte,amcr,HES-001389,https://api.aiscr.cz/id/HES-001389
mazanice,daub,amcr,HES-000911,https://api.aiscr.cz/id/HES-000911
mazdaismus,mazdaism,teater,3821,https://teater.aiscr.cz/id/3821
mazovsko,Mazovia,teater,3005,https://teater.aiscr.cz/id/3005
maďarovská kultura,Maďarovce culture,teater,1159,https://teater.aiscr.cz/id/1159
maďarsko,Hungary,amcr,HES-001374,https://api.aiscr.cz/id/HES-001374
maďaři,Hungarians,teater,2857,https://teater.aiscr.cz/id/2857
meander,meander,teater,1684,https://teater.aiscr.cz/id/1684
mecenáš,maecenas,teater,488,https://teater.aiscr.cz/id/488
mecenáška,maecenas (female),teater,489,https://teater.aiscr.cz/id/489
med,honey,teater,2418,https://teater.aiscr.cz/id/2418
medaile,medal,teater,2362,https://teater.aiscr.cz/id/2362
medailon,medallion,teater,2389,https://teater.aiscr.cz/id/2389
medovina,mead,teater,2419,https://teater.aiscr.cz/id/2419
megalitická památka,megalith,teater,1347,https://teater.aiscr.cz/id/1347
megaris,Megara,teater,4068,https://teater.aiscr.cz/id/4068
megaron,megaron,teater,1500,https://teater.aiscr.cz/id/1500
megarská škola,Megaric (school of philosophy),teater,2734,https://teater.aiscr.cz/id/2734
melting pot,melting pot,teater,4215,https://teater.aiscr.cz/id/4215
memorát,memorate,teater,4283,https://teater.aiscr.cz/id/4283
menhir,menhir,amcr,HES-000500,https://api.aiscr.cz/id/HES-000500
mensa,mensa,teater,2119,https://teater.aiscr.cz/id/2119
mentální mapa,mental map,teater,4158,https://teater.aiscr.cz/id/4158
menší odlehlé ostrovy usa,United States Minor Outlying Islands (the),amcr,HES-001247,https://api.aiscr.cz/id/HES-001247
merovejci,Merovingian dynasty,teater,3084,https://teater.aiscr.cz/id/3084
merovejská kultura,Merovingian culture,teater,2961,https://teater.aiscr.cz/id/2961
messapiové,Messapii,teater,3950,https://teater.aiscr.cz/id/3950
messénie (řecko),Messenia,teater,4069,https://teater.aiscr.cz/id/4069
meta,meta,teater,1589,https://teater.aiscr.cz/id/1589
metalografická analýza,metallographic analysis,teater,160,https://teater.aiscr.cz/id/160
metalografie,metallography,amcr,HES-000630,https://api.aiscr.cz/id/HES-000630
metalurgická analýza,metallurgical analysis,teater,161,https://teater.aiscr.cz/id/161
metalurgie,metallurgy,teater,3329,https://teater.aiscr.cz/id/3329
metalurgie železa,iron metallurgy,teater,3336,https://teater.aiscr.cz/id/3336
metamorfovaná hornina,metamorphic rock,teater,993,https://teater.aiscr.cz/id/993
meteorologie,meteorology,teater,968,https://teater.aiscr.cz/id/968
metoda kolektivní biografie,Collective Biography,teater,3720,https://teater.aiscr.cz/id/3720
metoda orální historie,Oral History,teater,3721,https://teater.aiscr.cz/id/3721
metoda právní ikonografie,Legal Iconography,teater,3722,https://teater.aiscr.cz/id/3722
metoda sondy,Probe Method,teater,3723,https://teater.aiscr.cz/id/3723
metody (geologie),methods (geology),teater,914,https://teater.aiscr.cz/id/914
metody (historiografie),methods (historiography),teater,584,https://teater.aiscr.cz/id/584
metody (pedologie),methods (mineralogy),teater,982,https://teater.aiscr.cz/id/982
metody (religionistika),methods (religious science),teater,3907,https://teater.aiscr.cz/id/3907
metody (sedimentologie),methods (sedimentology),teater,998,https://teater.aiscr.cz/id/998
metody a techniky geografického výzkumu,Methods and techniques of geographical research,teater,4156,https://teater.aiscr.cz/id/4156
metody etnologického výzkumu,methods of ethnological research,teater,4308,https://teater.aiscr.cz/id/4308
"metody, analýzy (antropologie)","methods, analysis (anthropology)",teater,354,https://teater.aiscr.cz/id/354
"metody, analýzy (archeobotanika)","methods, analyses (archaeobotany)",teater,293,https://teater.aiscr.cz/id/293
"metody, analýzy (demografie)","methods, analyses (demography)",teater,401,https://teater.aiscr.cz/id/401
"metody, analýzy (dějiny umění)","methods, analyses (art history)",teater,453,https://teater.aiscr.cz/id/453
metopa,metope,teater,1802,https://teater.aiscr.cz/id/1802
metropole,metropolis,teater,1390,https://teater.aiscr.cz/id/1390
mexiko,Mexico,amcr,HES-001210,https://api.aiscr.cz/id/HES-001210
mezinárodní smlouva,international treaty,teater,257,https://teater.aiscr.cz/id/257
mezní pás,field boundary,amcr,HES-000503,https://api.aiscr.cz/id/HES-000503
mezník,boundary stone,teater,1675,https://teater.aiscr.cz/id/1675
mezník/patník,milestone/boundary stone,amcr,HES-000522,https://api.aiscr.cz/id/HES-000522
mezolit,Mesolithic,amcr,HES-000396,https://api.aiscr.cz/id/HES-000396
mezopotámie,Mesopotamia,teater,4070,https://teater.aiscr.cz/id/4070
meč,sword,amcr,HES-000786,https://api.aiscr.cz/id/HES-000786
mečoví rytíři,Knights of the swords,teater,3156,https://teater.aiscr.cz/id/3156
mečíř,swordsmith,teater,3704,https://teater.aiscr.cz/id/3704
mešita,mosque,teater,1344,https://teater.aiscr.cz/id/1344
michelsberská kultura,Michelsberg Culture,amcr,HES-000365,https://api.aiscr.cz/id/HES-000365
micoquien,Micoquien,amcr,HES-000292,https://api.aiscr.cz/id/HES-000292
migrace do měst,cityward migration,teater,420,https://teater.aiscr.cz/id/420
migrace na venkov,countryward migration,teater,421,https://teater.aiscr.cz/id/421
migrace obyvatelstva,migration,teater,416,https://teater.aiscr.cz/id/416
mikrofosilie,microfossil,teater,339,https://teater.aiscr.cz/id/339
mikrofotografie,microphotograph,amcr,HES-001096,https://api.aiscr.cz/id/HES-001096
mikrohistorie,Microhistory,teater,3717,https://teater.aiscr.cz/id/3717
mikronésie,Micronesia (Federated States of),amcr,HES-001211,https://api.aiscr.cz/id/HES-001211
mikrosondáž,shovel test,teater,113,https://teater.aiscr.cz/id/113
mikrosondáž/vzorkovací sondáž,shovel tests/test pitting,amcr,HES-001051,https://api.aiscr.cz/id/HES-001051
mikrostratigrafie,microstratigraphy,amcr,HES-001444,https://api.aiscr.cz/id/HES-001444
mikroštítek,microfiche,amcr,HES-000241,https://api.aiscr.cz/id/HES-000241
milavečská kultura,Milavče Culture,amcr,HES-000339,https://api.aiscr.cz/id/HES-000339
militaria,weapons and armour,amcr,HES-000784,https://api.aiscr.cz/id/HES-000784
milos (řecko),Milos,teater,4071,https://teater.aiscr.cz/id/4071
milosrdní bratři,Brothers Hospitallers,teater,3157,https://teater.aiscr.cz/id/3157
milíř,charcoal kiln,amcr,HES-000554,https://api.aiscr.cz/id/HES-000554
milířiště,charcoal kiln,amcr,HES-000029,https://api.aiscr.cz/id/HES-000029
minaret,minaret,teater,1720,https://teater.aiscr.cz/id/1720
mince,coin,amcr,HES-000794,https://api.aiscr.cz/id/HES-000794
mincmistr,mintmaster,teater,3338,https://teater.aiscr.cz/id/3338
mincovna,mint,teater,1766,https://teater.aiscr.cz/id/1766
mincovnictví,minting,teater,3337,https://teater.aiscr.cz/id/3337
mincovní poklad,coin treasure,teater,1302,https://teater.aiscr.cz/id/1302
mincovní váha,coin scale,teater,2150,https://teater.aiscr.cz/id/2150
mineralogická analýza,mineralogical analysis,teater,162,https://teater.aiscr.cz/id/162
mineralogická sbírka,mineral collection,teater,228,https://teater.aiscr.cz/id/228
mineralogie,mineralogy,teater,969,https://teater.aiscr.cz/id/969
minerál,mineral,teater,972,https://teater.aiscr.cz/id/972
minerální ložisko,mineral deposit,teater,3510,https://teater.aiscr.cz/id/3510
miniaturista,miniaturist,teater,3292,https://teater.aiscr.cz/id/3292
minojská kultura,Minoan culture,teater,1155,https://teater.aiscr.cz/id/1155
minoritský klášter,Minorite monastery,teater,1378,https://teater.aiscr.cz/id/1378
minorité,Minoriten,teater,3158,https://teater.aiscr.cz/id/3158
minsterberské knížectví,Duchy of Münsterberg,teater,3041,https://teater.aiscr.cz/id/3041
minyové,Minyans,teater,3962,https://teater.aiscr.cz/id/3962
misál,missal,teater,2231,https://teater.aiscr.cz/id/2231
mitra,mitra,teater,2320,https://teater.aiscr.cz/id/2320
miškovický typ,Míškovice Type,amcr,HES-000282,https://api.aiscr.cz/id/HES-000282
mladý paleolit,Upper Palaeolithic,teater,1085,https://teater.aiscr.cz/id/1085
mladší / pozdní eneolit,late / final eneolithic,teater,1142,https://teater.aiscr.cz/id/1142
mladší doba bronzová,Late Bronze Age,amcr,HES-001483,https://api.aiscr.cz/id/HES-001483
mladší doba halštatská (had2-3),late Hallstatt period (HaD2-3),teater,1208,https://teater.aiscr.cz/id/1208
mladší doba halštatská (had2–3),Late Hallstatt Period (HaD2–3),amcr,HES-001487,https://api.aiscr.cz/id/HES-001487
mladší doba hradištní,late hillfort period,teater,1242,https://teater.aiscr.cz/id/1242
mladší doba stěhování národů,Late Migration Period,amcr,HES-001470,https://api.aiscr.cz/id/HES-001470
mladší doba římská,Late Roman Period,amcr,HES-001466,https://api.aiscr.cz/id/HES-001466
mladší eneolit,Late Eneolithic,amcr,HES-001478,https://api.aiscr.cz/id/HES-001478
mladší paleolit,Upper Palaeolithic,amcr,HES-001467,https://api.aiscr.cz/id/HES-001467
mladší/pozdní doba laténská (ltc2-d),late/final La Tène period (LtC2-D),teater,1220,https://teater.aiscr.cz/id/1220
mladší/pozdní eneolit,Late/Final Eneolithic,amcr,HES-000374,https://api.aiscr.cz/id/HES-000374
mladší–pozdní doba laténská (ltc2–d),Late–Final La Tène Period (LtC2–D),amcr,HES-001461,https://api.aiscr.cz/id/HES-001461
mladší–pozdní eneolit,Late–Final Eneolithic,amcr,HES-001479,https://api.aiscr.cz/id/HES-001479
mlynář,miller,teater,3341,https://teater.aiscr.cz/id/3341
mlynářství,miller’s trade,teater,3340,https://teater.aiscr.cz/id/3340
mlýn,mill,amcr,HES-000028,https://api.aiscr.cz/id/HES-000028
mlýnský kámen,millstone,teater,2120,https://teater.aiscr.cz/id/2120
mnich,monk,teater,3119,https://teater.aiscr.cz/id/3119
mnichovo hradiště,Mnichovo Hradiště,amcr,HES-000203,https://api.aiscr.cz/id/HES-000203
mniška,nun (mniška/Nonne),teater,3120,https://teater.aiscr.cz/id/3120
mnišský řád,monkish order,teater,3117,https://teater.aiscr.cz/id/3117
mnišský život,monkish life,teater,796,https://teater.aiscr.cz/id/796
mnišství,monasticism,teater,794,https://teater.aiscr.cz/id/794
moderní dějiny,late modern period,teater,1265,https://teater.aiscr.cz/id/1265
moderní společnost,modern society,teater,3691,https://teater.aiscr.cz/id/3691
modlitební kniha,prayer book,teater,2232,https://teater.aiscr.cz/id/2232
modlářství,idolatry,teater,828,https://teater.aiscr.cz/id/828
moesie,Moesia,teater,3007,https://teater.aiscr.cz/id/3007
mohyla,burial mound,amcr,HES-000431,https://api.aiscr.cz/id/HES-000431
mohylník,barrow cemetery,teater,1410,https://teater.aiscr.cz/id/1410
mohylové kultury,Tumulus culture,teater,1168,https://teater.aiscr.cz/id/1168
mojmírovci,House of Mojmír,teater,3085,https://teater.aiscr.cz/id/3085
mokřad,wetland,teater,859,https://teater.aiscr.cz/id/859
mola salsa,mola salsa,teater,2420,https://teater.aiscr.cz/id/2420
moldavsko,Moldova (the Republic of),amcr,HES-001269,https://api.aiscr.cz/id/HES-001269
moldávie (historické území),Moldavia,teater,3008,https://teater.aiscr.cz/id/3008
molekulární genetika,molecular genetics,teater,581,https://teater.aiscr.cz/id/581
molossové,Molossi,teater,3963,https://teater.aiscr.cz/id/3963
monako,Monaco,amcr,HES-001270,https://api.aiscr.cz/id/HES-001270
monarchie,monarchy,teater,3677,https://teater.aiscr.cz/id/3677
monastýr,monastery (Eastern Orthodox Church),teater,1383,https://teater.aiscr.cz/id/1383
mongolové,Mongols,teater,2694,https://teater.aiscr.cz/id/2694
mongolsko,Mongolia,amcr,HES-001240,https://api.aiscr.cz/id/HES-001240
mongolská filologie,Mongolian philology,teater,2695,https://teater.aiscr.cz/id/2695
mongolská literatura,Mongolian literature,teater,2696,https://teater.aiscr.cz/id/2696
mongolská mytologie,Mongolian mythology,teater,2699,https://teater.aiscr.cz/id/2699
mongolská poezie,Mongolian poetry,teater,2697,https://teater.aiscr.cz/id/2697
mongolské jazyky,Mongolian languages,teater,2700,https://teater.aiscr.cz/id/2700
mongolské malířství,Mongolian painting,teater,2708,https://teater.aiscr.cz/id/2708
mongolské písmo,Mongolian script,teater,2705,https://teater.aiscr.cz/id/2705
mongolské sochařství,Mongolian sculpture,teater,2709,https://teater.aiscr.cz/id/2709
mongolské umění,Mongolian art,teater,2706,https://teater.aiscr.cz/id/2706
mongolské výboje 1206-1405,Mongol invasion (1206-1405),teater,2710,https://teater.aiscr.cz/id/2710
mongolské výtvarné umění,Mongolian visual art,teater,2707,https://teater.aiscr.cz/id/2707
mongolský epos,Mongolian epos,teater,2698,https://teater.aiscr.cz/id/2698
mongolský vpád na moravu (1241),Mongol invasion of Moravia (1241),teater,2711,https://teater.aiscr.cz/id/2711
mongolština,Mongolian (Mongolian language),teater,2702,https://teater.aiscr.cz/id/2702
monochord,monochord,teater,1839,https://teater.aiscr.cz/id/1839
monofyzitismus,Monophysitism,teater,715,https://teater.aiscr.cz/id/715
monogram,monogram,teater,633,https://teater.aiscr.cz/id/633
monopteros,monopteros,teater,1314,https://teater.aiscr.cz/id/1314
monoteismus,monotheism,teater,692,https://teater.aiscr.cz/id/692
monoxyl,logboat,teater,1898,https://teater.aiscr.cz/id/1898
montanismus,Montanism,teater,716,https://teater.aiscr.cz/id/716
montserrat,Montserrat,amcr,HES-001241,https://api.aiscr.cz/id/HES-001241
montánní archeologie,mining archaeology,teater,31,https://teater.aiscr.cz/id/31
moravské markrabství,Margraviate of Moravia,teater,3073,https://teater.aiscr.cz/id/3073
mordvini,Mordvins,teater,2860,https://teater.aiscr.cz/id/2860
mordvinská literatura,Mordvin literature,teater,2884,https://teater.aiscr.cz/id/2884
mordvinská poezie,Mordvin poetry,teater,2885,https://teater.aiscr.cz/id/2885
mordvinština,Mordvinic languages,teater,2872,https://teater.aiscr.cz/id/2872
moretum,moretum,teater,2421,https://teater.aiscr.cz/id/2421
morfologie člověka,human morphology,teater,373,https://teater.aiscr.cz/id/373
morfometrie,morphometry,teater,3876,https://teater.aiscr.cz/id/3876
morfoskopie,morphoscopy,teater,3877,https://teater.aiscr.cz/id/3877
morový sloup,plague column,teater,1721,https://teater.aiscr.cz/id/1721
mosambik,Mozambique,amcr,HES-001294,https://api.aiscr.cz/id/HES-001294
mosaz,brass,amcr,HES-000913,https://api.aiscr.cz/id/HES-000913
most,bridge,amcr,HES-000523,https://api.aiscr.cz/id/HES-000523
most/brod,bridge/ford,amcr,HES-000049,https://api.aiscr.cz/id/HES-000049
motte,motte,amcr,HES-000531,https://api.aiscr.cz/id/HES-000531
motyka,hoe,teater,2157,https://teater.aiscr.cz/id/2157
motyka/krumpáč,mattock/pickaxe,amcr,HES-000799,https://api.aiscr.cz/id/HES-000799
moustérien,Mousterian,amcr,HES-000312,https://api.aiscr.cz/id/HES-000312
mozaika,mosaic,teater,1875,https://teater.aiscr.cz/id/1875
mozaikář,mosaic craftsman,teater,3391,https://teater.aiscr.cz/id/3391
mozaikářství,mosaic working,teater,3390,https://teater.aiscr.cz/id/3390
mořské národy,Sea Peoples,teater,3951,https://teater.aiscr.cz/id/3951
mořský měkkýš,sea mollusc,teater,2506,https://teater.aiscr.cz/id/2506
mramor,marble,teater,2508,https://teater.aiscr.cz/id/2508
mulsum,mulsum,teater,2422,https://teater.aiscr.cz/id/2422
multikulturalismus,multiculturalism,teater,4216,https://teater.aiscr.cz/id/4216
mumie,mummy,teater,1925,https://teater.aiscr.cz/id/1925
municipium,municipium,teater,1396,https://teater.aiscr.cz/id/1396
muzejní dokumentace,museum documentation,teater,229,https://teater.aiscr.cz/id/229
muzejní sbírky,museum collection,teater,222,https://teater.aiscr.cz/id/222
muzejní spolek,museum association,teater,251,https://teater.aiscr.cz/id/251
muzejní společnost,museum society,teater,250,https://teater.aiscr.cz/id/250
muzejní výstava,museum exhibitions,teater,239,https://teater.aiscr.cz/id/239
muzeum,museum,amcr,HES-001127,https://api.aiscr.cz/id/HES-001127
muzeum/skanzen,museum/open-air museum,amcr,HES-000129,https://api.aiscr.cz/id/HES-000129
mužská spiritualita,men’s spirituality,teater,804,https://teater.aiscr.cz/id/804
mužský řeholní řád,male monastic order,teater,3137,https://teater.aiscr.cz/id/3137
myanmar,Myanmar,amcr,HES-001356,https://api.aiscr.cz/id/HES-001356
mykénská kultura,Mycenaean civilization,teater,1153,https://teater.aiscr.cz/id/1153
mykénská řečtina,Mycenaean Greek,teater,2731,https://teater.aiscr.cz/id/2731
myslivec,gamekeeper,teater,3206,https://teater.aiscr.cz/id/3206
myslivost,game management,teater,3204,https://teater.aiscr.cz/id/3204
mytické území,mythical place,teater,890,https://teater.aiscr.cz/id/890
májové obyčeje,May Day traditions,teater,4263,https://teater.aiscr.cz/id/4263
málo destruktivní metoda,less destructive method,teater,111,https://teater.aiscr.cz/id/111
médie,Media,teater,4067,https://teater.aiscr.cz/id/4067
médové,Medes,teater,3948,https://teater.aiscr.cz/id/3948
métróon,Metroon,teater,1313,https://teater.aiscr.cz/id/1313
mísa,bowl,amcr,HES-000719,https://api.aiscr.cz/id/HES-000719
místo sběru,collection site,amcr,HES-000057,https://api.aiscr.cz/id/HES-000057
místo těžby,extracting place,amcr,HES-000559,https://api.aiscr.cz/id/HES-000559
místo výroby,production place,amcr,HES-000544,https://api.aiscr.cz/id/HES-000544
místo zpracování,processing place,amcr,HES-000543,https://api.aiscr.cz/id/HES-000543
míšeňsko (německo : markrabství),Margraviate of Meissen,teater,3006,https://teater.aiscr.cz/id/3006
múseion,Museion,teater,1534,https://teater.aiscr.cz/id/1534
mýsie,Mysia,teater,4072,https://teater.aiscr.cz/id/4072
mýtné,toll,teater,3185,https://teater.aiscr.cz/id/3185
mýtní domek,toll house,teater,1535,https://teater.aiscr.cz/id/1535
mýtus,myth,teater,4284,https://teater.aiscr.cz/id/4284
mědikovec,coppersmith,teater,3316,https://teater.aiscr.cz/id/3316
měditepectví,copper beating,teater,3315,https://teater.aiscr.cz/id/3315
měkkýš,Mollusca,teater,2502,https://teater.aiscr.cz/id/2502
mělník-hořín,Mělník-Hořín,amcr,HES-000202,https://api.aiscr.cz/id/HES-000202
měna,currency,teater,669,https://teater.aiscr.cz/id/669
městečko,small town,teater,1445,https://teater.aiscr.cz/id/1445
město,city,amcr,HES-000074,https://api.aiscr.cz/id/HES-000074
městská brána,town gateway,teater,1624,https://teater.aiscr.cz/id/1624
městská hradba,city walls,teater,1627,https://teater.aiscr.cz/id/1627
městská kniha,town book,teater,2265,https://teater.aiscr.cz/id/2265
městská krajina,urban landscape,teater,872,https://teater.aiscr.cz/id/872
městská kronika,town chronicle,teater,2205,https://teater.aiscr.cz/id/2205
městská památková rezervace,urban monument reserve,teater,262,https://teater.aiscr.cz/id/262
městská pečeť,city seal,teater,3432,https://teater.aiscr.cz/id/3432
městská služba,city services,teater,4144,https://teater.aiscr.cz/id/4144
městská správa,municipal government,teater,3430,https://teater.aiscr.cz/id/3430
městské historické centrum,historical town centre,teater,261,https://teater.aiscr.cz/id/261
městské opevnění,town fortification,teater,1286,https://teater.aiscr.cz/id/1286
městské právo,city rights,teater,3613,https://teater.aiscr.cz/id/3613
městský hrad,town palace,teater,1432,https://teater.aiscr.cz/id/1432
městský palác,town palace,amcr,HES-000016,https://api.aiscr.cz/id/HES-000016
městský systém,city system,teater,4143,https://teater.aiscr.cz/id/4143
městský znak,city coat of arms,teater,3434,https://teater.aiscr.cz/id/3434
městský úřad,municipal office,teater,3433,https://teater.aiscr.cz/id/3433
měď,copper,amcr,HES-000912,https://api.aiscr.cz/id/HES-000912
měšťanská kultura,bourgeois culture,teater,3637,https://teater.aiscr.cz/id/3637
měšťanstvo,bourgeoisie,teater,3635,https://teater.aiscr.cz/id/3635
mše,Holy Mass,teater,797,https://teater.aiscr.cz/id/797
nabatejci,Nabataeans,teater,3952,https://teater.aiscr.cz/id/3952
nacionalismus,nationalism,teater,4197,https://teater.aiscr.cz/id/4197
nadkomunitní areál,supracommunity site,amcr,HES-000011,https://api.aiscr.cz/id/HES-000011
nadloží,overburden,teater,986,https://teater.aiscr.cz/id/986
nadzemní relikty,aboveground remains,amcr,HES-001455,https://api.aiscr.cz/id/HES-001455
namibie,Namibia,amcr,HES-001213,https://api.aiscr.cz/id/HES-001213
narthex,narthex,teater,1722,https://teater.aiscr.cz/id/1722
naturalismus (umění),naturalism (art),teater,519,https://teater.aiscr.cz/id/519
natěračství,painter’s trade,teater,3342,https://teater.aiscr.cz/id/3342
nauru,Nauru,amcr,HES-001346,https://api.aiscr.cz/id/HES-001346
navarra,Navarra,teater,3009,https://teater.aiscr.cz/id/3009
navážka,backfill,amcr,HES-000457,https://api.aiscr.cz/id/HES-000457
nazarénismus (umění),nazarene movement,teater,520,https://teater.aiscr.cz/id/520
neapolsko (království),Kingdom of Naples,teater,3010,https://teater.aiscr.cz/id/3010
nedestruktivní archeologie,non-destructive archaeology,teater,32,https://teater.aiscr.cz/id/32
nedestruktivní metoda výzkumu,non-destructive method,teater,118,https://teater.aiscr.cz/id/118
nedestruktivní průzkum,non-destructive survey,amcr,HES-001063,https://api.aiscr.cz/id/HES-001063
nedokumentovaná akce,undocumented fieldwork,amcr,HES-001054,https://api.aiscr.cz/id/HES-001054
negativ barevný,colour negative,amcr,HES-000227,https://api.aiscr.cz/id/HES-000227
negativ černobílý (film),black-and-white negative (film),amcr,HES-000228,https://api.aiscr.cz/id/HES-000228
negativ černobílý (sklo),black-and-white negative (glass),amcr,HES-000229,https://api.aiscr.cz/id/HES-000229
nehotový výrobek/polotovar,semiproduct/blank,amcr,HES-000828,https://api.aiscr.cz/id/HES-000828
nejisté (50–95 %),uncertain (50–95%),amcr,HES-001450,https://api.aiscr.cz/id/HES-001450
nejstarší náboženské systémy,oldest religious systems,teater,684,https://teater.aiscr.cz/id/684
neklidný terén,uneven surface,amcr,HES-000568,https://api.aiscr.cz/id/HES-000568
nekrologium,necrology,teater,2235,https://teater.aiscr.cz/id/2235
nemocnice,hospital,teater,1536,https://teater.aiscr.cz/id/1536
nemocniční řeholní řád,hospitaler order,teater,3134,https://teater.aiscr.cz/id/3134
nemovitá památka,heritage site,amcr,HES-001122,https://api.aiscr.cz/id/HES-001122
"není, nezjištěno",unavailable/unknown,amcr,HES-000240,https://api.aiscr.cz/id/HES-000240
neobarokní sloh,neo–Baroque,teater,3746,https://teater.aiscr.cz/id/3746
neodborné narušení,non-professional intervention,amcr,HES-001140,https://api.aiscr.cz/id/HES-001140
neogotický sloh,neo–Gothic,teater,3744,https://teater.aiscr.cz/id/3744
neogén,neogene,teater,1058,https://teater.aiscr.cz/id/1058
neolit,Neolithic,amcr,HES-000398,https://api.aiscr.cz/id/HES-000398
neolit-eneolit,neolithic-eneolithic,teater,1100,https://teater.aiscr.cz/id/1100
neolit–eneolit,Neolithic–Eneolithic,amcr,HES-000400,https://api.aiscr.cz/id/HES-000400
neorenesanční sloh,neo–Renaissance,teater,3745,https://teater.aiscr.cz/id/3745
neorománský sloh,neo–Romanesque,teater,3743,https://teater.aiscr.cz/id/3743
nepál,Nepal,amcr,HES-001204,https://api.aiscr.cz/id/HES-001204
nepálená cihla,mud-brick,teater,2346,https://teater.aiscr.cz/id/2346
nerelevantní,irrelevant,amcr,HES-000174,https://api.aiscr.cz/id/HES-000174
nerviové,Nervii,teater,3939,https://teater.aiscr.cz/id/3939
nespecifikovaný reliéfní útvar,unspecified terrain feature,amcr,HES-000567,https://api.aiscr.cz/id/HES-000567
nestoriánská církev,Nestorian church,teater,718,https://teater.aiscr.cz/id/718
nestoriánství,Nestorian,teater,717,https://teater.aiscr.cz/id/717
nestrukturovaný rozhovor,unstructured interview,teater,4315,https://teater.aiscr.cz/id/4315
neurónová aktivační analýza,neutron activation analysis,teater,163,https://teater.aiscr.cz/id/163
neurčený areál,unspecified site,amcr,HES-000060,https://api.aiscr.cz/id/HES-000060
neurčený dokument,unspecified document,amcr,HES-001112,https://api.aiscr.cz/id/HES-001112
neurčený materiál,unspecified material,amcr,HES-000232,https://api.aiscr.cz/id/HES-000232
nevolnictví,serfdom,teater,3599,https://teater.aiscr.cz/id/3599
nevolník,serf,teater,3638,https://teater.aiscr.cz/id/3638
nevěstinec,brothel,teater,1537,https://teater.aiscr.cz/id/1537
neznámá,unknown,amcr,HES-000099,https://api.aiscr.cz/id/HES-000099
neznámé počasí,unknown weather,amcr,HES-000586,https://api.aiscr.cz/id/HES-000586
neznámé uložení,unknown deposition,amcr,HES-001172,https://api.aiscr.cz/id/HES-001172
neznámý,unknown,amcr,HES-000601,https://api.aiscr.cz/id/HES-000601
neželezný kov,nonferrous metal,teater,2483,https://teater.aiscr.cz/id/2483
niello,niello,teater,3379,https://teater.aiscr.cz/id/3379
niger,Niger (the),amcr,HES-001273,https://api.aiscr.cz/id/HES-001273
nigérie,Nigeria,amcr,HES-001274,https://api.aiscr.cz/id/HES-001274
nika,niche,amcr,HES-000448,https://api.aiscr.cz/id/HES-000448
nikaragua,Nicaragua,amcr,HES-001229,https://api.aiscr.cz/id/HES-001229
nikl,nickel,teater,2484,https://teater.aiscr.cz/id/2484
nil (řeka),Nile,teater,4073,https://teater.aiscr.cz/id/4073
niské knížectví,Duchy of Nysa,teater,3042,https://teater.aiscr.cz/id/3042
nitranská kultura,Nitra Culture,amcr,HES-000359,https://api.aiscr.cz/id/HES-000359
nitrianska kultura,Nitra culture,teater,1160,https://teater.aiscr.cz/id/1160
niue,Niue,amcr,HES-001279,https://api.aiscr.cz/id/HES-001279
nizozemsko,Netherlands (the),amcr,HES-001230,https://api.aiscr.cz/id/HES-001230
nižší společenská třída,lower class,teater,3629,https://teater.aiscr.cz/id/3629
nižší šlechta,gentry,teater,3653,https://teater.aiscr.cz/id/3653
nobilitace,nobilitation,teater,3600,https://teater.aiscr.cz/id/3600
nobilitační listina,nobility document,teater,2261,https://teater.aiscr.cz/id/2261
norfolk,Norfolk Island,amcr,HES-001231,https://api.aiscr.cz/id/HES-001231
noricum,Noricum,teater,3011,https://teater.aiscr.cz/id/3011
normandie,Normandy,teater,3012,https://teater.aiscr.cz/id/3012
normané,Normans,teater,2890,https://teater.aiscr.cz/id/2890
norsko,Norway,amcr,HES-001290,https://api.aiscr.cz/id/HES-001290
northumbrie,Kingdom of Northumbria,teater,3013,https://teater.aiscr.cz/id/3013
notář,notary,teater,3438,https://teater.aiscr.cz/id/3438
notářka,woman notary,teater,3439,https://teater.aiscr.cz/id/3439
notářství,notary’s office,teater,3437,https://teater.aiscr.cz/id/3437
noviny,newspaper,teater,2236,https://teater.aiscr.cz/id/2236
novogotické písmo,Gothic writing,teater,3584,https://teater.aiscr.cz/id/3584
novověk,Modern,amcr,HES-001164,https://api.aiscr.cz/id/HES-001164
novověk - industriální období,Modern - industrial period,teater,1250,https://teater.aiscr.cz/id/1250
novověk 1,Modern Period 1,amcr,HES-000381,https://api.aiscr.cz/id/HES-000381
novověk 2,Modern Period 2,amcr,HES-000382,https://api.aiscr.cz/id/HES-000382
novověk–industriální období,Modern–Industrial Period,amcr,HES-000420,https://api.aiscr.cz/id/HES-000420
novozákonní apokryf,Apocryphal books (New Testament),teater,2185,https://teater.aiscr.cz/id/2185
nová kaledonie,New Caledonia,amcr,HES-001263,https://api.aiscr.cz/id/HES-001263
nová věcnost (umění),Neue Sachlichkeit,teater,523,https://teater.aiscr.cz/id/523
nový rok,New Year,teater,651,https://teater.aiscr.cz/id/651
nový zéland,New Zealand,amcr,HES-001209,https://api.aiscr.cz/id/HES-001209
nožíř,cutler,teater,3344,https://teater.aiscr.cz/id/3344
nožířství,cutlery,teater,3343,https://teater.aiscr.cz/id/3343
numidie,Numidia,teater,4074,https://teater.aiscr.cz/id/4074
numismatická analýza,numismatic analysis,teater,164,https://teater.aiscr.cz/id/164
numismatická sbírka,numismatic collection,teater,230,https://teater.aiscr.cz/id/230
numismatika,numismatics,amcr,HES-000623,https://api.aiscr.cz/id/HES-000623
nummus,Nummus,teater,2288,https://teater.aiscr.cz/id/2288
nuragská kultura,Nuragic civilization,teater,1161,https://teater.aiscr.cz/id/1161
nymfeum,nymphaeum,teater,1618,https://teater.aiscr.cz/id/1618
nynická kultura,Nynice Culture,amcr,HES-000299,https://api.aiscr.cz/id/HES-000299
náboženská literatura,religious literature,teater,2213,https://teater.aiscr.cz/id/2213
náboženská pouť,religious pilgrimage,teater,798,https://teater.aiscr.cz/id/798
náboženská symbolika,religious symbolism,teater,774,https://teater.aiscr.cz/id/774
náboženské bratrstvo,fraternal organization,teater,3848,https://teater.aiscr.cz/id/3848
náboženský kult,cultic act,teater,682,https://teater.aiscr.cz/id/682
náboženství,religion,teater,683,https://teater.aiscr.cz/id/683
náboženství a společnost,religion and society,teater,837,https://teater.aiscr.cz/id/837
nábytek,furniture,teater,2023,https://teater.aiscr.cz/id/2023
nádoba,vessel,amcr,HES-000714,https://api.aiscr.cz/id/HES-000714
nádrž,reservoir,teater,1778,https://teater.aiscr.cz/id/1778
náhodný nález,chance find,teater,114,https://teater.aiscr.cz/id/114
náhodný zásah/nález,chance find,amcr,HES-001053,https://api.aiscr.cz/id/HES-001053
náhodný/povrchový nález,chance find,amcr,HES-001139,https://api.aiscr.cz/id/HES-001139
náholenice,greave,teater,2014,https://teater.aiscr.cz/id/2014
náhon,millrace,amcr,HES-000513,https://api.aiscr.cz/id/HES-000513
náhrdelník,necklace,amcr,HES-000835,https://api.aiscr.cz/id/HES-000835
náhrobek,tombstone,teater,2313,https://teater.aiscr.cz/id/2313
náhrobek/náhrobní kámen,gravestone,amcr,HES-000433,https://api.aiscr.cz/id/HES-000433
nákladní loď,cargo ship,teater,1907,https://teater.aiscr.cz/id/1907
nákončí,mordant,amcr,HES-000668,https://api.aiscr.cz/id/HES-000668
nákrčník,neck ring,amcr,HES-000665,https://api.aiscr.cz/id/HES-000665
nález v druhotné poloze,find in secondary context,amcr,HES-000061,https://api.aiscr.cz/id/HES-000061
nálezová správa,site report,teater,252,https://teater.aiscr.cz/id/252
nálezová zpráva,fieldwork report,amcr,HES-001075,https://api.aiscr.cz/id/HES-001075
námořní doprava,maritime transport,teater,3194,https://teater.aiscr.cz/id/3194
námořní obchod,maritime commerce,teater,3186,https://teater.aiscr.cz/id/3186
náměstí,square,teater,1471,https://teater.aiscr.cz/id/1471
nánožník,anklet,amcr,HES-000836,https://api.aiscr.cz/id/HES-000836
nápažník,armlet,amcr,HES-000812,https://api.aiscr.cz/id/HES-000812
nápis,inscription,teater,638,https://teater.aiscr.cz/id/638
nápoj,drink,teater,2423,https://teater.aiscr.cz/id/2423
náprsník,breastplate,teater,2015,https://teater.aiscr.cz/id/2015
náprstek,thimble,amcr,HES-000805,https://api.aiscr.cz/id/HES-000805
náramek,bracelet,amcr,HES-000666,https://api.aiscr.cz/id/HES-000666
národ,nation,teater,4196,https://teater.aiscr.cz/id/4196
národnost,nationality,teater,4198,https://teater.aiscr.cz/id/4198
národní kulturní památka,listed national monument,amcr,HES-000178,https://api.aiscr.cz/id/HES-000178
národopis,Etnography,teater,4181,https://teater.aiscr.cz/id/4181
národy (ugrofinové),people (Finno-Ugrians),teater,2846,https://teater.aiscr.cz/id/2846
násep,bank,amcr,HES-000456,https://api.aiscr.cz/id/HES-000456
nástroj,tool,teater,2085,https://teater.aiscr.cz/id/2085
nástroj hrubý,utensil,amcr,HES-000653,https://api.aiscr.cz/id/HES-000653
nástroj jemný,instrument,amcr,HES-000727,https://api.aiscr.cz/id/HES-000727
nástupnické právo,succession law,teater,3596,https://teater.aiscr.cz/id/3596
nástěnná malba,mural painting,teater,1865,https://teater.aiscr.cz/id/1865
násyp,bank,teater,1753,https://teater.aiscr.cz/id/1753
nátepní destička,wrist guard,amcr,HES-000734,https://api.aiscr.cz/id/HES-000734
náušnice,earring,amcr,HES-000667,https://api.aiscr.cz/id/HES-000667
návratný výzkum,returnable research,teater,4334,https://teater.aiscr.cz/id/4334
názorný model,visual model,teater,77,https://teater.aiscr.cz/id/77
náčelnictví,chiefdom,teater,3680,https://teater.aiscr.cz/id/3680
nářadí,hand tool,teater,2122,https://teater.aiscr.cz/id/2122
nízká kvalita,poor quality,amcr,HES-000239,https://api.aiscr.cz/id/HES-000239
nízká výpovědní hodnota,low relevancy,amcr,HES-001178,https://api.aiscr.cz/id/HES-001178
nýt,rivet,teater,2343,https://teater.aiscr.cz/id/2343
někdy v letech,approximate years,amcr,HES-000889,https://api.aiscr.cz/id/HES-000889
německo,Germany,amcr,HES-001358,https://api.aiscr.cz/id/HES-001358
němčina,German,amcr,HES-000168,https://api.aiscr.cz/id/HES-000168
nůž,knife,amcr,HES-000806,https://api.aiscr.cz/id/HES-000806
nůžky,scissors,amcr,HES-000807,https://api.aiscr.cz/id/HES-000807
obchod,trade,teater,3182,https://teater.aiscr.cz/id/3182
obchodnice,merchantwoman,teater,3190,https://teater.aiscr.cz/id/3190
obchodní loď,merchant vessel,teater,1906,https://teater.aiscr.cz/id/1906
obchodní společnost,trade association,teater,3187,https://teater.aiscr.cz/id/3187
obchodní stezka,trade route,teater,3188,https://teater.aiscr.cz/id/3188
obchodní vztahy,trade relations,teater,3189,https://teater.aiscr.cz/id/3189
obchodník,merchant,teater,3191,https://teater.aiscr.cz/id/3191
obchůzky s figurou smrti,Drowning of Marzanna,teater,4261,https://teater.aiscr.cz/id/4261
období popelnicových polí,Urnfield Period,amcr,HES-001482,https://api.aiscr.cz/id/HES-001482
obdělávání půdy,farming,amcr,HES-000602,https://api.aiscr.cz/id/HES-000602
obecná genetika,general genetics,teater,582,https://teater.aiscr.cz/id/582
obecná hesla (geografie),general entries (geography),teater,863,https://teater.aiscr.cz/id/863
obecná hesla (hydrologie),general entries (hydrology),teater,1010,https://teater.aiscr.cz/id/1010
obecná hesla (společnost),general entries (society),teater,3550,https://teater.aiscr.cz/id/3550
obecná paleobotanika,general paleobotany,teater,331,https://teater.aiscr.cz/id/331
obecná paleozoologie,general paleozoology,teater,341,https://teater.aiscr.cz/id/341
obecné (společenské třídy),general (social class),teater,3623,https://teater.aiscr.cz/id/3623
obecné termíny (geologie),general terms (geology),teater,922,https://teater.aiscr.cz/id/922
obecní kronika,municipal chronicle,teater,2206,https://teater.aiscr.cz/id/2206
oberlauterbašská skupina,Oberlauterbach Group,amcr,HES-000305,https://api.aiscr.cz/id/HES-000305
obilky/semena,caryopses/seeds,amcr,HES-000914,https://api.aiscr.cz/id/HES-000914
obilnice,granary,teater,1779,https://teater.aiscr.cz/id/1779
obilniny,cereals,teater,1926,https://teater.aiscr.cz/id/1926
obilí (zrno),corn,teater,1928,https://teater.aiscr.cz/id/1928
objekt,feature,amcr,HES-001125,https://api.aiscr.cz/id/HES-001125
objekt (antropologie),object (anthropology),teater,360,https://teater.aiscr.cz/id/360
objekt (archeobotanika),object (archaeobotany),teater,297,https://teater.aiscr.cz/id/297
objekt (demografie),object (demography),teater,403,https://teater.aiscr.cz/id/403
objekt (dějiny umění),object (art history),teater,457,https://teater.aiscr.cz/id/457
objekt (geografie),object (geography),teater,869,https://teater.aiscr.cz/id/869
objekt (hydrologie),object (hydrology),teater,1013,https://teater.aiscr.cz/id/1013
objekt (mineralogie),object (mineralogy),teater,971,https://teater.aiscr.cz/id/971
objekt (paleontologie),object (palaeontology),teater,319,https://teater.aiscr.cz/id/319
objekt (pedologie),object (pedology),teater,984,https://teater.aiscr.cz/id/984
objekt (petrologie),object (petrography),teater,991,https://teater.aiscr.cz/id/991
objekt (religionistika),object (religious science),teater,681,https://teater.aiscr.cz/id/681
objekt (sedimentologie),object (sedimentology),teater,1000,https://teater.aiscr.cz/id/1000
objekt na veřejném prostranství,feature on public area,teater,1608,https://teater.aiscr.cz/id/1608
objekt zemědělské výroby,agricultural feature,teater,1613,https://teater.aiscr.cz/id/1613
objekt/stopa výroby,production feature/trace,amcr,HES-000578,https://api.aiscr.cz/id/HES-000578
objekt/subobor (historiografie),object/subfield (historiography),teater,587,https://teater.aiscr.cz/id/587
objekty (památková péče),objects (historic preservation),teater,255,https://teater.aiscr.cz/id/255
oblačno,cloudy,amcr,HES-000588,https://api.aiscr.cz/id/HES-000588
"oblačno, zataženo","cloudy, overcast",amcr,HES-000589,https://api.aiscr.cz/id/HES-000589
obléhací beran,battering ram,teater,1980,https://teater.aiscr.cz/id/1980
obléhací podloubí,siegecraft,teater,1981,https://teater.aiscr.cz/id/1981
obléhací stroj,siege engine,teater,1976,https://teater.aiscr.cz/id/1976
obléhací věž,siege tower,teater,1983,https://teater.aiscr.cz/id/1983
obléhací šípomet,scorpion,teater,1982,https://teater.aiscr.cz/id/1982
obléhání,siege,teater,3537,https://teater.aiscr.cz/id/3537
obnova a rekonstrukce památek,renewal and reconstruction of monuments,teater,271,https://teater.aiscr.cz/id/271
obolos,Obolos,teater,2289,https://teater.aiscr.cz/id/2289
obora,game park,amcr,HES-000037,https://api.aiscr.cz/id/HES-000037
obora (myslivost),game park,teater,1294,https://teater.aiscr.cz/id/1294
oborová terminologie,terminology (professional),teater,86,https://teater.aiscr.cz/id/86
obrazový pramen,Visual Source,teater,3725,https://teater.aiscr.cz/id/3725
obrazový pramen symbolický,Symbolic Visual Source,teater,3726,https://teater.aiscr.cz/id/3726
obrazový pramen vlastní,Primary Visual Source,teater,3727,https://teater.aiscr.cz/id/3727
obročí,benefice,teater,783,https://teater.aiscr.cz/id/783
obrázkové písmo,ideograms,teater,3588,https://teater.aiscr.cz/id/3588
obsah (estetika),content (aesthetics),teater,475,https://teater.aiscr.cz/id/475
obsidián,obsidian,teater,2509,https://teater.aiscr.cz/id/2509
obuv,footwear,amcr,HES-000735,https://api.aiscr.cz/id/HES-000735
obuvnictví,shoemaking trade,teater,3345,https://teater.aiscr.cz/id/3345
obuvník,shoemaker,teater,3346,https://teater.aiscr.cz/id/3346
obval,spoil bank,amcr,HES-000561,https://api.aiscr.cz/id/HES-000561
obvodový plášť,curtain wall,teater,1630,https://teater.aiscr.cz/id/1630
obytné budovy,residential building,teater,1538,https://teater.aiscr.cz/id/1538
obyvatelstvo,population,teater,424,https://teater.aiscr.cz/id/424
obyčeje konce masopustu,customs of the end of carnival,teater,4336,https://teater.aiscr.cz/id/4336
obyčejová tradice,cultural traditions,teater,4257,https://teater.aiscr.cz/id/4257
obývání,residential activity,amcr,HES-000001,https://api.aiscr.cz/id/HES-000001
občanské právo,civil law,teater,3615,https://teater.aiscr.cz/id/3615
obětiště,sacrifice site,teater,1348,https://teater.aiscr.cz/id/1348
oběť,sacrifice,teater,830,https://teater.aiscr.cz/id/830
obřad,ceremony,teater,4256,https://teater.aiscr.cz/id/4256
obřadní folklor,ceremonial folklore,teater,4255,https://teater.aiscr.cz/id/4255
obřízka,circumcision,teater,3887,https://teater.aiscr.cz/id/3887
oceánografie,oceanography,teater,979,https://teater.aiscr.cz/id/979
ochrana památek,protection of monuments,teater,272,https://teater.aiscr.cz/id/272
ocílka,firesteel,teater,2125,https://teater.aiscr.cz/id/2125
odborný záměr,expert project,amcr,HES-000594,https://api.aiscr.cz/id/HES-000594
odchylka desítky metrů,deviation in tens of meters,amcr,HES-000862,https://api.aiscr.cz/id/HES-000862
odchylka jednotky metrů,deviation in meters,amcr,HES-000861,https://api.aiscr.cz/id/HES-000861
odchylka stovky metrů,deviation in hundreds of meters,amcr,HES-000863,https://api.aiscr.cz/id/HES-000863
odhad dožitého věku podle kostry,age estimation of skeletal remains,teater,3878,https://teater.aiscr.cz/id/3878
odhad výšky postavy,stature estimation,teater,3879,https://teater.aiscr.cz/id/3879
odlesňování,deforestration,teater,4121,https://teater.aiscr.cz/id/4121
odlitek,casting,teater,200,https://teater.aiscr.cz/id/200
odlévací forma,casting mould,teater,2126,https://teater.aiscr.cz/id/2126
odlévání kovů,casting,teater,3334,https://teater.aiscr.cz/id/3334
odpad,waste,amcr,HES-000778,https://api.aiscr.cz/id/HES-000778
odpad stavební,construction waste,amcr,HES-000779,https://api.aiscr.cz/id/HES-000779
odpad výrobní,production waste,amcr,HES-000780,https://api.aiscr.cz/id/HES-000780
odpadní jáma,rubbish pit,teater,1780,https://teater.aiscr.cz/id/1780
odpadní vrstva,refuse layer,teater,1755,https://teater.aiscr.cz/id/1755
odpadní vrstva/souvrství,waste layer/sequence,amcr,HES-000458,https://api.aiscr.cz/id/HES-000458
odval,spoil tip,teater,1741,https://teater.aiscr.cz/id/1741
odvedenec,recruit,teater,3527,https://teater.aiscr.cz/id/3527
odúmrtní právo,escheat,teater,3601,https://teater.aiscr.cz/id/3601
oděv,clothing,teater,2167,https://teater.aiscr.cz/id/2167
ohniště,fireplace,amcr,HES-000423,https://api.aiscr.cz/id/HES-000423
ohradní zeď/plot,wall/fence,amcr,HES-000532,https://api.aiscr.cz/id/HES-000532
ohrazení kruhové malé,circular enclosure (small),amcr,HES-001035,https://api.aiscr.cz/id/HES-001035
ohrazení kruhové střední,circular enclosure (medium),amcr,HES-001036,https://api.aiscr.cz/id/HES-001036
ohrazení kruhové velké,circular enclosure (large),amcr,HES-001037,https://api.aiscr.cz/id/HES-001037
ohrazení polygonální malé,polygonal enclosure (small),amcr,HES-001041,https://api.aiscr.cz/id/HES-001041
ohrazení polygonální střední,polygonal enclosure (medium),amcr,HES-001042,https://api.aiscr.cz/id/HES-001042
ohrazení polygonální velké,polygonal enclosure (large),amcr,HES-001043,https://api.aiscr.cz/id/HES-001043
ohrazení pravoúhlé malé,rectangular enclosure (small),amcr,HES-001038,https://api.aiscr.cz/id/HES-001038
ohrazení pravoúhlé střední,rectangular enclosure (medium),amcr,HES-001039,https://api.aiscr.cz/id/HES-001039
ohrazení pravoúhlé velké,rectangular enclosure (large),amcr,HES-001040,https://api.aiscr.cz/id/HES-001040
ohrazení/fortifikace,enclosure/fortification,amcr,HES-000527,https://api.aiscr.cz/id/HES-000527
ohrozimský typ,Ohrozim Type,amcr,HES-000369,https://api.aiscr.cz/id/HES-000369
oinochoé,oenochoe,teater,2061,https://teater.aiscr.cz/id/2061
ojedinělý nález,single find,amcr,HES-000062,https://api.aiscr.cz/id/HES-000062
ojratština,Oirat,teater,2704,https://teater.aiscr.cz/id/2704
okenní výplň,window panes,amcr,HES-000738,https://api.aiscr.cz/id/HES-000738
okr,ochre,teater,2433,https://teater.aiscr.cz/id/2433
okrasný objekt,decorative object,teater,1617,https://teater.aiscr.cz/id/1617
okrasný sad,ornamental orchard,teater,1273,https://teater.aiscr.cz/id/1273
okultismus,occultism,teater,3849,https://teater.aiscr.cz/id/3849
oldovan,Oldowan,teater,1079,https://teater.aiscr.cz/id/1079
olej,oils,teater,2424,https://teater.aiscr.cz/id/2424
olešnické knížectví,Duchy of Oels,teater,3043,https://teater.aiscr.cz/id/3043
oligarchie,oligarchy,teater,3681,https://teater.aiscr.cz/id/3681
olivy,olive,teater,2425,https://teater.aiscr.cz/id/2425
olovo,lead,amcr,HES-000915,https://api.aiscr.cz/id/HES-000915
oltář,altar,amcr,HES-000501,https://api.aiscr.cz/id/HES-000501
omán,Oman,amcr,HES-001223,https://api.aiscr.cz/id/HES-001223
omítka,plaster,amcr,HES-000739,https://api.aiscr.cz/id/HES-000739
onager,onager,teater,1984,https://teater.aiscr.cz/id/1984
onomastika,onomastics,teater,613,https://teater.aiscr.cz/id/613
opasek,belt,amcr,HES-000676,https://api.aiscr.cz/id/HES-000676
opat,abbot,teater,3121,https://teater.aiscr.cz/id/3121
opavské knížectví,Duchy of Troppau,teater,3044,https://teater.aiscr.cz/id/3044
opavské slezsko,Opavian Silesia,teater,3045,https://teater.aiscr.cz/id/3045
opevnění,fortification,teater,1619,https://teater.aiscr.cz/id/1619
opisthodomos,opisthodomos,teater,1728,https://teater.aiscr.cz/id/1728
opracování kamene,stone-working,teater,3297,https://teater.aiscr.cz/id/3297
optické vlastnosti minerálu,optical properties of mineral,teater,976,https://teater.aiscr.cz/id/976
opál,opal,teater,2510,https://teater.aiscr.cz/id/2510
opěrný pilíř,abutment,teater,1591,https://teater.aiscr.cz/id/1591
oradlo,ard,teater,2159,https://teater.aiscr.cz/id/2159
orba,plowing,teater,3217,https://teater.aiscr.cz/id/3217
orchéstra,orchestra,teater,1487,https://teater.aiscr.cz/id/1487
ordál,trial by ordeal,teater,3602,https://teater.aiscr.cz/id/3602
orfismus (umění),orphism (art),teater,524,https://teater.aiscr.cz/id/524
organická chemie,organic chemistry,teater,610,https://teater.aiscr.cz/id/610
organický minerál,organic mineral,teater,975,https://teater.aiscr.cz/id/975
orientalismus,orientalism,teater,4152,https://teater.aiscr.cz/id/4152
orientační zjištění,brief evidence,amcr,HES-001055,https://api.aiscr.cz/id/HES-001055
orientální civilizace,oriental civilization,teater,3692,https://teater.aiscr.cz/id/3692
originál ztracen/zničen,original lost/destroyed,amcr,HES-001171,https://api.aiscr.cz/id/HES-001171
ornament,ornament,teater,1877,https://teater.aiscr.cz/id/1877
ornamentika,ornamentation,teater,1876,https://teater.aiscr.cz/id/1876
ornice,arable topsoil,amcr,HES-000243,https://api.aiscr.cz/id/HES-000243
orná půda,arable land,teater,3223,https://teater.aiscr.cz/id/3223
orografie,orography,teater,885,https://teater.aiscr.cz/id/885
ortodoxie,orthodoxy,teater,3793,https://teater.aiscr.cz/id/3793
ortofotomapa,orthophotomap,teater,125,https://teater.aiscr.cz/id/125
orální historie (etnologie),oral history (ethnology),teater,4316,https://teater.aiscr.cz/id/4316
oskové,Osci,teater,3953,https://teater.aiscr.cz/id/3953
osové,Osi,teater,3954,https://teater.aiscr.cz/id/3954
ostatky svatých,relics of saints,teater,755,https://teater.aiscr.cz/id/755
osteologická analýza,osteological analysis,teater,165,https://teater.aiscr.cz/id/165
osteometrie,osteometry,teater,3874,https://teater.aiscr.cz/id/3874
osteozoologie,osteozoology,amcr,HES-001440,https://api.aiscr.cz/id/HES-001440
ostrogóti,Ostrogoths,teater,2605,https://teater.aiscr.cz/id/2605
ostroměřská skupina,Ostroměř Group,amcr,HES-000266,https://api.aiscr.cz/id/HES-000266
ostruha,spur,amcr,HES-000787,https://api.aiscr.cz/id/HES-000787
ostění,jamb,amcr,HES-000710,https://api.aiscr.cz/id/HES-000710
ostřivo,temper,teater,3269,https://teater.aiscr.cz/id/3269
osvícenský absolutismus,enlightened absolutism,teater,3668,https://teater.aiscr.cz/id/3668
osvětlování,light source,teater,2128,https://teater.aiscr.cz/id/2128
osídlený skalní prostor,cave settlement,amcr,HES-000065,https://api.aiscr.cz/id/HES-000065
osídlování,land settlement,teater,903,https://teater.aiscr.cz/id/903
othering,othering,teater,4151,https://teater.aiscr.cz/id/4151
otloukač,hammerstone,amcr,HES-000656,https://api.aiscr.cz/id/HES-000656
otomanská kultura,Ottomany culture,teater,1162,https://teater.aiscr.cz/id/1162
otonská architektura,Ottonian architecture,teater,3056,https://teater.aiscr.cz/id/3056
otonské umění,Ottonian art,teater,3057,https://teater.aiscr.cz/id/3057
otopná pec,oven,amcr,HES-000424,https://api.aiscr.cz/id/HES-000424
otopné zařízení,heating equipment,amcr,HES-000421,https://api.aiscr.cz/id/HES-000421
otroctví,slavery,teater,3603,https://teater.aiscr.cz/id/3603
otrok,slave,teater,3639,https://teater.aiscr.cz/id/3639
otrokyně,slave women,teater,3640,https://teater.aiscr.cz/id/3640
ovce,sheep,teater,3231,https://teater.aiscr.cz/id/3231
oves,oats,teater,1929,https://teater.aiscr.cz/id/1929
ovčí vlna,sheep wool,teater,2550,https://teater.aiscr.cz/id/2550
ozdoba,adornment,amcr,HES-000834,https://api.aiscr.cz/id/HES-000834
oštěp,javelin,teater,2001,https://teater.aiscr.cz/id/2001
oštěp/hrot oštěpu,javelin/javelin head,amcr,HES-000788,https://api.aiscr.cz/id/HES-000788
pacht,ground rent,teater,3604,https://teater.aiscr.cz/id/3604
paelignové,Paeligni,teater,3955,https://teater.aiscr.cz/id/3955
paflagonie,Paphlagonia,teater,4077,https://teater.aiscr.cz/id/4077
palaistra,palaestra,teater,1547,https://teater.aiscr.cz/id/1547
palau,Palau,amcr,HES-001387,https://api.aiscr.cz/id/HES-001387
palcát,mace (palcát),teater,2002,https://teater.aiscr.cz/id/2002
palebné postavení,gun emplacement,amcr,HES-000506,https://api.aiscr.cz/id/HES-000506
paleoantropologie,paleoanthropology,teater,323,https://teater.aiscr.cz/id/323
paleobiogeografie,paleobiogeography,teater,325,https://teater.aiscr.cz/id/325
paleobiologie,paleobiology,teater,326,https://teater.aiscr.cz/id/326
paleobotanika,paleobotany,teater,328,https://teater.aiscr.cz/id/328
paleodemografie,palaeodemography,teater,344,https://teater.aiscr.cz/id/344
paleodermatoglyfika,paleodermatoglyphics,teater,324,https://teater.aiscr.cz/id/324
paleoekologie,paleoecology,teater,345,https://teater.aiscr.cz/id/345
paleoentomologická analýza,palaeoentomology,teater,166,https://teater.aiscr.cz/id/166
paleogeografie,paleogeography,teater,346,https://teater.aiscr.cz/id/346
paleografie,paleography,teater,671,https://teater.aiscr.cz/id/671
paleogén,palaeogene,teater,1057,https://teater.aiscr.cz/id/1057
paleoklimatologie,paleoclimatology,amcr,HES-001445,https://api.aiscr.cz/id/HES-001445
paleolit,Palaeolithic,amcr,HES-000395,https://api.aiscr.cz/id/HES-000395
paleolit-mezolit,Palaeolithic-Mesolithic,teater,1073,https://teater.aiscr.cz/id/1073
paleolit–mezolit,Palaeolithic–Mesolithic,amcr,HES-000397,https://api.aiscr.cz/id/HES-000397
paleontologická sbírka,paleontological collection,teater,231,https://teater.aiscr.cz/id/231
paleontologie,paleontology,teater,318,https://teater.aiscr.cz/id/318
paleopatologie,paleopathology,teater,348,https://teater.aiscr.cz/id/348
paleopedologie,palaeopedology,teater,349,https://teater.aiscr.cz/id/349
paleopůda,paleosol,teater,350,https://teater.aiscr.cz/id/350
paleozoogeografie,paleozoogeography,teater,342,https://teater.aiscr.cz/id/342
paleozoologie,zoopaleontology,teater,333,https://teater.aiscr.cz/id/333
palestina,"Palestine, State of",amcr,HES-001368,https://api.aiscr.cz/id/HES-001368
palice,club,teater,2129,https://teater.aiscr.cz/id/2129
palisáda,palisade,amcr,HES-000507,https://api.aiscr.cz/id/HES-000507
palla,palla,teater,2174,https://teater.aiscr.cz/id/2174
palladium,palladium,teater,1893,https://teater.aiscr.cz/id/1893
palmeta,palmette,teater,1878,https://teater.aiscr.cz/id/1878
palná zbraň,firearm,teater,2003,https://teater.aiscr.cz/id/2003
paludamentum,paludamentum,teater,2175,https://teater.aiscr.cz/id/2175
palynologie,palynology,amcr,HES-000625,https://api.aiscr.cz/id/HES-000625
palác,palace,amcr,HES-000481,https://api.aiscr.cz/id/HES-000481
pamfýlie,Pamphylia,teater,4079,https://teater.aiscr.cz/id/4079
památková péče,historic preservation,teater,253,https://teater.aiscr.cz/id/253
památková rezervace,heritage reserve,amcr,HES-000180,https://api.aiscr.cz/id/HES-000180
památková zóna,heritage zone,amcr,HES-000179,https://api.aiscr.cz/id/HES-000179
památkový objekt,listed monument,teater,264,https://teater.aiscr.cz/id/264
památkový ústav,heritage institute,teater,269,https://teater.aiscr.cz/id/269
památkově chráněné území,historically preserved area,teater,265,https://teater.aiscr.cz/id/265
památkář,preservationist,teater,267,https://teater.aiscr.cz/id/267
památkářka,woman preservationist,teater,268,https://teater.aiscr.cz/id/268
památník,Album Amicorum,teater,3735,https://teater.aiscr.cz/id/3735
panama,Panama,amcr,HES-001369,https://api.aiscr.cz/id/HES-001369
panathénajské amfory,panathenaic amphorae,teater,2363,https://teater.aiscr.cz/id/2363
pancíř,cuirass,teater,2016,https://teater.aiscr.cz/id/2016
panenteismus,panentheism,teater,3819,https://teater.aiscr.cz/id/3819
pannotypie,pannotype,teater,3776,https://teater.aiscr.cz/id/3776
panonie,Pannonia,teater,3014,https://teater.aiscr.cz/id/3014
panova flétna,pan flute,teater,1840,https://teater.aiscr.cz/id/1840
panovnice,queen,teater,3641,https://teater.aiscr.cz/id/3641
panovnická dynastie,dynasty,teater,3710,https://teater.aiscr.cz/id/3710
panovnické dynastie z prostoru středovýchodní evropy,ruling dynasties from East-Central Europe,teater,3076,https://teater.aiscr.cz/id/3076
panovnický dvůr,royal court,teater,3643,https://teater.aiscr.cz/id/3643
panovník,king,teater,3642,https://teater.aiscr.cz/id/3642
panteismus,pantheism,teater,3908,https://teater.aiscr.cz/id/3908
pantokrator,Christ Pantocrator,teater,3809,https://teater.aiscr.cz/id/3809
papež,pope,teater,3122,https://teater.aiscr.cz/id/3122
papežská rezidence,residence of pope,teater,1546,https://teater.aiscr.cz/id/1546
papežský dokument,papal documents,teater,2237,https://teater.aiscr.cz/id/2237
papežský stát,papal states,teater,3015,https://teater.aiscr.cz/id/3015
papežství,papacy,teater,784,https://teater.aiscr.cz/id/784
papua nová guinea,Papua New Guinea,amcr,HES-001370,https://api.aiscr.cz/id/HES-001370
papyrologie,papyrology,teater,674,https://teater.aiscr.cz/id/674
papyrový rukopis,papyrus manuscript,teater,675,https://teater.aiscr.cz/id/675
papyrový svitek,papyrus scroll,teater,676,https://teater.aiscr.cz/id/676
papyrus,papyrus,teater,2530,https://teater.aiscr.cz/id/2530
papír,paper,amcr,HES-000917,https://api.aiscr.cz/id/HES-000917
papír kladívkový,drawing paper,amcr,HES-000231,https://api.aiscr.cz/id/HES-000231
papír milimetrový,graph paper,amcr,HES-000212,https://api.aiscr.cz/id/HES-000212
papír s fotografiemi,paper with photographs,amcr,HES-000213,https://api.aiscr.cz/id/HES-000213
papír sešit,booklet,amcr,HES-000214,https://api.aiscr.cz/id/HES-000214
papír vázaný,bounded paper,amcr,HES-000215,https://api.aiscr.cz/id/HES-000215
paradigma vědy,paradigma of science,teater,78,https://teater.aiscr.cz/id/78
paraguay,Paraguay,amcr,HES-001363,https://api.aiscr.cz/id/HES-001363
parazitologická diagnostika,parasitological diagnostics,teater,167,https://teater.aiscr.cz/id/167
parisiové,Parisii,teater,3940,https://teater.aiscr.cz/id/3940
park,park,amcr,HES-000059,https://api.aiscr.cz/id/HES-000059
parkán,zwinger,teater,1634,https://teater.aiscr.cz/id/1634
parkánová hradba,zwinger wall,amcr,HES-000533,https://api.aiscr.cz/id/HES-000533
parnas,Parnass,teater,4080,https://teater.aiscr.cz/id/4080
parodos,parodos,teater,1592,https://teater.aiscr.cz/id/1592
paroh,antler,amcr,HES-000918,https://api.aiscr.cz/id/HES-000918
parský mramor,parian chronicle,teater,2238,https://teater.aiscr.cz/id/2238
parthové,Parthians,teater,3956,https://teater.aiscr.cz/id/3956
parthská říše,Parthian Empire,teater,4081,https://teater.aiscr.cz/id/4081
parva,parvus,teater,2290,https://teater.aiscr.cz/id/2290
pasionál,passional,teater,2233,https://teater.aiscr.cz/id/2233
pasquino,pasquino,teater,1894,https://teater.aiscr.cz/id/1894
pastevec,herdsmen,teater,3211,https://teater.aiscr.cz/id/3211
pastevectví,pastoralism,teater,3209,https://teater.aiscr.cz/id/3209
pastevní chov,grazing,teater,3212,https://teater.aiscr.cz/id/3212
pastvina,pasture,teater,1295,https://teater.aiscr.cz/id/1295
pastvina/louka,pasture/meadow,amcr,HES-000038,https://api.aiscr.cz/id/HES-000038
pasíř,belt maker,teater,3348,https://teater.aiscr.cz/id/3348
pasířství,girdlery,teater,3347,https://teater.aiscr.cz/id/3347
pataréni,Patarines,teater,719,https://teater.aiscr.cz/id/719
patriarcha,patriarch,teater,3123,https://teater.aiscr.cz/id/3123
patriarchát,patriarchy,teater,3661,https://teater.aiscr.cz/id/3661
patrilinearita,patrilineal kinship,teater,3662,https://teater.aiscr.cz/id/3662
patronace,patronage,teater,490,https://teater.aiscr.cz/id/490
paulikiánství,Paulician,teater,720,https://teater.aiscr.cz/id/720
pauláni,Paulaner,teater,3159,https://teater.aiscr.cz/id/3159
paulánský klášter,Minim monastery,teater,1379,https://teater.aiscr.cz/id/1379
pauzák,tracing paper,amcr,HES-000216,https://api.aiscr.cz/id/HES-000216
pavlovien,pavlovian,teater,1091,https://teater.aiscr.cz/id/1091
pazourek,flint,teater,2512,https://teater.aiscr.cz/id/2512
pařížská škola,School of Paris,teater,3782,https://teater.aiscr.cz/id/3782
pec,kiln,amcr,HES-000477,https://api.aiscr.cz/id/HES-000477
pec chlebová,bake oven,amcr,HES-000552,https://api.aiscr.cz/id/HES-000552
pec cihlářská,brick oven,amcr,HES-000548,https://api.aiscr.cz/id/HES-000548
pec dehtářská,tar pit,amcr,HES-000549,https://api.aiscr.cz/id/HES-000549
pec hrnčířská,pottery kiln,amcr,HES-000550,https://api.aiscr.cz/id/HES-000550
pec hutnická,iron-smelting furnace,amcr,HES-000551,https://api.aiscr.cz/id/HES-000551
pec kovolitecká,foundry,amcr,HES-000553,https://api.aiscr.cz/id/HES-000553
pec na chléb,bake oven,teater,1697,https://teater.aiscr.cz/id/1697
pec sklářská,glass furnace,amcr,HES-000555,https://api.aiscr.cz/id/HES-000555
pec vápenická,lime kiln,amcr,HES-000556,https://api.aiscr.cz/id/HES-000556
pecka,fruit stone,amcr,HES-000919,https://api.aiscr.cz/id/HES-000919
pedogeografie,pedogeography,teater,886,https://teater.aiscr.cz/id/886
pedologický výzkum,pedological research,teater,168,https://teater.aiscr.cz/id/168
pedologie,pedology,amcr,HES-000627,https://api.aiscr.cz/id/HES-000627
pekárna,bakery,teater,1548,https://teater.aiscr.cz/id/1548
pekáč,baking pan,amcr,HES-000761,https://api.aiscr.cz/id/HES-000761
pelagianismus,Pelagianism,teater,721,https://teater.aiscr.cz/id/721
pelasgové,Pelasgians,teater,3957,https://teater.aiscr.cz/id/3957
peliké,pelike,teater,2063,https://teater.aiscr.cz/id/2063
peloponés (řecko : poloostrov),Peloponnese,teater,4082,https://teater.aiscr.cz/id/4082
pentelikon,Penteliko Mountain,teater,4083,https://teater.aiscr.cz/id/4083
peplos,peplos,teater,2176,https://teater.aiscr.cz/id/2176
pergamen,parchment,teater,2531,https://teater.aiscr.cz/id/2531
pergamenový papír,greaseproof paper,teater,663,https://teater.aiscr.cz/id/663
pergamenový rukopis,parchment manuscript,teater,661,https://teater.aiscr.cz/id/661
pergamenový svitek,parchment scroll,teater,662,https://teater.aiscr.cz/id/662
pergamon (zaniklé město),Pergamon,teater,4084,https://teater.aiscr.cz/id/4084
peribolos,peribolos,teater,1315,https://teater.aiscr.cz/id/1315
periodizace dějin,periodization in history,teater,1070,https://teater.aiscr.cz/id/1070
peripteros,peripteros,teater,1316,https://teater.aiscr.cz/id/1316
peristyl,peristyle,teater,1593,https://teater.aiscr.cz/id/1593
perla,pearl,amcr,HES-000920,https://api.aiscr.cz/id/HES-000920
perleť/mušle,nacre/shell,amcr,HES-001003,https://api.aiscr.cz/id/HES-001003
permská literatura,Permic literature,teater,2886,https://teater.aiscr.cz/id/2886
permština,Permyak,teater,2873,https://teater.aiscr.cz/id/2873
perská říše,Persian Empire,teater,4085,https://teater.aiscr.cz/id/4085
peru,Peru,amcr,HES-001296,https://api.aiscr.cz/id/HES-001296
petasos,petasos,teater,2177,https://teater.aiscr.cz/id/2177
petroarcheologie,petroarchaeology,teater,351,https://teater.aiscr.cz/id/351
petroglyf,petroglyph,teater,3589,https://teater.aiscr.cz/id/3589
petrografická analýza,petrological analysis,teater,169,https://teater.aiscr.cz/id/169
petrografie/mineralogie,petrography,amcr,HES-000628,https://api.aiscr.cz/id/HES-000628
petrologie,petrography,teater,990,https://teater.aiscr.cz/id/990
pevnost,fortress,amcr,HES-000043,https://api.aiscr.cz/id/HES-000043
pečeněhové,Pecheneg,teater,2712,https://teater.aiscr.cz/id/2712
pečetidlo,sealing-stick,teater,679,https://teater.aiscr.cz/id/679
pečeť,seal,teater,678,https://teater.aiscr.cz/id/678
piaristický klášter,Piarist monastery,teater,1380,https://teater.aiscr.cz/id/1380
piastovci,Piast dynasty,teater,3086,https://teater.aiscr.cz/id/3086
picenum,Picenum,teater,4086,https://teater.aiscr.cz/id/4086
picí roh,drinking horn,teater,2064,https://teater.aiscr.cz/id/2064
pieria (řecko),Pieria,teater,4087,https://teater.aiscr.cz/id/4087
piktogram,pictograph,teater,3590,https://teater.aiscr.cz/id/3590
piktové,Picti,teater,2713,https://teater.aiscr.cz/id/2713
pila,saw,amcr,HES-000657,https://api.aiscr.cz/id/HES-000657
pileus,pileus,teater,2178,https://teater.aiscr.cz/id/2178
piliňská kultura,Piliny culture,teater,1172,https://teater.aiscr.cz/id/1172
pilník,file,amcr,HES-000800,https://api.aiscr.cz/id/HES-000800
pilota,pier,amcr,HES-000450,https://api.aiscr.cz/id/HES-000450
pilotové základy,piled foundations,teater,1594,https://teater.aiscr.cz/id/1594
pilíř,pillar,amcr,HES-000449,https://api.aiscr.cz/id/HES-000449
pinakothéka,pinacotheca,teater,1549,https://teater.aiscr.cz/id/1549
pinax,pinax,teater,1871,https://teater.aiscr.cz/id/1871
pinka,binge,amcr,HES-000562,https://api.aiscr.cz/id/HES-000562
pinzeta,tweezers,amcr,HES-000808,https://api.aiscr.cz/id/HES-000808
piscina,piscina,teater,1616,https://teater.aiscr.cz/id/1616
pitcairn,Pitcairn,amcr,HES-001287,https://api.aiscr.cz/id/HES-001287
pithos,pithos,teater,2065,https://teater.aiscr.cz/id/2065
pivo,beer,teater,2426,https://teater.aiscr.cz/id/2426
pivovar,brewery,amcr,HES-000080,https://api.aiscr.cz/id/HES-000080
pivovarnictví,beer industry,teater,3349,https://teater.aiscr.cz/id/3349
pivovarník,brewer,teater,3350,https://teater.aiscr.cz/id/3350
plast,plastic,amcr,HES-000942,https://api.aiscr.cz/id/HES-000942
plastika/soška,sculpture/statue,amcr,HES-000750,https://api.aiscr.cz/id/HES-000750
plastika/soška antropomorfní,anthropomorphic sculpture/statue,amcr,HES-000751,https://api.aiscr.cz/id/HES-000751
plastika/soška zoomorfní,zoomorphic sculpture/statue,amcr,HES-000752,https://api.aiscr.cz/id/HES-000752
plasy,Plasy,amcr,HES-000204,https://api.aiscr.cz/id/HES-000204
platidlo,currency,amcr,HES-000848,https://api.aiscr.cz/id/HES-000848
platnéř,platener,teater,3354,https://teater.aiscr.cz/id/3354
platnéřství,armour making,teater,3353,https://teater.aiscr.cz/id/3353
platěnická kultura,Platěnice Culture,amcr,HES-000300,https://api.aiscr.cz/id/HES-000300
plavební kanál,canal,teater,1478,https://teater.aiscr.cz/id/1478
plaňanský typ,Plaňany Type,amcr,HES-000393,https://api.aiscr.cz/id/HES-000393
plech,metal sheet,amcr,HES-000680,https://api.aiscr.cz/id/HES-000680
pleistocén,pleistocene,teater,1060,https://teater.aiscr.cz/id/1060
pleva,husk,teater,1942,https://teater.aiscr.cz/id/1942
plevel,weed,teater,1941,https://teater.aiscr.cz/id/1941
plinthos,plinth,teater,1804,https://teater.aiscr.cz/id/1804
plot,fence,teater,1635,https://teater.aiscr.cz/id/1635
plošina,platform,amcr,HES-000569,https://api.aiscr.cz/id/HES-000569
plošný objekt,polygonal feature,amcr,HES-001031,https://api.aiscr.cz/id/HES-001031
plošný odkryv,total excavation,amcr,HES-001059,https://api.aiscr.cz/id/HES-001059
pluh,plow,teater,2158,https://teater.aiscr.cz/id/2158
plužina,field system,amcr,HES-000504,https://api.aiscr.cz/id/HES-000504
plán lokality,plan of site,amcr,HES-001106,https://api.aiscr.cz/id/HES-001106
plán objektu,plan of feature,amcr,HES-001109,https://api.aiscr.cz/id/HES-001109
plán regionu,plan of region,amcr,HES-001101,https://api.aiscr.cz/id/HES-001101
plán sondy,plan of trench,amcr,HES-001108,https://api.aiscr.cz/id/HES-001108
plán výzkumu,plan of fieldwork,amcr,HES-001107,https://api.aiscr.cz/id/HES-001107
plány,plans,amcr,HES-000881,https://api.aiscr.cz/id/HES-000881
plány (digitální),plans (digital),amcr,HES-000875,https://api.aiscr.cz/id/HES-000875
plátenictví,linen industry,teater,3352,https://teater.aiscr.cz/id/3352
plátová zbroj,plate armour,teater,2021,https://teater.aiscr.cz/id/2021
pobřežní opevnění,coastal fortification,teater,1288,https://teater.aiscr.cz/id/1288
pobřeží slonoviny,Côte d'Ivoire,amcr,HES-001226,https://api.aiscr.cz/id/HES-001226
pochva,scabbard,teater,1972,https://teater.aiscr.cz/id/1972
pochva/pouzdro,sheath,amcr,HES-000677,https://api.aiscr.cz/id/HES-000677
poddanské město,tributary town,teater,1400,https://teater.aiscr.cz/id/1400
poddanství,serfdom,teater,3605,https://teater.aiscr.cz/id/3605
poddaný,retainer,teater,3645,https://teater.aiscr.cz/id/3645
podhradí,extramural settlement,teater,1446,https://teater.aiscr.cz/id/1446
podkova,horseshoe,amcr,HES-000746,https://api.aiscr.cz/id/HES-000746
podkovář,farrier,teater,3356,https://teater.aiscr.cz/id/3356
podkovářství,farriery,teater,3355,https://teater.aiscr.cz/id/3355
podlaha,floor,teater,1595,https://teater.aiscr.cz/id/1595
podlaha (konstrukce),floor (construction),amcr,HES-000451,https://api.aiscr.cz/id/HES-000451
podlaha (vrstva),floor layer,teater,1756,https://teater.aiscr.cz/id/1756
podlaha (vrstva/souvrství),floor layer/sequence,amcr,HES-000459,https://api.aiscr.cz/id/HES-000459
podloží,subsoil,amcr,HES-001159,https://api.aiscr.cz/id/HES-001159
podmokelská kultura,Podmokly group,teater,1217,https://teater.aiscr.cz/id/1217
podmokelská skupina,Podmokly Group,amcr,HES-000329,https://api.aiscr.cz/id/HES-000329
podmořská archeologie,maritime archaeology,teater,33,https://teater.aiscr.cz/id/33
podolská kultura,Podolí Culture,amcr,HES-000353,https://api.aiscr.cz/id/HES-000353
podolí,Podolia,teater,3016,https://teater.aiscr.cz/id/3016
podorničí/podloží,subsoil,amcr,HES-000248,https://api.aiscr.cz/id/HES-000248
podvodní archeologie,underwater archaeology,teater,34,https://teater.aiscr.cz/id/34
podzemní štola,drift,teater,1743,https://teater.aiscr.cz/id/1743
pohan,pagan,teater,826,https://teater.aiscr.cz/id/826
pohanství,paganism,teater,825,https://teater.aiscr.cz/id/825
pohoří,mountain range,teater,960,https://teater.aiscr.cz/id/960
pohraniční konflikt,border conflict,teater,3538,https://teater.aiscr.cz/id/3538
pohádka,folk tale,teater,4285,https://teater.aiscr.cz/id/4285
pohár,beaker,teater,2066,https://teater.aiscr.cz/id/2066
pohár/číše,beaker/goblet,amcr,HES-000722,https://api.aiscr.cz/id/HES-000722
pohřbívání,burial activity,amcr,HES-000002,https://api.aiscr.cz/id/HES-000002
pohřeb,burial,teater,383,https://teater.aiscr.cz/id/383
pohřeb kostrový,inhumation burial,amcr,HES-000434,https://api.aiscr.cz/id/HES-000434
pohřeb v sídlištním objektu,burial in settlement context,amcr,HES-000437,https://api.aiscr.cz/id/HES-000437
pohřeb zvířete,animal burial,amcr,HES-000436,https://api.aiscr.cz/id/HES-000436
pohřeb žárový,cremation burial,amcr,HES-000435,https://api.aiscr.cz/id/HES-000435
pohřebiště,burrial ground,teater,1411,https://teater.aiscr.cz/id/1411
pohřebiště v sakralní stavbě,burials in sacral building,teater,1412,https://teater.aiscr.cz/id/1412
pohřebiště v sakrální stavbě,burials in sacral building,amcr,HES-000077,https://api.aiscr.cz/id/HES-000077
pohřebiště/hřbitov,cemetery/graveyard,amcr,HES-000027,https://api.aiscr.cz/id/HES-000027
pohřební areál,burial site,amcr,HES-000025,https://api.aiscr.cz/id/HES-000025
pohřební objekt,funerary structure,amcr,HES-000426,https://api.aiscr.cz/id/HES-000426
pohřební obřad,funeral ceremony,teater,384,https://teater.aiscr.cz/id/384
pointilismus (umění),pointilism (art),teater,525,https://teater.aiscr.cz/id/525
pojivo,binder,amcr,HES-000740,https://api.aiscr.cz/id/HES-000740
poklad,treasure,teater,1301,https://teater.aiscr.cz/id/1301
poklice,lid,teater,2067,https://teater.aiscr.cz/id/2067
poklička,lid,amcr,HES-000724,https://api.aiscr.cz/id/HES-000724
pokrmové tuky,food lipids,teater,606,https://teater.aiscr.cz/id/606
pokrývač,roofer,teater,3358,https://teater.aiscr.cz/id/3358
pokrývačské práce,roofing,teater,3357,https://teater.aiscr.cz/id/3357
pokrývky hlavy,cap,teater,2179,https://teater.aiscr.cz/id/2179
pole,cropland,amcr,HES-000039,https://api.aiscr.cz/id/HES-000039
polenta,polenta,teater,2427,https://teater.aiscr.cz/id/2427
polesí,Polesia,teater,3017,https://teater.aiscr.cz/id/3017
polis,poleis,teater,2732,https://teater.aiscr.cz/id/2732
politická elita,political elite,teater,3626,https://teater.aiscr.cz/id/3626
politické dějiny,political history,teater,592,https://teater.aiscr.cz/id/592
polní opevnění,field fortification,amcr,HES-000044,https://api.aiscr.cz/id/HES-000044
polocké knížectví,Principality of Polotsk,teater,3018,https://teater.aiscr.cz/id/3018
poloha podle katastru,location by cadastral area,amcr,HES-000864,https://api.aiscr.cz/id/HES-000864
polostrukturovaný rozhovor,semi-structured interview,teater,4317,https://teater.aiscr.cz/id/4317
polotovar,semifinished artefact,teater,2302,https://teater.aiscr.cz/id/2302
polsko,Poland,amcr,HES-001220,https://api.aiscr.cz/id/HES-001220
polygon,polygon,amcr,HES-001135,https://api.aiscr.cz/id/HES-001135
polygon archeologického průzkumu,archaeological survey polygon,amcr,HES-000132,https://api.aiscr.cz/id/HES-000132
polygon leteckého průzkumu,aerial survey polygon,amcr,HES-000111,https://api.aiscr.cz/id/HES-000111
polygon průzkumu,survey polygon,amcr,HES-001123,https://api.aiscr.cz/id/HES-001123
polyptychon,polyptych,teater,2247,https://teater.aiscr.cz/id/2247
polyteismus,polytheism,teater,822,https://teater.aiscr.cz/id/822
pomník/památník,memorial,amcr,HES-000128,https://api.aiscr.cz/id/HES-000128
pomocné vědy historické,auxiliary sciences of history,teater,624,https://teater.aiscr.cz/id/624
pomořansko,Pomerania,teater,3019,https://teater.aiscr.cz/id/3019
pontská říše,Kingdom of Pontus,teater,4088,https://teater.aiscr.cz/id/4088
popel,ash,teater,1943,https://teater.aiscr.cz/id/1943
popelnice,urn,amcr,HES-000726,https://api.aiscr.cz/id/HES-000726
popisná statistika,descriptive statistics,teater,841,https://teater.aiscr.cz/id/841
poplužní dvůr,Meierhof,teater,1427,https://teater.aiscr.cz/id/1427
popraviště,execution site,amcr,HES-000058,https://api.aiscr.cz/id/HES-000058
popularizace vědy,popularization of science,teater,79,https://teater.aiscr.cz/id/79
populační hustota,population density,teater,409,https://teater.aiscr.cz/id/409
populační růst,population growth,teater,407,https://teater.aiscr.cz/id/407
porcelán,porcelain,teater,2472,https://teater.aiscr.cz/id/2472
porod,childbirth,teater,385,https://teater.aiscr.cz/id/385
porodnost,natality,teater,410,https://teater.aiscr.cz/id/410
portoriko,Puerto Rico,amcr,HES-001221,https://api.aiscr.cz/id/HES-001221
portugalsko,Portugal,amcr,HES-001222,https://api.aiscr.cz/id/HES-001222
portál,portal,amcr,HES-000711,https://api.aiscr.cz/id/HES-000711
porážka zvířat,slaughter,teater,306,https://teater.aiscr.cz/id/306
pospolitost (ferdinand tönnies),Community (Ferdinand Tönnies),teater,4217,https://teater.aiscr.cz/id/4217
postdepoziční transformace,post-depositional transformation,teater,66,https://teater.aiscr.cz/id/66
postimpresionismus,post-impressionism,teater,526,https://teater.aiscr.cz/id/526
postmodernismus,Postmodernism,teater,4165,https://teater.aiscr.cz/id/4165
postprocesuální archeologie,post-processual archaeology,teater,8,https://teater.aiscr.cz/id/8
postroj/doprava,harness/transportation,amcr,HES-000742,https://api.aiscr.cz/id/HES-000742
poststrukturalismus,post-structuralism,teater,80,https://teater.aiscr.cz/id/80
poststrukturální antropologie,poststructuralism,teater,3902,https://teater.aiscr.cz/id/3902
posvátný háj,sacred grove,teater,3861,https://teater.aiscr.cz/id/3861
posvícení,kermesse,teater,4268,https://teater.aiscr.cz/id/4268
potrubí,plumbing pipe,amcr,HES-000741,https://api.aiscr.cz/id/HES-000741
poustevna,hermitage,teater,1729,https://teater.aiscr.cz/id/1729
poustevnice,anchoress,teater,3124,https://teater.aiscr.cz/id/3124
poustevnictví,hermitage,teater,799,https://teater.aiscr.cz/id/799
poustevník,hermit,teater,3125,https://teater.aiscr.cz/id/3125
poutko,loop,teater,2349,https://teater.aiscr.cz/id/2349
poutní místo,pilgrimage place,teater,1349,https://teater.aiscr.cz/id/1349
pouzdro,case,teater,2327,https://teater.aiscr.cz/id/2327
použitelný,useable,amcr,HES-000238,https://api.aiscr.cz/id/HES-000238
povolžské bulharsko,Volga Bulgaria,teater,3020,https://teater.aiscr.cz/id/3020
povolžští bulhaři,Volga Bulgarians,teater,2714,https://teater.aiscr.cz/id/2714
povozník,carter,teater,3192,https://teater.aiscr.cz/id/3192
povrch,surface,amcr,HES-000242,https://api.aiscr.cz/id/HES-000242
povrch sondy,trench surface,amcr,HES-001157,https://api.aiscr.cz/id/HES-001157
povrchová úprava keramiky,ceramics finishing,teater,3276,https://teater.aiscr.cz/id/3276
povrchový důl,opencast mine,teater,1462,https://teater.aiscr.cz/id/1462
povrchový nález,surface find,amcr,HES-001049,https://api.aiscr.cz/id/HES-001049
povrchový sběr,surface collection survey,amcr,HES-001050,https://api.aiscr.cz/id/HES-001050
povstání andriska (151-148 př. kr.),revolt of Andriscus (150-148 B.C.),teater,2686,https://teater.aiscr.cz/id/2686
povídka,short story,teater,4288,https://teater.aiscr.cz/id/4288
pověst,legend,teater,4287,https://teater.aiscr.cz/id/4287
pozdní doba bronzová,Final Bronze Age,amcr,HES-001484,https://api.aiscr.cz/id/HES-001484
pozdní doba laténská (ltd),Final La Tène Period (LtD),amcr,HES-001462,https://api.aiscr.cz/id/HES-001462
pozdní paleolit,Epipalaeolithic,amcr,HES-001468,https://api.aiscr.cz/id/HES-001468
pozdní středohradištní období,Final Middle Hillfort Period,amcr,HES-000278,https://api.aiscr.cz/id/HES-000278
pozdní středověk,Late Middle Ages,amcr,HES-000271,https://api.aiscr.cz/id/HES-000271
pozdní středověk (historiografie),Late Middle Ages (historiography),teater,1263,https://teater.aiscr.cz/id/1263
pozdněhradištní období,Final Hillfort Period,amcr,HES-000326,https://api.aiscr.cz/id/HES-000326
pozemková kniha,land register,teater,2266,https://teater.aiscr.cz/id/2266
pozemní komunikace (areály),land communication (areas),teater,1413,https://teater.aiscr.cz/id/1413
pozemní komunikace (objekty),land communication (objects),teater,1672,https://teater.aiscr.cz/id/1672
pozlacování,gilding,teater,3417,https://teater.aiscr.cz/id/3417
pozorování (etnologie),observation (ethnology),teater,4310,https://teater.aiscr.cz/id/4310
pozorování (geografie),observation (geography),teater,4160,https://teater.aiscr.cz/id/4160
pozůstatek komunikace,remains of transportation structure,amcr,HES-001429,https://api.aiscr.cz/id/HES-001429
pozůstatek kultu,remains of ritual site,amcr,HES-001433,https://api.aiscr.cz/id/HES-001433
pozůstatek mohylníku,remains of burial mounds,amcr,HES-001430,https://api.aiscr.cz/id/HES-001430
pozůstatek ohrazení,remains of enclosure,amcr,HES-001431,https://api.aiscr.cz/id/HES-001431
pozůstatek represe,remains of repression site,amcr,HES-001432,https://api.aiscr.cz/id/HES-001432
pozůstatek sídla elity,remains of manorial site,amcr,HES-001434,https://api.aiscr.cz/id/HES-001434
pozůstatek sídliště,remains of settlement,amcr,HES-001435,https://api.aiscr.cz/id/HES-001435
pozůstatek těžby,remains of extraction site,amcr,HES-001436,https://api.aiscr.cz/id/HES-001436
pozůstatek vojenství,remains of military site,amcr,HES-001437,https://api.aiscr.cz/id/HES-001437
pozůstatek výroby,remains of production site,amcr,HES-001438,https://api.aiscr.cz/id/HES-001438
počítačová tomografie,computed tomography,teater,170,https://teater.aiscr.cz/id/170
pořekadlo,adage,teater,4286,https://teater.aiscr.cz/id/4286
prabulhaři,Proto-Bulgarians,teater,2715,https://teater.aiscr.cz/id/2715
praetorium,praetorium,teater,1550,https://teater.aiscr.cz/id/1550
praha-kbely,Praha-Kbely,amcr,HES-000205,https://api.aiscr.cz/id/HES-000205
praha-letňany,Praha-Letňany,amcr,HES-000206,https://api.aiscr.cz/id/HES-000206
prahory,Archean,teater,1052,https://teater.aiscr.cz/id/1052
prak,sling,teater,2004,https://teater.aiscr.cz/id/2004
prales,primeval forest,teater,857,https://teater.aiscr.cz/id/857
pramen,spring,amcr,HES-000473,https://api.aiscr.cz/id/HES-000473
pramen (historiografie),source (historiography),teater,597,https://teater.aiscr.cz/id/597
prameniště,spring area,teater,1018,https://teater.aiscr.cz/id/1018
prameny přírodní,natural source of information,teater,4127,https://teater.aiscr.cz/id/4127
pranostika,weather lore,teater,4289,https://teater.aiscr.cz/id/4289
pranýř,pillory,teater,1551,https://teater.aiscr.cz/id/1551
prase,pig,teater,3232,https://teater.aiscr.cz/id/3232
praslovanština,Proto-Slavic,teater,2827,https://teater.aiscr.cz/id/2827
pravděpodobnostní metoda,probabilistic methods,teater,281,https://teater.aiscr.cz/id/281
pravoslavná liturgie,Orthodox liturgy,teater,762,https://teater.aiscr.cz/id/762
pravoslavné církve,Orthodox Eastern churches,teater,732,https://teater.aiscr.cz/id/732
pravoslavný kněz,Orthodox priest,teater,3108,https://teater.aiscr.cz/id/3108
pravoslavný kostel,Orthodox church,teater,1340,https://teater.aiscr.cz/id/1340
pravoslaví,Orthodox Eastern,teater,731,https://teater.aiscr.cz/id/731
pravěk,Prehistory,amcr,HES-001161,https://api.aiscr.cz/id/HES-001161
pravěká keramika,prehistoric pottery,teater,2461,https://teater.aiscr.cz/id/2461
pravěká společnost,prehistoric society,teater,3693,https://teater.aiscr.cz/id/3693
pravěké umění,prehistoric art,teater,506,https://teater.aiscr.cz/id/506
pražnice,frying pan,amcr,HES-000771,https://api.aiscr.cz/id/HES-000771
pražský groš,prague groschen,teater,2291,https://teater.aiscr.cz/id/2291
preboreál (paleoklimatologie),Preboreal (paleoclimatology),teater,1064,https://teater.aiscr.cz/id/1064
predepoziční transformace,pre-depositional transformation,teater,67,https://teater.aiscr.cz/id/67
predikční model,predictive model,teater,282,https://teater.aiscr.cz/id/282
prehistorická archeologie,prehistoric archaeology,teater,48,https://teater.aiscr.cz/id/48
preindustriální město,preindustrial city,teater,4145,https://teater.aiscr.cz/id/4145
prejz,pantile,amcr,HES-000773,https://api.aiscr.cz/id/HES-000773
prelát,prelate,teater,3129,https://teater.aiscr.cz/id/3129
premonstráti,Premonstratensians,teater,3160,https://teater.aiscr.cz/id/3160
premonstrátky,Premonstratensian nuns,teater,3178,https://teater.aiscr.cz/id/3178
premonstrátská spiritualita,Premonstratensian spirituality,teater,815,https://teater.aiscr.cz/id/815
premonstrátský klášter,Premonstratensian monastery,teater,1381,https://teater.aiscr.cz/id/1381
presbytář,presbytery,teater,1730,https://teater.aiscr.cz/id/1730
primogenitura,primogeniture,teater,3597,https://teater.aiscr.cz/id/3597
primárně digitální dokument,born digital document,amcr,HES-001166,https://api.aiscr.cz/id/HES-001166
privilegium,privilege,teater,2263,https://teater.aiscr.cz/id/2263
prkno,board,teater,2351,https://teater.aiscr.cz/id/2351
prkno/fošna,board/plank,amcr,HES-000687,https://api.aiscr.cz/id/HES-000687
probošt,provost,teater,3130,https://teater.aiscr.cz/id/3130
procesuální archeologie,processual archaeology,teater,9,https://teater.aiscr.cz/id/9
projektil,projectile,teater,2005,https://teater.aiscr.cz/id/2005
projektil/kule/munice,projectile/bullet/ammunition,amcr,HES-000755,https://api.aiscr.cz/id/HES-000755
pronáos,pronaos,teater,1731,https://teater.aiscr.cz/id/1731
propylaje,propylaea,teater,1732,https://teater.aiscr.cz/id/1732
proskénion,proscenium,teater,1488,https://teater.aiscr.cz/id/1488
proso,millet,teater,1930,https://teater.aiscr.cz/id/1930
prosopografie,prosopography,teater,586,https://teater.aiscr.cz/id/586
prostorová analýza,spatial analysis,teater,274,https://teater.aiscr.cz/id/274
prostorová archeologie,spatial archaeology,teater,35,https://teater.aiscr.cz/id/35
prostorová statistika,spatial statistics,teater,842,https://teater.aiscr.cz/id/842
prostorová věda,Theoretical Geography,teater,4166,https://teater.aiscr.cz/id/4166
prostylos,prostylos,teater,1317,https://teater.aiscr.cz/id/1317
protestantská liturgie,Protestant liturgy,teater,763,https://teater.aiscr.cz/id/763
protoindustrializace,proto-industrialization,teater,4146,https://teater.aiscr.cz/id/4146
protourbánní aglomerace,proto-urban agglomeration,amcr,HES-000075,https://api.aiscr.cz/id/HES-000075
protourbánní osídlení,proto-urban settlement,teater,1402,https://teater.aiscr.cz/id/1402
protoúnětická kultura,Proto-Únětice Culture,amcr,HES-000391,https://api.aiscr.cz/id/HES-000391
proutí,wattle,amcr,HES-000943,https://api.aiscr.cz/id/HES-000943
proutěné výrobky,basketry,teater,2517,https://teater.aiscr.cz/id/2517
provaznictví,ropemaking,teater,3359,https://teater.aiscr.cz/id/3359
provazník,rope maker,teater,3698,https://teater.aiscr.cz/id/3698
provence,Provence,teater,3021,https://teater.aiscr.cz/id/3021
provenience uměleckého díla,provenance of art works,teater,476,https://teater.aiscr.cz/id/476
prsten,finger ring,amcr,HES-000669,https://api.aiscr.cz/id/HES-000669
prusko,Prussia,teater,3022,https://teater.aiscr.cz/id/3022
prusové,Old Prussians,teater,2576,https://teater.aiscr.cz/id/2576
prusy knížecí,Duchy of Prussia,teater,3023,https://teater.aiscr.cz/id/3023
prusy královské,West Prussia,teater,3024,https://teater.aiscr.cz/id/3024
pruština,Old Prussian,teater,2572,https://teater.aiscr.cz/id/2572
prvková analýza,elemental analysis,amcr,HES-000631,https://api.aiscr.cz/id/HES-000631
první makedonská válka (215-205 př. kr.),First Macedonian War (First Macedonian War,teater,2687,https://teater.aiscr.cz/id/2687
prvohory,palaeozoic,teater,1053,https://teater.aiscr.cz/id/1053
prvotisk,incunabula,teater,655,https://teater.aiscr.cz/id/655
pryskyřice,resin,amcr,HES-000944,https://api.aiscr.cz/id/HES-000944
prytaneion,prytaneion,teater,1555,https://teater.aiscr.cz/id/1555
przeworská kultura,Przeworsk culture,teater,1221,https://teater.aiscr.cz/id/1221
právnička,woman lawyer,teater,3441,https://teater.aiscr.cz/id/3441
právní dějiny,history of law,teater,593,https://teater.aiscr.cz/id/593
právní institut,legal institute,teater,3592,https://teater.aiscr.cz/id/3592
právní rámec etnografického výzkumu,legal framework for ethnographic research,teater,4298,https://teater.aiscr.cz/id/4298
právník,lawyer,teater,3442,https://teater.aiscr.cz/id/3442
právo,law,teater,3608,https://teater.aiscr.cz/id/3608
průběžný výzkum,continuous research,teater,4330,https://teater.aiscr.cz/id/4330
průmyslová archeologie,industrial archaeology,teater,36,https://teater.aiscr.cz/id/36
průmyslové město,industrial town,teater,1391,https://teater.aiscr.cz/id/1391
průvlečka,clothing buckle,amcr,HES-000683,https://api.aiscr.cz/id/HES-000683
průzkum,survey,amcr,HES-001138,https://api.aiscr.cz/id/HES-001138
průzkum detektorem kovu,metal detector survey,amcr,HES-001052,https://api.aiscr.cz/id/HES-001052
psací materiál,writing material,teater,2528,https://teater.aiscr.cz/id/2528
psací potřeba,writer’s tool,teater,673,https://teater.aiscr.cz/id/673
psací tabulka,writing tablet,teater,2245,https://teater.aiscr.cz/id/2245
pseudolokalita (< 5 %),pseudo-site (< 5%),amcr,HES-001452,https://api.aiscr.cz/id/HES-001452
psychohistorie,Psychohistory,teater,3718,https://teater.aiscr.cz/id/3718
psychologie náboženství,psychology of religion,teater,3869,https://teater.aiscr.cz/id/3869
psychopomp,psychopomp,teater,3850,https://teater.aiscr.cz/id/3850
psyktér,psykter,teater,2070,https://teater.aiscr.cz/id/2070
ptáčnictví,bird catching,teater,3200,https://teater.aiscr.cz/id/3200
ptáčník,bird catcher,teater,3201,https://teater.aiscr.cz/id/3201
publikum,audience,teater,491,https://teater.aiscr.cz/id/491
puklice,spangle,teater,2329,https://teater.aiscr.cz/id/2329
puncovní značka,hallmark,teater,3418,https://teater.aiscr.cz/id/3418
purkmistr,burgomaster / burgermeister,teater,3435,https://teater.aiscr.cz/id/3435
purkrabí,burgrave,teater,3443,https://teater.aiscr.cz/id/3443
puteál,puteal,teater,1733,https://teater.aiscr.cz/id/1733
putna,large pitcher,teater,2071,https://teater.aiscr.cz/id/2071
puškař,gunsmith,teater,3361,https://teater.aiscr.cz/id/3361
puškařství,gunsmithing,teater,3360,https://teater.aiscr.cz/id/3360
pyl,polen,amcr,HES-001007,https://api.aiscr.cz/id/HES-001007
pylová analýza,pollen analysis,teater,171,https://teater.aiscr.cz/id/171
pylón,pylon,teater,1734,https://teater.aiscr.cz/id/1734
pyramida,pyramid,teater,1670,https://teater.aiscr.cz/id/1670
pyreneje (francie a španělsko : pohoří),Pyrenees,teater,4089,https://teater.aiscr.cz/id/4089
pyrotechnické zařízení,pyrotechnic device,teater,1688,https://teater.aiscr.cz/id/1688
pyrotechnologické zařízení,pyrotechnological device,amcr,HES-000583,https://api.aiscr.cz/id/HES-000583
pyxid,pyxis,teater,2072,https://teater.aiscr.cz/id/2072
pád (itálie : řeka),Po,teater,4076,https://teater.aiscr.cz/id/4076
pákistán,Pakistan,amcr,HES-001224,https://api.aiscr.cz/id/HES-001224
pálení čarodějnic,Walpurgis Night,teater,4277,https://teater.aiscr.cz/id/4277
pánev,pan,amcr,HES-000720,https://api.aiscr.cz/id/HES-000720
pásová zápona,belt fitting,teater,2336,https://teater.aiscr.cz/id/2336
písemnictví,literature,teater,3440,https://teater.aiscr.cz/id/3440
písemnost,written document,amcr,HES-000839,https://api.aiscr.cz/id/HES-000839
písemný pramen,written source,teater,599,https://teater.aiscr.cz/id/599
pískovec,sandstone,teater,2515,https://teater.aiscr.cz/id/2515
pískovna,sandpit,teater,1466,https://teater.aiscr.cz/id/1466
písmo,script,teater,3567,https://teater.aiscr.cz/id/3567
píšťala,pipe,teater,1841,https://teater.aiscr.cz/id/1841
púchovská kultura,Púchov culture,teater,1222,https://teater.aiscr.cz/id/1222
pěchota,infantry,teater,3522,https://teater.aiscr.cz/id/3522
pěstní klín,handaxe,teater,2130,https://teater.aiscr.cz/id/2130
"pěstování plodin, chov a lov","crop production, breeding and hunting",teater,3196,https://teater.aiscr.cz/id/3196
přechod pozdní středověk/novověk,Late Middle Ages/Modern Transition,amcr,HES-000272,https://api.aiscr.cz/id/HES-000272
přechod raný/vrcholný středověk,Early/High Middle Ages Transition,amcr,HES-000270,https://api.aiscr.cz/id/HES-000270
přechodový rituál,rite of passage,teater,379,https://teater.aiscr.cz/id/379
přechovávaná přírodnina,natural object,amcr,HES-000643,https://api.aiscr.cz/id/HES-000643
předhradí,bailey,teater,1636,https://teater.aiscr.cz/id/1636
předměstí,suburb,amcr,HES-000076,https://api.aiscr.cz/id/HES-000076
předmět,object,amcr,HES-001126,https://api.aiscr.cz/id/HES-001126
předmět (archeobotanika),subject (archaeobotany),teater,299,https://teater.aiscr.cz/id/299
předmět (demografie),subject (demography),teater,423,https://teater.aiscr.cz/id/423
předmět (dějiny umění),subject (art history),teater,481,https://teater.aiscr.cz/id/481
předmět (památková péče),object (historic preservation),teater,270,https://teater.aiscr.cz/id/270
předmět (religionistika),subject (religious science),teater,836,https://teater.aiscr.cz/id/836
předmět bádání (archeologie),research subject,teater,11,https://teater.aiscr.cz/id/11
předmět z bronzu,bronze object,teater,2520,https://teater.aiscr.cz/id/2520
předmět z kamene,stone object,teater,2521,https://teater.aiscr.cz/id/2521
předmět z kosti,bone object,teater,2522,https://teater.aiscr.cz/id/2522
předmět z kovu,metal object,teater,2523,https://teater.aiscr.cz/id/2523
předmět z mědi,copper object,teater,2524,https://teater.aiscr.cz/id/2524
předmět ze stříbra,silver object,teater,2525,https://teater.aiscr.cz/id/2525
předmět ze zlata,gold object,teater,2526,https://teater.aiscr.cz/id/2526
předmět ze železa,iron object,teater,2527,https://teater.aiscr.cz/id/2527
předstihový archeologický výzkum,development-led excavation,teater,106,https://teater.aiscr.cz/id/106
přehrada,dam,amcr,HES-000054,https://api.aiscr.cz/id/HES-000054
překlady do církevní slovanštiny,translations into Church Slavic,teater,2832,https://teater.aiscr.cz/id/2832
překlady z církevní slovanštiny,translations from Church Slavic,teater,2833,https://teater.aiscr.cz/id/2833
přelidnění,overpopulation,teater,408,https://teater.aiscr.cz/id/408
přemyslovci,Přemyslid dynasty,teater,3087,https://teater.aiscr.cz/id/3087
přeslen,spindle whorl,amcr,HES-000809,https://api.aiscr.cz/id/HES-000809
přesné datum,exact date,amcr,HES-000887,https://api.aiscr.cz/id/HES-000887
přesně v letech,exact years,amcr,HES-000886,https://api.aiscr.cz/id/HES-000886
převýšená plocha,mound,amcr,HES-000536,https://api.aiscr.cz/id/HES-000536
přezka,buckle,amcr,HES-000732,https://api.aiscr.cz/id/HES-000732
přihrádkový email,cloisonné,teater,3380,https://teater.aiscr.cz/id/3380
přilba,helmet,teater,2017,https://teater.aiscr.cz/id/2017
přirozený půdní horizont,natural topsoil,amcr,HES-000246,https://api.aiscr.cz/id/HES-000246
příbuzenství,kinship,teater,3663,https://teater.aiscr.cz/id/3663
příbuzné disciplíny (geologie),related disciplines (geology),teater,931,https://teater.aiscr.cz/id/931
příbuzné obory,Related disciplines,teater,352,https://teater.aiscr.cz/id/352
příkop,moat,amcr,HES-000508,https://api.aiscr.cz/id/HES-000508
příkopové ohrazení,ditch enclosure,teater,1404,https://teater.aiscr.cz/id/1404
příloha zprávy/hlášení,report annex,amcr,HES-001076,https://api.aiscr.cz/id/HES-001076
přírodní determinismus,(Natural) Determinism,teater,4167,https://teater.aiscr.cz/id/4167
přírodní fakt,biofact,teater,61,https://teater.aiscr.cz/id/61
přírodní útvar,natural landform,amcr,HES-000470,https://api.aiscr.cz/id/HES-000470
přírodní útvar s lidskou aktivitou,inhabited natural landform,amcr,HES-000133,https://api.aiscr.cz/id/HES-000133
přírodovědná sbírka,natural history collection,teater,232,https://teater.aiscr.cz/id/232
přísloví,proverb,teater,4290,https://teater.aiscr.cz/id/4290
přístav,port,teater,1474,https://teater.aiscr.cz/id/1474
přístavní město,seaport,teater,1392,https://teater.aiscr.cz/id/1392
přístupy (archeologie),approaches,teater,17,https://teater.aiscr.cz/id/17
přívěsek,pendant,teater,2398,https://teater.aiscr.cz/id/2398
přívěsek/závěsek,pendant,amcr,HES-000837,https://api.aiscr.cz/id/HES-000837
pšenice dvouzrnka,emmer wheat,teater,1931,https://teater.aiscr.cz/id/1931
pšenice jednozrnka,einkorn wheat,teater,1932,https://teater.aiscr.cz/id/1932
pšenice špalda,spelt,teater,1933,https://teater.aiscr.cz/id/1933
půda,soil,teater,985,https://teater.aiscr.cz/id/985
půdní profil,soil profile,teater,988,https://teater.aiscr.cz/id/988
půdní rozbor,soil testing,teater,983,https://teater.aiscr.cz/id/983
quadrigae,quadriga,teater,1917,https://teater.aiscr.cz/id/1917
quirité,Quirites,teater,3965,https://teater.aiscr.cz/id/3965
radikální geografie,radical geography,teater,4168,https://teater.aiscr.cz/id/4168
radiokarbonové datování,radiocarbon dating,teater,172,https://teater.aiscr.cz/id/172
radiouhlíkové datování,radiocarbon dating,amcr,HES-000608,https://api.aiscr.cz/id/HES-000608
radlice,ploughshare,teater,2160,https://teater.aiscr.cz/id/2160
radnice,town hall,teater,1552,https://teater.aiscr.cz/id/1552
raetie,Raetia,teater,3025,https://teater.aiscr.cz/id/3025
rakev,coffin,amcr,HES-000704,https://api.aiscr.cz/id/HES-000704
rakousko,Austria,amcr,HES-001295,https://api.aiscr.cz/id/HES-001295
rakousko (1867-1918),Cisleithania,teater,3026,https://teater.aiscr.cz/id/3026
ramanova spektrometrie,Raman spectroscopy,teater,184,https://teater.aiscr.cz/id/184
rané křesťanství,early Christianity,teater,728,https://teater.aiscr.cz/id/728
rané mladohradištní období,Early Late Hillfort Period,amcr,HES-000356,https://api.aiscr.cz/id/HES-000356
rané středohradištní období,Early Middle Hillfort Period,amcr,HES-000277,https://api.aiscr.cz/id/HES-000277
raný novověk,early modern period,teater,1264,https://teater.aiscr.cz/id/1264
raný středověk,Early Medieval,amcr,HES-001162,https://api.aiscr.cz/id/HES-001162
raný středověk (historiografie),Early Middle Ages (historiography),teater,1261,https://teater.aiscr.cz/id/1261
raný středověk 1,Early Middle Ages 1,amcr,HES-000386,https://api.aiscr.cz/id/HES-000386
raný středověk 2,Early Middle Ages 2,amcr,HES-000301,https://api.aiscr.cz/id/HES-000301
raný středověk 2–4,Early Middle Ages 2–4,amcr,HES-000276,https://api.aiscr.cz/id/HES-000276
raný středověk 3,Early Middle Ages 3,amcr,HES-001471,https://api.aiscr.cz/id/HES-001471
raný středověk 4,Early Middle Ages 4,amcr,HES-001472,https://api.aiscr.cz/id/HES-001472
raně křesťanská architektura,early christian architecture,teater,430,https://teater.aiscr.cz/id/430
raně křesťanské malířství,early Christian painting,teater,3758,https://teater.aiscr.cz/id/3758
raně křesťanské sochařství,early Christian sculpture,teater,3768,https://teater.aiscr.cz/id/3768
raně křesťanské umění,early Christian art,teater,3737,https://teater.aiscr.cz/id/3737
rasismus,racism,teater,4199,https://teater.aiscr.cz/id/4199
rašeliniště,peat bog,teater,860,https://teater.aiscr.cz/id/860
ražba (mincovnictví),stamp (coinage),teater,3339,https://teater.aiscr.cz/id/3339
reciprocita,reciprocity,teater,3565,https://teater.aiscr.cz/id/3565
redukce (archeologická transformace),reduction (archaeological transformation),teater,65,https://teater.aiscr.cz/id/65
reflexní luk,reflex bow,teater,1999,https://teater.aiscr.cz/id/1999
regest,regest,teater,2239,https://teater.aiscr.cz/id/2239
regia,regia,teater,1556,https://teater.aiscr.cz/id/1556
regionální dějiny,regional history,teater,594,https://teater.aiscr.cz/id/594
regionální geografie,regional geography,teater,893,https://teater.aiscr.cz/id/893
regionální geologie,regional geology,teater,996,https://teater.aiscr.cz/id/996
regionální muzeum,regional museum,teater,247,https://teater.aiscr.cz/id/247
rekonstrukce podoby podle lebky,forensic facial reconstruction,teater,358,https://teater.aiscr.cz/id/358
rekonstrukce staveb,reconstruction of buildings,teater,273,https://teater.aiscr.cz/id/273
relativní chronologie,relative chronology,teater,191,https://teater.aiscr.cz/id/191
religionistika,religious science,teater,680,https://teater.aiscr.cz/id/680
religiozita,religiosity,teater,827,https://teater.aiscr.cz/id/827
relikviář,reliquary,teater,2073,https://teater.aiscr.cz/id/2073
reliéf (sochařství),relief sculpture,teater,1881,https://teater.aiscr.cz/id/1881
reliéfní útvar,relief feature,teater,1702,https://teater.aiscr.cz/id/1702
renesance,renaissance,teater,507,https://teater.aiscr.cz/id/507
renesanční architektura,renaissance architecture,teater,433,https://teater.aiscr.cz/id/433
renesanční keramika,renaissance pottery,teater,2462,https://teater.aiscr.cz/id/2462
renesanční malířství,renaissance painting,teater,441,https://teater.aiscr.cz/id/441
renesanční nástěnná malba,renaissance mural painting,teater,1869,https://teater.aiscr.cz/id/1869
renesanční oltář,renaissance altar,teater,1726,https://teater.aiscr.cz/id/1726
renesanční portál,renaissance doorway,teater,1599,https://teater.aiscr.cz/id/1599
renesanční sochařství,renaissance sculpture,teater,451,https://teater.aiscr.cz/id/451
rentgenová fluorescenční analýza,X-ray fluorescence analysis,teater,173,https://teater.aiscr.cz/id/173
replika,replica,teater,214,https://teater.aiscr.cz/id/214
republika,republic,teater,3682,https://teater.aiscr.cz/id/3682
rescriptum,rescriptum,teater,2240,https://teater.aiscr.cz/id/2240
respondent,respondent,teater,4307,https://teater.aiscr.cz/id/4307
restaurování,restoration,teater,217,https://teater.aiscr.cz/id/217
restaurování muzejních exponátů,restoration of museum exhibits,teater,218,https://teater.aiscr.cz/id/218
restaurování památek,antiquities restoration,teater,219,https://teater.aiscr.cz/id/219
restaurátorský průzkum,restoration research,teater,174,https://teater.aiscr.cz/id/174
retábl,retable,teater,1727,https://teater.aiscr.cz/id/1727
revizní výzkum,revision excavation,teater,107,https://teater.aiscr.cz/id/107
rhodos (řecko : ostrov),Rhodes,teater,4091,https://teater.aiscr.cz/id/4091
rhyton,rhyton,teater,2074,https://teater.aiscr.cz/id/2074
rituál,ritual,teater,3857,https://teater.aiscr.cz/id/3857
rituální vražda,ritual murder,teater,834,https://teater.aiscr.cz/id/834
rituály a obřady,rites and ceremonies,teater,829,https://teater.aiscr.cz/id/829
robota,corvée,teater,3606,https://teater.aiscr.cz/id/3606
rod,lineage,teater,4218,https://teater.aiscr.cz/id/4218
rodokmen,genealogical table,teater,641,https://teater.aiscr.cz/id/641
rodová kronika,family chronicle,teater,2207,https://teater.aiscr.cz/id/2207
rodový znak,family coat of arms,teater,643,https://teater.aiscr.cz/id/643
roh,horn,amcr,HES-000945,https://api.aiscr.cz/id/HES-000945
rohovec,chert,teater,2534,https://teater.aiscr.cz/id/2534
rokoko,rococo,teater,3739,https://teater.aiscr.cz/id/3739
rokoková architektura,rococo architecture,teater,3752,https://teater.aiscr.cz/id/3752
rokokové malířství,rococo painting,teater,3760,https://teater.aiscr.cz/id/3760
rolnička,jingle bell,amcr,HES-000701,https://api.aiscr.cz/id/HES-000701
rolník,peasant,teater,3646,https://teater.aiscr.cz/id/3646
romanizace,romanization,teater,2775,https://teater.aiscr.cz/id/2775
romantická archeologie,romantic archeology,teater,10,https://teater.aiscr.cz/id/10
romantický historismus,romantic historicism,teater,3742,https://teater.aiscr.cz/id/3742
románská architektura,romanesque architecture,teater,436,https://teater.aiscr.cz/id/436
románská nástěnná malba,romanesque mural painting,teater,1870,https://teater.aiscr.cz/id/1870
románské malířství,romanesque painting,teater,444,https://teater.aiscr.cz/id/444
románské sochařství,romanesque sculpture,teater,452,https://teater.aiscr.cz/id/452
románské umění,romanesque art,teater,508,https://teater.aiscr.cz/id/508
románský portál,Romanesque doorway,teater,1600,https://teater.aiscr.cz/id/1600
rondel,roundel,teater,1405,https://teater.aiscr.cz/id/1405
rondel/rondeloid,roundel/rondeloid,amcr,HES-000012,https://api.aiscr.cz/id/HES-000012
rostlina,plant,teater,300,https://teater.aiscr.cz/id/300
rostlinná výroba,crop production,teater,3213,https://teater.aiscr.cz/id/3213
rostlinné makrozbytky,plant macro-remains,amcr,HES-001009,https://api.aiscr.cz/id/HES-001009
rostra,rostra,teater,1610,https://teater.aiscr.cz/id/1610
rotunda,rotunda,teater,1341,https://teater.aiscr.cz/id/1341
rovníková guinea,Equatorial Guinea,amcr,HES-001235,https://api.aiscr.cz/id/HES-001235
roxolani,Roxolani,teater,3966,https://teater.aiscr.cz/id/3966
rozhovor (etnologie),interview (ethnology),teater,4314,https://teater.aiscr.cz/id/4314
rozhovor (geografie),dialogue (geography),teater,4159,https://teater.aiscr.cz/id/4159
ruda,ore,amcr,HES-000830,https://api.aiscr.cz/id/HES-000830
rudní ložisko,ore deposit,teater,3511,https://teater.aiscr.cz/id/3511
rugiové,Rugii,teater,2612,https://teater.aiscr.cz/id/2612
ruina,ruin,amcr,HES-001456,https://api.aiscr.cz/id/HES-001456
rukavičkářství,glove making,teater,3364,https://teater.aiscr.cz/id/3364
rukopis,manuscript,teater,656,https://teater.aiscr.cz/id/656
rukopisná iniciála,initial,teater,664,https://teater.aiscr.cz/id/664
rumunsko,Romania,amcr,HES-001236,https://api.aiscr.cz/id/HES-001236
runová magie,runic magic,teater,2892,https://teater.aiscr.cz/id/2892
runové nápisy,runic inscriptions,teater,2893,https://teater.aiscr.cz/id/2893
runy,runes,teater,2891,https://teater.aiscr.cz/id/2891
rusko,Russian Federation (the),amcr,HES-001392,https://api.aiscr.cz/id/HES-001392
ruční bubínek,tympanum,teater,1842,https://teater.aiscr.cz/id/1842
ruština,Russian,amcr,HES-000173,https://api.aiscr.cz/id/HES-000173
rwanda,Rwanda,amcr,HES-001393,https://api.aiscr.cz/id/HES-001393
rybník,pond,amcr,HES-000055,https://api.aiscr.cz/id/HES-000055
rybník/nádrž,pond/water tank,amcr,HES-000505,https://api.aiscr.cz/id/HES-000505
rybolov,fishing,teater,3207,https://teater.aiscr.cz/id/3207
rybářské závaží,sinker,teater,2153,https://teater.aiscr.cz/id/2153
rychtář,reeve,teater,3436,https://teater.aiscr.cz/id/3436
rydlo,graver,amcr,HES-000810,https://api.aiscr.cz/id/HES-000810
rytina,engraving,teater,1883,https://teater.aiscr.cz/id/1883
rytíř,knight,teater,3654,https://teater.aiscr.cz/id/3654
rytířský řeholní řád,order of knighthood and chivalry,teater,3135,https://teater.aiscr.cz/id/3135
rámař,picture framer,teater,3363,https://teater.aiscr.cz/id/3363
rámařství,framing,teater,3362,https://teater.aiscr.cz/id/3362
rétorománi,Romansh people,teater,2716,https://teater.aiscr.cz/id/2716
rétorománská literatura,Raeto-Romance literature,teater,2717,https://teater.aiscr.cz/id/2717
rétorománština,Romansch (Rhaeto-Roman),teater,2718,https://teater.aiscr.cz/id/2718
réunion,Réunion,amcr,HES-001303,https://api.aiscr.cz/id/HES-001303
rýč,spade,teater,2135,https://teater.aiscr.cz/id/2135
rýžoviště,panning site,amcr,HES-000035,https://api.aiscr.cz/id/HES-000035
rýžování,washing,teater,3512,https://teater.aiscr.cz/id/3512
růženec,rosary,teater,2400,https://teater.aiscr.cz/id/2400
růženec/medailon,rosary/medallion,amcr,HES-000702,https://api.aiscr.cz/id/HES-000702
sabellové,Sabellians,teater,3967,https://teater.aiscr.cz/id/3967
sabinové,Sabines,teater,3968,https://teater.aiscr.cz/id/3968
sad,orchard,teater,1297,https://teater.aiscr.cz/id/1297
sagum,sagum,teater,2180,https://teater.aiscr.cz/id/2180
saint pierre a miquelon,Saint Pierre and Miquelon,amcr,HES-001280,https://api.aiscr.cz/id/HES-001280
sakrální architektura,sacred architecture,teater,1710,https://teater.aiscr.cz/id/1710
salcbursko,Salzburg,teater,3027,https://teater.aiscr.cz/id/3027
salesiánská spiritualita,Salesian spirituality,teater,816,https://teater.aiscr.cz/id/816
salpinx,salpinx,teater,1843,https://teater.aiscr.cz/id/1843
salvador,El Salvador,amcr,HES-001281,https://api.aiscr.cz/id/HES-001281
samařsko (západní břeh jordánu),Samaria,teater,4092,https://teater.aiscr.cz/id/4092
samnité,Samnites,teater,3969,https://teater.aiscr.cz/id/3969
samnium (itálie),Samnium,teater,4093,https://teater.aiscr.cz/id/4093
samoa,Samoa,amcr,HES-001321,https://api.aiscr.cz/id/HES-001321
samostatná usedlost,individual homestead,amcr,HES-000067,https://api.aiscr.cz/id/HES-000067
samothraké (řecko : ostrov),Samothrace,teater,4095,https://teater.aiscr.cz/id/4095
san marino,San Marino,amcr,HES-001376,https://api.aiscr.cz/id/HES-001376
sandály,sandals,teater,2325,https://teater.aiscr.cz/id/2325
saně,sleds,teater,1911,https://teater.aiscr.cz/id/1911
sapropelit,sapropel,teater,2536,https://teater.aiscr.cz/id/2536
sardinie (itálie),Sardinia,teater,4096,https://teater.aiscr.cz/id/4096
sarkofág,sarcophagus,teater,2316,https://teater.aiscr.cz/id/2316
sarmati,Sarmatians,teater,2804,https://teater.aiscr.cz/id/2804
sarmatie,Sarmatia,teater,4097,https://teater.aiscr.cz/id/4097
sasko (německo),Duchy of Saxony,teater,3029,https://teater.aiscr.cz/id/3029
saská lužická kultura,Saxonian-Lusatian Culture,amcr,HES-000388,https://api.aiscr.cz/id/HES-000388
saská vévodství,Saxon duchies,teater,3028,https://teater.aiscr.cz/id/3028
sasové,Saxons,teater,2613,https://teater.aiscr.cz/id/2613
satelitní navigační systém,satellite navigation system,teater,128,https://teater.aiscr.cz/id/128
satelitní snímek,satellite imaging,teater,131,https://teater.aiscr.cz/id/131
savojsko,Savoy,teater,3030,https://teater.aiscr.cz/id/3030
sazená,Sazená,amcr,HES-000207,https://api.aiscr.cz/id/HES-000207
saúdská arábie,Saudi Arabia,amcr,HES-001380,https://api.aiscr.cz/id/HES-001380
sbírkotvorná činnost,collection of specimens,teater,233,https://teater.aiscr.cz/id/233
sbírkový předmět,collection’s objects,teater,236,https://teater.aiscr.cz/id/236
schizma,Schism,teater,787,https://teater.aiscr.cz/id/787
schodiště,staircase,amcr,HES-000452,https://api.aiscr.cz/id/HES-000452
scholion,scholia,teater,2241,https://teater.aiscr.cz/id/2241
schránky měkkýšů,mollusc shell,amcr,HES-000946,https://api.aiscr.cz/id/HES-000946
schusseriedská kultura,Schussenried Culture,amcr,HES-000364,https://api.aiscr.cz/id/HES-000364
secesní malířství,Art Nouveau painting,teater,3766,https://teater.aiscr.cz/id/3766
secesní umění,art nouveau,teater,529,https://teater.aiscr.cz/id/529
sediment,sediment,teater,1001,https://teater.aiscr.cz/id/1001
sedimentologický výzkum,sedimentological research,teater,999,https://teater.aiscr.cz/id/999
sedimentologie,sedimentology,teater,997,https://teater.aiscr.cz/id/997
sedimentární hornina,sedimentary rock,teater,1005,https://teater.aiscr.cz/id/1005
sedlo,saddle,teater,1901,https://teater.aiscr.cz/id/1901
sedlák,farmer,teater,3647,https://teater.aiscr.cz/id/3647
sedlář,saddler,teater,3366,https://teater.aiscr.cz/id/3366
sedlářství,saddlery,teater,3365,https://teater.aiscr.cz/id/3365
sedm divů světa,Wonders of the World,teater,1422,https://teater.aiscr.cz/id/1422
sedmihradsko,Transylvania,teater,3031,https://teater.aiscr.cz/id/3031
seizmicita,seismicity,teater,942,https://teater.aiscr.cz/id/942
seizmologie,seismology,teater,941,https://teater.aiscr.cz/id/941
sejmský kulturní okruh,Seima-Turbino phenomenon,teater,1173,https://teater.aiscr.cz/id/1173
sejp,spoil heap,teater,1744,https://teater.aiscr.cz/id/1744
sejp/halda,spoil heap,amcr,HES-000563,https://api.aiscr.cz/id/HES-000563
sekera,axe,amcr,HES-000802,https://api.aiscr.cz/id/HES-000802
sekeromlat,hammer-axe,teater,2006,https://teater.aiscr.cz/id/2006
sekeromlat/mlat,hammer axe,amcr,HES-000789,https://api.aiscr.cz/id/HES-000789
sekerovitá hřivna,axe-ingot,teater,2299,https://teater.aiscr.cz/id/2299
sekáč,chopper,amcr,HES-000801,https://api.aiscr.cz/id/HES-000801
seleukovská říše,Seleucid Empire,teater,4098,https://teater.aiscr.cz/id/4098
sella curulis,sella curulis,teater,2366,https://teater.aiscr.cz/id/2366
semeno,seed,teater,2537,https://teater.aiscr.cz/id/2537
senegal,Senegal,amcr,HES-001215,https://api.aiscr.cz/id/HES-001215
seniorát,agnatic seniority,teater,3598,https://teater.aiscr.cz/id/3598
senonové,Senones,teater,3942,https://teater.aiscr.cz/id/3942
seník,hayloft,teater,1557,https://teater.aiscr.cz/id/1557
sequanové,Sequani,teater,3943,https://teater.aiscr.cz/id/3943
servité,Servites,teater,3161,https://teater.aiscr.cz/id/3161
sestertius,sestertius,teater,2292,https://teater.aiscr.cz/id/2292
sesuv půdy,landslide,teater,961,https://teater.aiscr.cz/id/961
severní makedonie,North Macedonia,amcr,HES-001375,https://api.aiscr.cz/id/HES-001375
severní mariany,Northern Mariana Islands (the),amcr,HES-001216,https://api.aiscr.cz/id/HES-001216
severská mytologie,Nordic mythology,teater,2894,https://teater.aiscr.cz/id/2894
severské náboženství,Nordic religion,teater,2895,https://teater.aiscr.cz/id/2895
sexuální dimorfismus,sexual dimorphism,teater,311,https://teater.aiscr.cz/id/311
seychely,Seychelles,amcr,HES-001307,https://api.aiscr.cz/id/HES-001307
sečná zbraň,cutting arm,teater,1995,https://teater.aiscr.cz/id/1995
sfragistika,sphragistics,teater,677,https://teater.aiscr.cz/id/677
shluk bodových objektů,group of point features,amcr,HES-001029,https://api.aiscr.cz/id/HES-001029
shluková analýza,cluster analysis,teater,284,https://teater.aiscr.cz/id/284
sicílie (itálie),Sicily,teater,4099,https://teater.aiscr.cz/id/4099
sierra leone,Sierra Leone,amcr,HES-001257,https://api.aiscr.cz/id/HES-001257
signální nástroj,signaling tool,teater,1844,https://teater.aiscr.cz/id/1844
sikanové,Sicani,teater,3971,https://teater.aiscr.cz/id/3971
silikáty,silicates,teater,3270,https://teater.aiscr.cz/id/3270
silnice,road,teater,1416,https://teater.aiscr.cz/id/1416
silniční síť,road network,teater,1418,https://teater.aiscr.cz/id/1418
sima,sima,teater,1807,https://teater.aiscr.cz/id/1807
sinajský poloostrov (egypt),Sinai Peninsula,teater,4100,https://teater.aiscr.cz/id/4100
singapur,Singapore,amcr,HES-001255,https://api.aiscr.cz/id/HES-001255
sistrum,sistrum,teater,1845,https://teater.aiscr.cz/id/1845
situla,situla,teater,2075,https://teater.aiscr.cz/id/2075
skaldská poezie,scaldic poetry,teater,2899,https://teater.aiscr.cz/id/2899
skalní hrad,rock castle,teater,1433,https://teater.aiscr.cz/id/1433
skalní kaple,rock chapel,teater,1332,https://teater.aiscr.cz/id/1332
skalní klášter,rock monastery,teater,1385,https://teater.aiscr.cz/id/1385
skalní rytina,rock carving,amcr,HES-000541,https://api.aiscr.cz/id/HES-000541
skandinávie,Scandinavia,teater,3032,https://teater.aiscr.cz/id/3032
skanzen,open-air museum,teater,248,https://teater.aiscr.cz/id/248
skenovací elektronová mikroskopie,scanning electron microscopy,teater,148,https://teater.aiscr.cz/id/148
sklenářství,glazing,teater,3370,https://teater.aiscr.cz/id/3370
skleněný výrobek,glassware,teater,2538,https://teater.aiscr.cz/id/2538
sklep,cellar,amcr,HES-000488,https://api.aiscr.cz/id/HES-000488
sklizňové slavnosti,Harvest festivals,teater,4269,https://teater.aiscr.cz/id/4269
sklo,glass,amcr,HES-000947,https://api.aiscr.cz/id/HES-000947
sklárna,glassworks,amcr,HES-000030,https://api.aiscr.cz/id/HES-000030
sklář,glassworker,teater,3368,https://teater.aiscr.cz/id/3368
sklářka,woman glassworker,teater,3369,https://teater.aiscr.cz/id/3369
sklářská huť,glassworks (sklářská huť),teater,1280,https://teater.aiscr.cz/id/1280
sklářská pec,glass furnace,teater,1698,https://teater.aiscr.cz/id/1698
sklářství,glassworking,teater,3367,https://teater.aiscr.cz/id/3367
skopci,Skoptsy,teater,722,https://teater.aiscr.cz/id/722
skot,cattle,teater,3233,https://teater.aiscr.cz/id/3233
skotsko,Scotland,teater,3052,https://teater.aiscr.cz/id/3052
skotská gaelština,Scots Gaelic,teater,2673,https://teater.aiscr.cz/id/2673
skořápka,egg shell,teater,1946,https://teater.aiscr.cz/id/1946
skořápka plodu,fruit shell/nutshell,amcr,HES-000754,https://api.aiscr.cz/id/HES-000754
skriptorium,scriptorium,teater,1769,https://teater.aiscr.cz/id/1769
skryté pozorování,hidden observation,teater,4311,https://teater.aiscr.cz/id/4311
skupina federmesser,Federmesser group,teater,1098,https://teater.aiscr.cz/id/1098
skupina sond,group of pit trenches,amcr,HES-001151,https://api.aiscr.cz/id/HES-001151
skupina vrtů,group of sediment core samples,amcr,HES-001147,https://api.aiscr.cz/id/HES-001147
skupina řezů,group of linear trenches,amcr,HES-001149,https://api.aiscr.cz/id/HES-001149
skupina/síť sond,group of pit trenches,amcr,HES-001058,https://api.aiscr.cz/id/HES-001058
skupinový rozhovor,group interview,teater,4318,https://teater.aiscr.cz/id/4318
skyfos,skyphos,teater,2076,https://teater.aiscr.cz/id/2076
skytové,Scythians,teater,2805,https://teater.aiscr.cz/id/2805
skytské umění,Scythian art,teater,2806,https://teater.aiscr.cz/id/2806
skéné,skene,teater,1494,https://teater.aiscr.cz/id/1494
skýros (řecko : ostrov),Skyros,teater,4101,https://teater.aiscr.cz/id/4101
skýtie,Scythia,teater,4102,https://teater.aiscr.cz/id/4102
skýtština,Khotan,teater,2807,https://teater.aiscr.cz/id/2807
skříň,wardrobe,teater,2026,https://teater.aiscr.cz/id/2026
skříňkový hrob,cist grave,teater,1659,https://teater.aiscr.cz/id/1659
sladkovodní měkkýš,freshwater mollusc,teater,2507,https://teater.aiscr.cz/id/2507
sladovnictví,malt industry,teater,3371,https://teater.aiscr.cz/id/3371
sladovník,maltster,teater,3372,https://teater.aiscr.cz/id/3372
slatina,fen,teater,861,https://teater.aiscr.cz/id/861
slavníkovci,Slavník dynasty,teater,3088,https://teater.aiscr.cz/id/3088
slavonie,Slavonia,teater,3033,https://teater.aiscr.cz/id/3033
slezsko,Silesia,teater,3034,https://teater.aiscr.cz/id/3034
slezsko (polsko),Silesia (Poland),teater,3048,https://teater.aiscr.cz/id/3048
slezsko (česko),Silesia (Czechia),teater,3047,https://teater.aiscr.cz/id/3047
slezskoplatěnická kultura,Silesian-Platěnice Culture,amcr,HES-000295,https://api.aiscr.cz/id/HES-000295
slezskoplatěnická kultura (hab),Silesian-Platěnice Culture (HaB),amcr,HES-000296,https://api.aiscr.cz/id/HES-000296
slezskoplatěnická kultura (hac–d),Silesian–Platěnice Culture (HaC–D),amcr,HES-000378,https://api.aiscr.cz/id/HES-000378
slezskoplatěnická kultura hac-d,Silesian-Platěnice culture (HaC-D),teater,1206,https://teater.aiscr.cz/id/1206
slezská knížectví,Duchies of Silesia,teater,3046,https://teater.aiscr.cz/id/3046
slezská kultura,Silesian Culture,amcr,HES-000298,https://api.aiscr.cz/id/HES-000298
slitek,bloom,amcr,HES-000831,https://api.aiscr.cz/id/HES-000831
slitina,alloy,teater,3335,https://teater.aiscr.cz/id/3335
slonovina,elephant ivory,teater,2540,https://teater.aiscr.cz/id/2540
slonovina/mamutovina,ivory,amcr,HES-000948,https://api.aiscr.cz/id/HES-000948
sloup,column,teater,1602,https://teater.aiscr.cz/id/1602
sloupořadí,colonnade,teater,1611,https://teater.aiscr.cz/id/1611
slovanská archeologie,Slavic archaeology,teater,50,https://teater.aiscr.cz/id/50
slovanská keramika,Slavic pottery,teater,2463,https://teater.aiscr.cz/id/2463
slovanská kultura,Slavic culture,teater,2813,https://teater.aiscr.cz/id/2813
slovanská liturgie,Slavic liturgy,teater,2830,https://teater.aiscr.cz/id/2830
slovanská magie,Slavic magic,teater,2819,https://teater.aiscr.cz/id/2819
slovanská mytologie,Slavic mythology,teater,2816,https://teater.aiscr.cz/id/2816
slovanské bohyně,Slavic goddesses,teater,2820,https://teater.aiscr.cz/id/2820
slovanské jazyky,Slavic languages,teater,2826,https://teater.aiscr.cz/id/2826
slovanské náboženství,Slavic religion,teater,2818,https://teater.aiscr.cz/id/2818
slovanské pověsti,Slavic legends,teater,2817,https://teater.aiscr.cz/id/2817
slovanské písemnictví,Slavic literature,teater,2823,https://teater.aiscr.cz/id/2823
slovanské písmo,Slavic script,teater,2822,https://teater.aiscr.cz/id/2822
slované,Slavs,teater,2808,https://teater.aiscr.cz/id/2808
slovanští bohové,Slavic gods,teater,2821,https://teater.aiscr.cz/id/2821
slovensko,Slovakia,amcr,HES-001367,https://api.aiscr.cz/id/HES-001367
slovenština,Slovak,amcr,HES-000171,https://api.aiscr.cz/id/HES-000171
slovesný folklor,oral folklore,teater,4278,https://teater.aiscr.cz/id/4278
slovinsko,Slovenia,amcr,HES-001312,https://api.aiscr.cz/id/HES-001312
složky armády,division of army,teater,3518,https://teater.aiscr.cz/id/3518
slunečno,sunny,amcr,HES-000590,https://api.aiscr.cz/id/HES-000590
"slunečno, oblačno","sunny, cloudy",amcr,HES-000591,https://api.aiscr.cz/id/HES-000591
"slunečno, oblačno, zataženo","sunny, cloudy, overcast",amcr,HES-000592,https://api.aiscr.cz/id/HES-000592
sládek,brewmaster,teater,3351,https://teater.aiscr.cz/id/3351
sláma,straw,teater,1947,https://teater.aiscr.cz/id/1947
slámování,brushing,teater,3278,https://teater.aiscr.cz/id/3278
smírčí kamen,reconciliation stone,teater,1735,https://teater.aiscr.cz/id/1735
smírčí kříž,wayside cross,amcr,HES-000502,https://api.aiscr.cz/id/HES-000502
smíšený les,mixed forest,teater,858,https://teater.aiscr.cz/id/858
snížené podloží,levelled subsoil,amcr,HES-001160,https://api.aiscr.cz/id/HES-001160
socha,statue,teater,1888,https://teater.aiscr.cz/id/1888
sochař,sculptor,teater,495,https://teater.aiscr.cz/id/495
sochařka,sculptor (female),teater,500,https://teater.aiscr.cz/id/500
sochařství,sculpture,teater,468,https://teater.aiscr.cz/id/468
sochařství 19. století,19th century sculpture,teater,3770,https://teater.aiscr.cz/id/3770
socializace,socialization,teater,4219,https://teater.aiscr.cz/id/4219
socioekonomická geografie,socioeconomic geography,teater,896,https://teater.aiscr.cz/id/896
sociogeografická regionalizace,human regionalization,teater,895,https://teater.aiscr.cz/id/895
sociologie lidských sídel,sociology of settlements,teater,904,https://teater.aiscr.cz/id/904
sociálni stratifikace,social stratification,teater,3621,https://teater.aiscr.cz/id/3621
sociální antropologie,social anthropology,teater,398,https://teater.aiscr.cz/id/398
sociální dějiny,social history,teater,595,https://teater.aiscr.cz/id/595
sociální endogamie,social endogamy,teater,3664,https://teater.aiscr.cz/id/3664
sociální exogamie,social exogamy,teater,3665,https://teater.aiscr.cz/id/3665
sociální geografie,human geography,teater,906,https://teater.aiscr.cz/id/906
sociální identita,social identity,teater,3553,https://teater.aiscr.cz/id/3553
sociální kontext (dějiny umění),social context (art history),teater,486,https://teater.aiscr.cz/id/486
sociální mobilita,social mobility,teater,3559,https://teater.aiscr.cz/id/3559
sociální nerovnost,social inequality,teater,3554,https://teater.aiscr.cz/id/3554
sociální původ,social origin,teater,3555,https://teater.aiscr.cz/id/3555
sociální strategie,social strategy,teater,3556,https://teater.aiscr.cz/id/3556
sociální struktura,social structure,teater,16,https://teater.aiscr.cz/id/16
sociální systém,social system,teater,3658,https://teater.aiscr.cz/id/3658
sokolnictví,falconry,teater,3208,https://teater.aiscr.cz/id/3208
solidus,solidus,teater,2293,https://teater.aiscr.cz/id/2293
solný důl,salt mine,teater,1463,https://teater.aiscr.cz/id/1463
solutréen,solutrean,teater,1092,https://teater.aiscr.cz/id/1092
somatometrie,somatometry,teater,3875,https://teater.aiscr.cz/id/3875
somálsko,Somalia,amcr,HES-001326,https://api.aiscr.cz/id/HES-001326
sonda,trench,amcr,HES-001072,https://api.aiscr.cz/id/HES-001072
sondážní výzkum,Exploratory research,teater,4323,https://teater.aiscr.cz/id/4323
soudobé dějiny,contemporary history,teater,1266,https://teater.aiscr.cz/id/1266
soukenictví,drapery,teater,3702,https://teater.aiscr.cz/id/3702
soukeník,clothweaver,teater,3703,https://teater.aiscr.cz/id/3703
soukromá písemnost,private letter,teater,601,https://teater.aiscr.cz/id/601
soupis duší,Parish Family Book,teater,3731,https://teater.aiscr.cz/id/3731
soupis lidu,census,teater,2267,https://teater.aiscr.cz/id/2267
soupis obyvatelstva podle víry,register of subjects according to their faith,teater,2268,https://teater.aiscr.cz/id/2268
soutok,confluence,teater,1021,https://teater.aiscr.cz/id/1021
součást domu,component of the house,teater,1501,https://teater.aiscr.cz/id/1501
součást hrobu,grave component,amcr,HES-000673,https://api.aiscr.cz/id/HES-000673
součást komunikace,transportation structure,amcr,HES-000519,https://api.aiscr.cz/id/HES-000519
součást oděvu,costume component,amcr,HES-000674,https://api.aiscr.cz/id/HES-000674
součást pluhu,plow component,amcr,HES-000658,https://api.aiscr.cz/id/HES-000658
součást postroje,harness component,amcr,HES-000747,https://api.aiscr.cz/id/HES-000747
součást vozu,cargo vehicle component,amcr,HES-000703,https://api.aiscr.cz/id/HES-000703
součást zbroje,armor component,amcr,HES-000648,https://api.aiscr.cz/id/HES-000648
součást štítu,shield part,amcr,HES-000790,https://api.aiscr.cz/id/HES-000790
sparťané,Spartiate,teater,3959,https://teater.aiscr.cz/id/3959
spektrografická analýza,spectrograph analysis,teater,176,https://teater.aiscr.cz/id/176
spektrometrie,spectrometry,teater,177,https://teater.aiscr.cz/id/177
spektrometrie s indukčně vázaným plazmatem,inductively coupled plasma spectrometry,teater,185,https://teater.aiscr.cz/id/185
spektrální analýza,spectrum analysis,teater,175,https://teater.aiscr.cz/id/175
speleoarcheologie,speleoarchaeology,teater,39,https://teater.aiscr.cz/id/39
speleologie,speleology,teater,1007,https://teater.aiscr.cz/id/1007
spilit,spilite,teater,2541,https://teater.aiscr.cz/id/2541
spiritualita,spirituality,teater,800,https://teater.aiscr.cz/id/800
spirituální františkáni,Franciscan Spirituals,teater,723,https://teater.aiscr.cz/id/723
spiš,Spiš,teater,3053,https://teater.aiscr.cz/id/3053
splach,solifluction,teater,1757,https://teater.aiscr.cz/id/1757
splach/naplavenina,colluvial/alluvial layer,amcr,HES-000461,https://api.aiscr.cz/id/HES-000461
spojené arabské emiráty,United Arab Emirates (the),amcr,HES-001322,https://api.aiscr.cz/id/HES-001322
spojené království nizozemské (1815-1830/1839),United Kingdom of the Netherlands,teater,3054,https://teater.aiscr.cz/id/3054
spojené státy,United States of America (the),amcr,HES-001323,https://api.aiscr.cz/id/HES-001323
společenská akce,social event,amcr,HES-001155,https://api.aiscr.cz/id/HES-001155
společenská elita,social elite,teater,3627,https://teater.aiscr.cz/id/3627
společenská třída,social class,teater,3622,https://teater.aiscr.cz/id/3622
společenské poměry,social conditions,teater,15,https://teater.aiscr.cz/id/15
společenské postavení,social status,teater,3560,https://teater.aiscr.cz/id/3560
společenské vztahy,social relations,teater,3561,https://teater.aiscr.cz/id/3561
společenství,community (společenství),teater,4220,https://teater.aiscr.cz/id/4220
společnost,society,teater,12,https://teater.aiscr.cz/id/12
společnosti,societies,teater,3687,https://teater.aiscr.cz/id/3687
spona,fibula,amcr,HES-000733,https://api.aiscr.cz/id/HES-000733
spondylus,spondylus,amcr,HES-000949,https://api.aiscr.cz/id/HES-000949
sporady (řecko : souostroví),Sporades,teater,4103,https://teater.aiscr.cz/id/4103
sportovní nářadí,sports equipment,teater,2403,https://teater.aiscr.cz/id/2403
spravedlivá válka,just war,teater,3539,https://teater.aiscr.cz/id/3539
spraš,loess,teater,1006,https://teater.aiscr.cz/id/1006
"správa, písemnictví","administration, literature",teater,3424,https://teater.aiscr.cz/id/3424
správní aspekty (křesťanství),administrative aspects (Christianity),teater,775,https://teater.aiscr.cz/id/775
srbsko,Serbia,amcr,HES-001357,https://api.aiscr.cz/id/HES-001357
srovnávací anatomie,comparative anatomy,teater,359,https://teater.aiscr.cz/id/359
srovnávací metoda,comparative methods,teater,208,https://teater.aiscr.cz/id/208
srp,sickle,amcr,HES-000659,https://api.aiscr.cz/id/HES-000659
stabilní katastr,stable cadastre,teater,2269,https://teater.aiscr.cz/id/2269
stacionární výzkum,stationary research,teater,4331,https://teater.aiscr.cz/id/4331
stadion,stadion,teater,1558,https://teater.aiscr.cz/id/1558
stanice,camp,teater,1451,https://teater.aiscr.cz/id/1451
stanice/tábořiště,camp,amcr,HES-000066,https://api.aiscr.cz/id/HES-000066
starec,starets,teater,3128,https://teater.aiscr.cz/id/3128
starokatolický kněz,Old Catholic priest,teater,3110,https://teater.aiscr.cz/id/3110
staroobřadnictví,Old Belief,teater,724,https://teater.aiscr.cz/id/724
staroslověnská literatura,Church Slavic literature,teater,2834,https://teater.aiscr.cz/id/2834
staroslověnské legendy,Church Slavic,teater,2835,https://teater.aiscr.cz/id/2835
staroslověnština,"Slavonic, Old Church",teater,2828,https://teater.aiscr.cz/id/2828
starověcí makedonci,Ancient Macedonians,teater,2683,https://teater.aiscr.cz/id/2683
starověk,ancient history,teater,1258,https://teater.aiscr.cz/id/1258
starověká civilizace,ancient civilization,teater,3695,https://teater.aiscr.cz/id/3695
starověká indie,India,teater,4026,https://teater.aiscr.cz/id/4026
starověká keramika,ancient pottery,teater,2464,https://teater.aiscr.cz/id/2464
starověká sýrie,Syria,teater,4105,https://teater.aiscr.cz/id/4105
starověké řecko,Ancient Greece,teater,4090,https://teater.aiscr.cz/id/4090
starověký egypt,Ancient Egypt,teater,4009,https://teater.aiscr.cz/id/4009
starověký orient,Orient,teater,4075,https://teater.aiscr.cz/id/4075
starozákonní apokryf,Apocryphal books (Old Testament),teater,2186,https://teater.aiscr.cz/id/2186
stará dolní němčina,old saxon language,teater,2620,https://teater.aiscr.cz/id/2620
stará fríština,old Frisian language,teater,2618,https://teater.aiscr.cz/id/2618
stará irština,Old Irish,teater,2670,https://teater.aiscr.cz/id/2670
stará mapa,old maps,teater,1031,https://teater.aiscr.cz/id/1031
stará maďarština,old Hungarian language,teater,2874,https://teater.aiscr.cz/id/2874
stará severština,Old Norse,teater,2621,https://teater.aiscr.cz/id/2621
stará řečtina,Ancient Greek,teater,2758,https://teater.aiscr.cz/id/2758
starý zákon,Old Testament,teater,2214,https://teater.aiscr.cz/id/2214
starčestvo,starchestvo,teater,3127,https://teater.aiscr.cz/id/3127
starší doba bronzová,Early Bronze Age,amcr,HES-001480,https://api.aiscr.cz/id/HES-001480
starší doba halštatská (hac-d1),early Hallstatt period (HaC-D1),teater,1201,https://teater.aiscr.cz/id/1201
starší doba halštatská (hac–d1),Early Hallstatt Period (HaC–D1),amcr,HES-001485,https://api.aiscr.cz/id/HES-001485
starší doba hradištní,early hillfort period,teater,1240,https://teater.aiscr.cz/id/1240
starší doba stěhování národů,Early Migration Period,amcr,HES-001469,https://api.aiscr.cz/id/HES-001469
starší doba římská,Early Roman Period,amcr,HES-001465,https://api.aiscr.cz/id/HES-001465
starší eneolit,Early Eneolithic,amcr,HES-001476,https://api.aiscr.cz/id/HES-001476
starší neolit,Early Neolithic,amcr,HES-001473,https://api.aiscr.cz/id/HES-001473
starší paleolit,Lower Palaeolithic,amcr,HES-001463,https://api.aiscr.cz/id/HES-001463
statistická analýza,statistical analysis,teater,275,https://teater.aiscr.cz/id/275
statistická databáze,statistical database,teater,845,https://teater.aiscr.cz/id/845
statistická klasifikace,statistical classification,teater,843,https://teater.aiscr.cz/id/843
statistická metoda,statistical methods,teater,846,https://teater.aiscr.cz/id/846
statistické vzorkování,statistical sampling,teater,848,https://teater.aiscr.cz/id/848
statistické šetření,statistical inquiry,teater,844,https://teater.aiscr.cz/id/844
statistický model,statistical model,teater,847,https://teater.aiscr.cz/id/847
statistický výběr,statistical sampling,teater,849,https://teater.aiscr.cz/id/849
statistika,statistics,teater,838,https://teater.aiscr.cz/id/838
statér,stater,teater,2294,https://teater.aiscr.cz/id/2294
stavba,construction,amcr,HES-000603,https://api.aiscr.cz/id/HES-000603
stavební huť,construction smelter,teater,1281,https://teater.aiscr.cz/id/1281
stavební jáma,construction pit,teater,1782,https://teater.aiscr.cz/id/1782
stavební keramika,construction ceramics,amcr,HES-000748,https://api.aiscr.cz/id/HES-000748
stavební kámen,building stone,teater,2543,https://teater.aiscr.cz/id/2543
stavební odpad,building waste,teater,1936,https://teater.aiscr.cz/id/1936
stavební prvek,architectural element,teater,2338,https://teater.aiscr.cz/id/2338
stavební právo,building law,teater,258,https://teater.aiscr.cz/id/258
stavební zámečnictví,building locksmithery,teater,3407,https://teater.aiscr.cz/id/3407
stavební/spojovací prvek,structural element component,amcr,HES-000757,https://api.aiscr.cz/id/HES-000757
stavebně-historický průzkum,building-historical survey,amcr,HES-000632,https://api.aiscr.cz/id/HES-000632
stavovský stát,State of the Estates,teater,3683,https://teater.aiscr.cz/id/3683
stavy,Estates,teater,3648,https://teater.aiscr.cz/id/3648
stavění májů,Building maypoles,teater,4265,https://teater.aiscr.cz/id/4265
step,steppe,teater,862,https://teater.aiscr.cz/id/862
stezka,trail,teater,1419,https://teater.aiscr.cz/id/1419
stilo,stylus,teater,2139,https://teater.aiscr.cz/id/2139
stilus,stylus,amcr,HES-000811,https://api.aiscr.cz/id/HES-000811
stodola,barn,amcr,HES-000483,https://api.aiscr.cz/id/HES-000483
stola,stola,teater,2331,https://teater.aiscr.cz/id/2331
stolní nádobí,tableware,teater,2077,https://teater.aiscr.cz/id/2077
stopy orby,plough marks,amcr,HES-000467,https://api.aiscr.cz/id/HES-000467
stoá,stoa,teater,1612,https://teater.aiscr.cz/id/1612
stratigrafie,stratigraphy,teater,920,https://teater.aiscr.cz/id/920
strigolnici,strigolniki,teater,725,https://teater.aiscr.cz/id/725
stroj,machine,teater,2406,https://teater.aiscr.cz/id/2406
strop,ceiling,teater,1605,https://teater.aiscr.cz/id/1605
stropní malba,ceiling painting,teater,1872,https://teater.aiscr.cz/id/1872
struktura,structure,teater,82,https://teater.aiscr.cz/id/82
struktura osídlení,settlement patterns,teater,905,https://teater.aiscr.cz/id/905
strukturalismus,structuralism,teater,81,https://teater.aiscr.cz/id/81
strukturní geologie,structural geology,teater,1008,https://teater.aiscr.cz/id/1008
strukturovaný rozhovor,structured interview,teater,4319,https://teater.aiscr.cz/id/4319
strukturální antropologie,structural anthropology,teater,399,https://teater.aiscr.cz/id/399
strunkovice,Strunkovice,amcr,HES-000208,https://api.aiscr.cz/id/HES-000208
struska,slag,amcr,HES-000645,https://api.aiscr.cz/id/HES-000645
stránkování,pagination,teater,665,https://teater.aiscr.cz/id/665
strážnice/předsunutá bašta,outpost/watchtower,amcr,HES-000045,https://api.aiscr.cz/id/HES-000045
studna,water well,amcr,HES-000514,https://api.aiscr.cz/id/HES-000514
stylobat,stylobate,teater,1808,https://teater.aiscr.cz/id/1808
stáj,stable,teater,1559,https://teater.aiscr.cz/id/1559
stáj/chlév,stable/cowshed,amcr,HES-000482,https://api.aiscr.cz/id/HES-000482
stálá expozice,permanent exhibitions,teater,240,https://teater.aiscr.cz/id/240
stálé opevnění,permanent fortification,teater,1290,https://teater.aiscr.cz/id/1290
stát,state,teater,4200,https://teater.aiscr.cz/id/4200
stát a církev,church and state,teater,790,https://teater.aiscr.cz/id/790
státní správa,state administration,teater,3444,https://teater.aiscr.cz/id/3444
stéla,stela,amcr,HES-000469,https://api.aiscr.cz/id/HES-000469
stéla (objekt),stele (feature),teater,1671,https://teater.aiscr.cz/id/1671
stéla (předmět),stela (object),teater,2317,https://teater.aiscr.cz/id/2317
stěhování národů,Migration period,teater,1231,https://teater.aiscr.cz/id/1231
střední / mladší neolit,middle / late neolithic,teater,1111,https://teater.aiscr.cz/id/1111
střední doba bronzová,Middle Bronze Age,amcr,HES-001481,https://api.aiscr.cz/id/HES-001481
střední doba hradištní,middle hillfort period,teater,1241,https://teater.aiscr.cz/id/1241
střední doba laténská (ltb-c1),middle La Tène period (LtB-C1),teater,1219,https://teater.aiscr.cz/id/1219
střední doba laténská (ltb–c1),Middle La Tène Period (LtB–C1),amcr,HES-001459,https://api.aiscr.cz/id/HES-001459
střední dolní němčina,Middle Low German,teater,2622,https://teater.aiscr.cz/id/2622
střední eneolit,Middle Eneolithic,amcr,HES-001477,https://api.aiscr.cz/id/HES-001477
střední paleolit,Middle Palaeolithic,amcr,HES-001464,https://api.aiscr.cz/id/HES-001464
střední vrstva,middle class,teater,3630,https://teater.aiscr.cz/id/3630
střední/mladší doba laténská (ltc1–2),Middle/Late La Tène Period (LtC1–2),amcr,HES-001460,https://api.aiscr.cz/id/HES-001460
střední–mladší neolit,Middle–Late Neolithic,amcr,HES-001474,https://api.aiscr.cz/id/HES-001474
středoafrická republika,Central African Republic (the),amcr,HES-001386,https://api.aiscr.cz/id/HES-001386
středodunajská mohylová kultura,Middle-Danubian Tumulus Culture,amcr,HES-000323,https://api.aiscr.cz/id/HES-000323
středodunajská popelnicová pole,Middle Danube Urnfield culture,teater,1184,https://teater.aiscr.cz/id/1184
středověk,Medieval,amcr,HES-001163,https://api.aiscr.cz/id/HES-001163
středověk (historiografie),Middle Ages (historiography),teater,1260,https://teater.aiscr.cz/id/1260
středověk - novověk,Middle ages - modern period,teater,1236,https://teater.aiscr.cz/id/1236
středověká architektura,medieval architecture,teater,434,https://teater.aiscr.cz/id/434
středověká keramika,medieval pottery,teater,2468,https://teater.aiscr.cz/id/2468
středověká společnost,medieval society,teater,3696,https://teater.aiscr.cz/id/3696
středověká řečtina,Medieval Greek,teater,2939,https://teater.aiscr.cz/id/2939
středověké malířství,medieval painting,teater,442,https://teater.aiscr.cz/id/442
středověké město,medieval town,teater,1397,https://teater.aiscr.cz/id/1397
středověké sochařství,medieval sculpture,teater,3769,https://teater.aiscr.cz/id/3769
středověké umění,medieval art,teater,3738,https://teater.aiscr.cz/id/3738
středověký rukopis,medieval manuscript,teater,666,https://teater.aiscr.cz/id/666
středověk–novověk,Middle Ages–Modern Period,amcr,HES-000416,https://api.aiscr.cz/id/HES-000416
střelná zbraň,ranged weapon,teater,2007,https://teater.aiscr.cz/id/2007
střešní krytina,roofing tile,amcr,HES-000815,https://api.aiscr.cz/id/HES-000815
střešní taška,roof tile,teater,2356,https://teater.aiscr.cz/id/2356
stříbrnictví,silverwork,teater,3373,https://teater.aiscr.cz/id/3373
stříbro,silver,amcr,HES-000950,https://api.aiscr.cz/id/HES-000950
stříbrotepec,silversmith,teater,3318,https://teater.aiscr.cz/id/3318
stříbrotepectví,silversmithing,teater,3317,https://teater.aiscr.cz/id/3317
střížek,planchet,teater,2300,https://teater.aiscr.cz/id/2300
subatlantik (paleoklimatologie),Subatlantic (paleoclimatology),teater,1069,https://teater.aiscr.cz/id/1069
subkultura,subculture,teater,4241,https://teater.aiscr.cz/id/4241
subobor (antropologie),subfield (anthropology),teater,392,https://teater.aiscr.cz/id/392
subobor (chemie),subfield (chemistry),teater,607,https://teater.aiscr.cz/id/607
subobor (demografie),subfield (demography),teater,425,https://teater.aiscr.cz/id/425
subobor (geografie),subfield (geography),teater,873,https://teater.aiscr.cz/id/873
subobor (mineralogie),subfield (mineralogy),teater,977,https://teater.aiscr.cz/id/977
subobor (paleobotanika),subfield (palaeobotany),teater,330,https://teater.aiscr.cz/id/330
subobor (paleontologie),subfield (palaentology),teater,321,https://teater.aiscr.cz/id/321
subobor (paleozoologie),subfield (paleozoology),teater,340,https://teater.aiscr.cz/id/340
subobor (religionistika),subfield (religious science),teater,3909,https://teater.aiscr.cz/id/3909
subobory (hydrologie),subfield (hydrology),teater,1024,https://teater.aiscr.cz/id/1024
subobory průřezové (tematické) (archeologie),cross-sectional subfields (thematic) (archeology),teater,18,https://teater.aiscr.cz/id/18
"subobory systémové (chronologické, historické) (archeologie)","system subfields (chronological, historical) (archeology)",teater,41,https://teater.aiscr.cz/id/41
suchozemský měkkýš,terrestrial mollusc,teater,2504,https://teater.aiscr.cz/id/2504
sukno,cloth,teater,2544,https://teater.aiscr.cz/id/2544
sumer,Sumer,teater,4104,https://teater.aiscr.cz/id/4104
surinam,Suriname,amcr,HES-001348,https://api.aiscr.cz/id/HES-001348
surovina,raw material,amcr,HES-000832,https://api.aiscr.cz/id/HES-000832
surrealismus (umění),surrealism (art),teater,530,https://teater.aiscr.cz/id/530
svatba,wedding,teater,386,https://teater.aiscr.cz/id/386
svatební zvyk,wedding custom,teater,387,https://teater.aiscr.cz/id/387
svatodušní královské průvody,Ride of the Kings,teater,4273,https://teater.aiscr.cz/id/4273
svatá helena,"Saint Helena, Ascension and Tristan da Cunha",amcr,HES-001258,https://api.aiscr.cz/id/HES-001258
svatá lucie,Saint Lucia,amcr,HES-001332,https://api.aiscr.cz/id/HES-001332
svatá říše římská,Holy Roman Empire,teater,3055,https://teater.aiscr.cz/id/3055
svatý bartoloměj,Saint Barthélemy,amcr,HES-001355,https://api.aiscr.cz/id/HES-001355
svatý kryštof a nevis,Saint Kitts and Nevis,amcr,HES-001305,https://api.aiscr.cz/id/HES-001305
svatý martin (fr),Saint Martin (French part),amcr,HES-001268,https://api.aiscr.cz/id/HES-001268
svatý martin (nl),Sint Maarten (Dutch part),amcr,HES-001315,https://api.aiscr.cz/id/HES-001315
svatý tomáš a princův ostrov,Sao Tome and Principe,amcr,HES-001212,https://api.aiscr.cz/id/HES-001212
svatý vincenc a grenadiny,Saint Vincent and the Grenadines,amcr,HES-001378,https://api.aiscr.cz/id/HES-001378
svazijsko,Eswatini,amcr,HES-001388,https://api.aiscr.cz/id/HES-001388
svátek tří králů,Epiphany,teater,4275,https://teater.aiscr.cz/id/4275
svébové,Suebi,teater,2614,https://teater.aiscr.cz/id/2614
svéráz,national selfhood,teater,4250,https://teater.aiscr.cz/id/4250
svídnické knížectví,Duchy of Jawor-Świdnica,teater,3049,https://teater.aiscr.cz/id/3049
svěcení kněží,ordination,teater,389,https://teater.aiscr.cz/id/389
symbol,symbol,teater,83,https://teater.aiscr.cz/id/83
symbolické místo,symbolic place,teater,4148,https://teater.aiscr.cz/id/4148
symbolický předmět,symbolic object,teater,2359,https://teater.aiscr.cz/id/2359
sympatetická magie,sympathetic magic,teater,3847,https://teater.aiscr.cz/id/3847
sympozium,symposium,teater,84,https://teater.aiscr.cz/id/84
synagoga,synagogue,amcr,HES-000024,https://api.aiscr.cz/id/HES-000024
synoda,synod,teater,788,https://teater.aiscr.cz/id/788
syntéza (vědecká metodologie),synthesis (scientific methodology),teater,92,https://teater.aiscr.cz/id/92
systematická mineralogie,systematic mineralogy,teater,978,https://teater.aiscr.cz/id/978
systematická paleobotanika,systematic paleobotany,teater,332,https://teater.aiscr.cz/id/332
systematická paleozoologie,systematic zoopaleontology,teater,343,https://teater.aiscr.cz/id/343
systematické pozorování,systematic observation,teater,4312,https://teater.aiscr.cz/id/4312
szeletien,Szeletian,amcr,HES-000260,https://api.aiscr.cz/id/HES-000260
sádrový odlitek,gypsum casting,teater,215,https://teater.aiscr.cz/id/215
sámos (řecko),Samos,teater,4094,https://teater.aiscr.cz/id/4094
sékvanové,Sequani,teater,3941,https://teater.aiscr.cz/id/3941
sémiotika,semiotics,teater,622,https://teater.aiscr.cz/id/622
sídelní archeologie,settlement archaeology,teater,38,https://teater.aiscr.cz/id/38
sídelní areál,settlement area,teater,4147,https://teater.aiscr.cz/id/4147
sídelní geografie,urban geography,teater,902,https://teater.aiscr.cz/id/902
sídelní město,residential town,teater,1393,https://teater.aiscr.cz/id/1393
sídlištní vrstva/souvrství,settlement layer/sequence,amcr,HES-000460,https://api.aiscr.cz/id/HES-000460
sídliště,settlement,amcr,HES-000081,https://api.aiscr.cz/id/HES-000081
sídliště specializované komunity,special-community settlement,amcr,HES-000070,https://api.aiscr.cz/id/HES-000070
sídlo,residential area,teater,4137,https://teater.aiscr.cz/id/4137
sídlo elity,elite settlement,amcr,HES-000013,https://api.aiscr.cz/id/HES-000013
súdán,Sudan (the),amcr,HES-001272,https://api.aiscr.cz/id/HES-001272
sýpka,granary (sýpka/Getreidespeiche),teater,1561,https://teater.aiscr.cz/id/1561
sýpka/špýchar,granary/storehouse,amcr,HES-000484,https://api.aiscr.cz/id/HES-000484
sýrie,Syrian Arab Republic,amcr,HES-001379,https://api.aiscr.cz/id/HES-001379
sčítání obyvatelstva,population census,teater,422,https://teater.aiscr.cz/id/422
sňatek panovnických rodů,marriage of royalty,teater,3558,https://teater.aiscr.cz/id/3558
sňatek šlechtických rodů,marriage of nobility,teater,3557,https://teater.aiscr.cz/id/3557
tablinum,tablinum,teater,1509,https://teater.aiscr.cz/id/1509
tabulka,tablet,teater,2243,https://teater.aiscr.cz/id/2243
tafonomie,taphonomy,amcr,HES-001441,https://api.aiscr.cz/id/HES-001441
tagarská kultura,Tagar culture,teater,1197,https://teater.aiscr.cz/id/1197
talent,talent,teater,2295,https://teater.aiscr.cz/id/2295
talíř,plate,amcr,HES-000766,https://api.aiscr.cz/id/HES-000766
taneční folklor,dancing folklore,teater,4292,https://teater.aiscr.cz/id/4292
tanzanie,"Tanzania, United Republic of",amcr,HES-001244,https://api.aiscr.cz/id/HES-001244
tatarština,Tatar,teater,2837,https://teater.aiscr.cz/id/2837
tataři,Tartar,teater,2836,https://teater.aiscr.cz/id/2836
taubachien,Taubachian,amcr,HES-000313,https://api.aiscr.cz/id/HES-000313
taurové,Tauri,teater,3972,https://teater.aiscr.cz/id/3972
taurus (turecko : pohoří),Taurus,teater,4106,https://teater.aiscr.cz/id/4106
tauzie,damascening,teater,3419,https://teater.aiscr.cz/id/3419
tavení skla,glass melting,teater,3701,https://teater.aiscr.cz/id/3701
tažení alexandra velikého (334-323 př. kr.),Expansion of Alexander the Great (334-323 B.C.),teater,2689,https://teater.aiscr.cz/id/2689
tažná zvířata,draught animals,teater,3218,https://teater.aiscr.cz/id/3218
tchaj-wan,Taiwan (Province of China),amcr,HES-001306,https://api.aiscr.cz/id/HES-001306
technická keramika,technical ceramics,amcr,HES-000774,https://api.aiscr.cz/id/HES-000774
technika zhotovení,manufacturing method,teater,2018,https://teater.aiscr.cz/id/2018
technologický proces,chaine operatoire,teater,187,https://teater.aiscr.cz/id/187
teismus,theism,teater,691,https://teater.aiscr.cz/id/691
tektonika,tectonics,teater,943,https://teater.aiscr.cz/id/943
telegrafie,telegraphy,teater,1678,https://teater.aiscr.cz/id/1678
telestérion,telesterion,teater,1318,https://teater.aiscr.cz/id/1318
tell,tell,teater,1457,https://teater.aiscr.cz/id/1457
tematický výzkum,thematic research,teater,4324,https://teater.aiscr.cz/id/4324
temenos,temenos,teater,1319,https://teater.aiscr.cz/id/1319
templáři,Templars,teater,3162,https://teater.aiscr.cz/id/3162
teokracie,theocracy,teater,3684,https://teater.aiscr.cz/id/3684
teologie,theology,teater,835,https://teater.aiscr.cz/id/835
teorie - terminologie (archeologie),theory - terminology (archaeology),teater,51,https://teater.aiscr.cz/id/51
teorie strukturace,Structuration theory,teater,4169,https://teater.aiscr.cz/id/4169
teorie systémů,system theory,teater,286,https://teater.aiscr.cz/id/286
"teorie, metody a myšlení (geografie)","theory, methods and thinking (geography)",teater,4155,https://teater.aiscr.cz/id/4155
teplomilná doubrava,Quercetea pubescentis,teater,4122,https://teater.aiscr.cz/id/4122
terakota,terracotta,teater,2473,https://teater.aiscr.cz/id/2473
terina,terrine,teater,2078,https://teater.aiscr.cz/id/2078
terminologie,terminology,teater,85,https://teater.aiscr.cz/id/85
terminus,terminus,teater,1677,https://teater.aiscr.cz/id/1677
termografie,thermography,teater,127,https://teater.aiscr.cz/id/127
termoluminiscenční datování,thermoluminiscence dating,teater,188,https://teater.aiscr.cz/id/188
termometrie,thermometry,teater,137,https://teater.aiscr.cz/id/137
terra sigillata,terra sigillata,teater,2474,https://teater.aiscr.cz/id/2474
terénní archeologická dokumentace,field archaeological documentation,teater,201,https://teater.aiscr.cz/id/201
terénní hrana,terrain edge,amcr,HES-000570,https://api.aiscr.cz/id/HES-000570
terénní odkryv,field excavation,amcr,HES-001066,https://api.aiscr.cz/id/HES-001066
terénní pracoviště,fieldwork unit,amcr,HES-001129,https://api.aiscr.cz/id/HES-001129
terénní zásah,field intervention,amcr,HES-001065,https://api.aiscr.cz/id/HES-001065
teslice,adze,teater,2144,https://teater.aiscr.cz/id/2144
tessera,tessera,teater,2301,https://teater.aiscr.cz/id/2301
tesák,dussack,amcr,HES-000793,https://api.aiscr.cz/id/HES-000793
tetradrachmon,tetradrachmon,teater,2296,https://teater.aiscr.cz/id/2296
teutoburský les (německo),Teutoburg Forest,teater,4108,https://teater.aiscr.cz/id/4108
teutoni,Teutons,teater,3922,https://teater.aiscr.cz/id/3922
textil,textile,amcr,HES-000952,https://api.aiscr.cz/id/HES-000952
thajsko,Thailand,amcr,HES-001341,https://api.aiscr.cz/id/HES-001341
thassos (řecko : ostrov),Thasos,teater,4109,https://teater.aiscr.cz/id/4109
theokoleion,theocoleon,teater,1564,https://teater.aiscr.cz/id/1564
thermy,thermae,teater,1270,https://teater.aiscr.cz/id/1270
thesprótia,Thesprotia,teater,4111,https://teater.aiscr.cz/id/4111
thessalové,Thessali,teater,3973,https://teater.aiscr.cz/id/3973
thesálie (řecko),Thessalia,teater,4110,https://teater.aiscr.cz/id/4110
tholos,tholos,teater,1320,https://teater.aiscr.cz/id/1320
thrácká mytologie,Thracian mythology,teater,2839,https://teater.aiscr.cz/id/2839
thrácké moře,Thracian Sea,teater,3061,https://teater.aiscr.cz/id/3061
thrácké nápisy,Thracian inscriptions,teater,2840,https://teater.aiscr.cz/id/2840
thrácké umění,Thracian art,teater,2841,https://teater.aiscr.cz/id/2841
thrákie,Thrace,teater,3062,https://teater.aiscr.cz/id/3062
thrákové,Thracians,teater,2838,https://teater.aiscr.cz/id/2838
thráčtina,Thracian,teater,2842,https://teater.aiscr.cz/id/2842
thyrsos,thyrsos,teater,2372,https://teater.aiscr.cz/id/2372
thésauros,thesauros,teater,1737,https://teater.aiscr.cz/id/1737
thíra (řecko),Thera,teater,4112,https://teater.aiscr.cz/id/4112
thúlé,Thule,teater,4113,https://teater.aiscr.cz/id/4113
tisk,print,amcr,HES-000233,https://api.aiscr.cz/id/HES-000233
tiskař,printer,teater,3384,https://teater.aiscr.cz/id/3384
tiskařka,woman printer,teater,3385,https://teater.aiscr.cz/id/3385
tiskařství,printing,teater,3382,https://teater.aiscr.cz/id/3382
tisková fólie,printing foil,amcr,HES-000234,https://api.aiscr.cz/id/HES-000234
tisková kvalita,print quality,amcr,HES-000237,https://api.aiscr.cz/id/HES-000237
tišnovien,tišnovien,teater,1094,https://teater.aiscr.cz/id/1094
tkadlec,weaver,teater,3387,https://teater.aiscr.cz/id/3387
tkadlena,woman weaver,teater,3388,https://teater.aiscr.cz/id/3388
tkalcovské závaží,loomweight,teater,2154,https://teater.aiscr.cz/id/2154
tkalcovský stav,loom,teater,2145,https://teater.aiscr.cz/id/2145
tkalcovství,weaving,teater,3386,https://teater.aiscr.cz/id/3386
toaletní potřeba,toiletry,teater,2146,https://teater.aiscr.cz/id/2146
togo,Togo,amcr,HES-001342,https://api.aiscr.cz/id/HES-001342
tokelau,Tokelau,amcr,HES-001406,https://api.aiscr.cz/id/HES-001406
tolar,taler,teater,2297,https://teater.aiscr.cz/id/2297
tonga,Tonga,amcr,HES-001407,https://api.aiscr.cz/id/HES-001407
topný kanál,heating channel,amcr,HES-000425,https://api.aiscr.cz/id/HES-000425
topografická kartografie,topographical cartography,teater,909,https://teater.aiscr.cz/id/909
topografické mapování,topographical mapping,teater,910,https://teater.aiscr.cz/id/910
topografie,topography,teater,908,https://teater.aiscr.cz/id/908
toponomastika,toponymy,teater,615,https://teater.aiscr.cz/id/615
torus,torus,teater,1809,https://teater.aiscr.cz/id/1809
totalitarismus,totalitarianism,teater,3685,https://teater.aiscr.cz/id/3685
totem,totem,teater,1822,https://teater.aiscr.cz/id/1822
totemismus,totemism,teater,690,https://teater.aiscr.cz/id/690
toulec,quiver,teater,2011,https://teater.aiscr.cz/id/2011
transmisní elektronová mikroskopie,transmission electron microscopy,teater,150,https://teater.aiscr.cz/id/150
trapistická spiritualita,Trappist spirituality,teater,817,https://teater.aiscr.cz/id/817
trapistický klášter,Trappist monastery,teater,1382,https://teater.aiscr.cz/id/1382
trapistky,Trappist nuns,teater,3179,https://teater.aiscr.cz/id/3179
trapisté,Trappists,teater,3163,https://teater.aiscr.cz/id/3163
trasologie,traceology,teater,40,https://teater.aiscr.cz/id/40
trativod,drainage,amcr,HES-000517,https://api.aiscr.cz/id/HES-000517
treverové,Treveri,teater,3923,https://teater.aiscr.cz/id/3923
tribut,tribute,teater,3607,https://teater.aiscr.cz/id/3607
tribón,tribon,teater,2332,https://teater.aiscr.cz/id/2332
triclinium,triclinium,teater,1510,https://teater.aiscr.cz/id/1510
trigae,triga,teater,1916,https://teater.aiscr.cz/id/1916
triglyf,triglyph,teater,1810,https://teater.aiscr.cz/id/1810
trinidad a tobago,Trinidad and Tobago,amcr,HES-001408,https://api.aiscr.cz/id/HES-001408
triptychon,triptych,teater,2248,https://teater.aiscr.cz/id/2248
triéra,trireme,teater,1909,https://teater.aiscr.cz/id/1909
trojice,Trinity,teater,745,https://teater.aiscr.cz/id/745
trojnožka,tripod,teater,2147,https://teater.aiscr.cz/id/2147
trojpolní systém hospodaření,open field system,teater,3219,https://teater.aiscr.cz/id/3219
trojrozměrné modelování,three-dimensional modelling,teater,202,https://teater.aiscr.cz/id/202
tropaeum,tropaion,teater,1568,https://teater.aiscr.cz/id/1568
trsátko,plectrum,teater,1846,https://teater.aiscr.cz/id/1846
trypilská kultura,Trypilian culture,teater,1108,https://teater.aiscr.cz/id/1108
trzciniecko-komarivský komplex,Trzciniec-Komariv culture,teater,1174,https://teater.aiscr.cz/id/1174
trám,beam,amcr,HES-000816,https://api.aiscr.cz/id/HES-000816
tróas,Troad,teater,4114,https://teater.aiscr.cz/id/4114
trójané,Trojans,teater,3974,https://teater.aiscr.cz/id/3974
tržní osada,market village,teater,1453,https://teater.aiscr.cz/id/1453
tuba,tuba,teater,1847,https://teater.aiscr.cz/id/1847
tuhování,graphite painting,teater,3279,https://teater.aiscr.cz/id/3279
tunika,tunic,teater,2333,https://teater.aiscr.cz/id/2333
tunisko,Tunisia,amcr,HES-001409,https://api.aiscr.cz/id/HES-001409
turecko,Turkey,amcr,HES-001410,https://api.aiscr.cz/id/HES-001410
turkické národy,Turkic peoples,teater,2843,https://teater.aiscr.cz/id/2843
turkmenistán,Turkmenistan,amcr,HES-001411,https://api.aiscr.cz/id/HES-001411
turks a caicos,Turks and Caicos Islands (the),amcr,HES-001412,https://api.aiscr.cz/id/HES-001412
turnovský typ,Turnov type,amcr,HES-000308,https://api.aiscr.cz/id/HES-000308
tuvalu,Tuvalu,amcr,HES-001413,https://api.aiscr.cz/id/HES-001413
tvar nádoby,shape of the vessel,teater,2079,https://teater.aiscr.cz/id/2079
tvarování keramiky,ceramics forming,teater,3280,https://teater.aiscr.cz/id/3280
tvrz,fortified house,teater,1437,https://teater.aiscr.cz/id/1437
tvrz/hrádek,fortified manor,amcr,HES-000017,https://api.aiscr.cz/id/HES-000017
tyglík,crucible,amcr,HES-000772,https://api.aiscr.cz/id/HES-000772
tympanon (architektura),tympanum (architecture),teater,1811,https://teater.aiscr.cz/id/1811
tympanon (hudební nástroj),tympanum (musical instrument),teater,1848,https://teater.aiscr.cz/id/1848
typologie,typology,teater,287,https://teater.aiscr.cz/id/287
typologie zemědělských půd,typology of agricultural land,teater,989,https://teater.aiscr.cz/id/989
typy dle charakteru výzkumu,types according to the character of the research,teater,4332,https://teater.aiscr.cz/id/4332
typy dle povahy výzkumu,types according to the nature of the research,teater,4325,https://teater.aiscr.cz/id/4325
typy dle průběhu výzkumu,types according to the research process,teater,4328,https://teater.aiscr.cz/id/4328
typy etnografického výzkumu,types of ethnographic research,teater,4320,https://teater.aiscr.cz/id/4320
tyrolsko,Tyrol,teater,3063,https://teater.aiscr.cz/id/3063
tyrrhénské moře,Tyrrhenian Sea,teater,4115,https://teater.aiscr.cz/id/4115
tyčinka,rod,teater,1963,https://teater.aiscr.cz/id/1963
tyčinka/váleček,rod/log,amcr,HES-000765,https://api.aiscr.cz/id/HES-000765
tábořiště,camp site,teater,1452,https://teater.aiscr.cz/id/1452
tádžikistán,Tajikistan,amcr,HES-001390,https://api.aiscr.cz/id/HES-001390
táygetos,Taygetus,teater,4107,https://teater.aiscr.cz/id/4107
týden,week,teater,652,https://teater.aiscr.cz/id/652
těhotenství,pregnancy,teater,390,https://teater.aiscr.cz/id/390
těšínské slezsko,Cieszyn Silesia,teater,3050,https://teater.aiscr.cz/id/3050
těžba,mining activity,amcr,HES-000004,https://api.aiscr.cz/id/HES-000004
těžba břidlice,slate mining,teater,3450,https://teater.aiscr.cz/id/3450
těžba chromu,chrome mining,teater,3457,https://teater.aiscr.cz/id/3457
těžba cínu,tin ore mining,teater,3451,https://teater.aiscr.cz/id/3451
těžba diamantů,diamond mining,teater,3453,https://teater.aiscr.cz/id/3453
těžba dřeva,logging,teater,3513,https://teater.aiscr.cz/id/3513
těžba fosfátů,phosphate mining,teater,3454,https://teater.aiscr.cz/id/3454
těžba grafitu,graphite mining,teater,3455,https://teater.aiscr.cz/id/3455
těžba hlíny,clay mining,teater,3456,https://teater.aiscr.cz/id/3456
těžba hnědého uhlí,lignite mining,teater,3479,https://teater.aiscr.cz/id/3479
těžba jílu,clay minerals,teater,3458,https://teater.aiscr.cz/id/3458
těžba kamene,stone mining,teater,3459,https://teater.aiscr.cz/id/3459
těžba kaolinu,kaolin mining,teater,3460,https://teater.aiscr.cz/id/3460
těžba křídy,chalk mining,teater,3461,https://teater.aiscr.cz/id/3461
těžba manganu,manganese mining,teater,3462,https://teater.aiscr.cz/id/3462
těžba mramoru,marble mining,teater,3464,https://teater.aiscr.cz/id/3464
těžba mědi,copper mining,teater,3463,https://teater.aiscr.cz/id/3463
těžba nerostných surovin,mineral mining,teater,3465,https://teater.aiscr.cz/id/3465
těžba niklu,nickel mining,teater,3466,https://teater.aiscr.cz/id/3466
těžba olova,lead mining,teater,3467,https://teater.aiscr.cz/id/3467
těžba opálů,opal mining,teater,3468,https://teater.aiscr.cz/id/3468
těžba platiny,platinum mining,teater,3471,https://teater.aiscr.cz/id/3471
těžba pískovce,sandstone mining,teater,3469,https://teater.aiscr.cz/id/3469
těžba písku,sand extraction,teater,3470,https://teater.aiscr.cz/id/3470
těžba rašeliny,peat digging,teater,3472,https://teater.aiscr.cz/id/3472
těžba rohovce,chert mining,teater,3473,https://teater.aiscr.cz/id/3473
těžba rud,ore mining,teater,3474,https://teater.aiscr.cz/id/3474
těžba soli,salt mining,teater,3475,https://teater.aiscr.cz/id/3475
těžba stříbra,silver mining,teater,3476,https://teater.aiscr.cz/id/3476
těžba uhlí,coal mining,teater,3477,https://teater.aiscr.cz/id/3477
těžba vápence,limestone mining,teater,3480,https://teater.aiscr.cz/id/3480
těžba zlata,gold mining,teater,3481,https://teater.aiscr.cz/id/3481
těžba černého uhlí,bituminous coal mining,teater,3478,https://teater.aiscr.cz/id/3478
těžba českého granátu,garnet mining,teater,3452,https://teater.aiscr.cz/id/3452
těžba železných rud,iron ore mining,teater,3482,https://teater.aiscr.cz/id/3482
těžební areál,mining area,teater,1459,https://teater.aiscr.cz/id/1459
těžební jáma,mining pit,amcr,HES-000566,https://api.aiscr.cz/id/HES-000566
těžební místo,mining site,teater,1747,https://teater.aiscr.cz/id/1747
těžební objekt,mining feature,amcr,HES-000558,https://api.aiscr.cz/id/HES-000558
těžební odpad,mining waste,teater,1937,https://teater.aiscr.cz/id/1937
těžený/zpracovávaný materiál,extracted/processed material,amcr,HES-000964,https://api.aiscr.cz/id/HES-000964
třetihory,tertiary,teater,1056,https://teater.aiscr.cz/id/1056
třetí makedonská válka (171-168 př. kr.),Third Macedonian War,teater,2688,https://teater.aiscr.cz/id/2688
třmen,stirrup,amcr,HES-000671,https://api.aiscr.cz/id/HES-000671
ubiové,Ubii,teater,3924,https://teater.aiscr.cz/id/3924
ubrousek,napkin,teater,2148,https://teater.aiscr.cz/id/2148
ubytování vojska,military accomodation,teater,3523,https://teater.aiscr.cz/id/3523
udidlo,bridle bit,amcr,HES-000672,https://api.aiscr.cz/id/HES-000672
uganda,Uganda,amcr,HES-001414,https://api.aiscr.cz/id/HES-001414
ugrofinové,Finno-Ugrians,teater,2845,https://teater.aiscr.cz/id/2845
ugrofinská literatura,Finno-Ugric literature,teater,2877,https://teater.aiscr.cz/id/2877
ugrofinské jazyky,Finno-Ugric languages,teater,2862,https://teater.aiscr.cz/id/2862
uhersko (1867-1918),Transleithania,teater,3064,https://teater.aiscr.cz/id/3064
uhličitan draselný,potash,teater,2547,https://teater.aiscr.cz/id/2547
uhlí,coal,amcr,HES-000953,https://api.aiscr.cz/id/HES-000953
uhlí dřevěné,charcoal,amcr,HES-000954,https://api.aiscr.cz/id/HES-000954
uhlík,charcoal,teater,1950,https://teater.aiscr.cz/id/1950
uhlíkatá hornina,carbon rock,teater,994,https://teater.aiscr.cz/id/994
uhlíky/popel,charcoal/ash,amcr,HES-000781,https://api.aiscr.cz/id/HES-000781
uhlíř,charcoal burner,teater,3405,https://teater.aiscr.cz/id/3405
ukrajina,Ukraine,amcr,HES-001415,https://api.aiscr.cz/id/HES-001415
ulice,street,teater,1572,https://teater.aiscr.cz/id/1572
umbrie (itálie : kraj),Umbria,teater,4116,https://teater.aiscr.cz/id/4116
umbrové,Umbri,teater,3975,https://teater.aiscr.cz/id/3975
umělec,artist,teater,492,https://teater.aiscr.cz/id/492
uměleckoprůmyslové muzeum,museums of decorative arts,teater,249,https://teater.aiscr.cz/id/249
umělecká keramika,art pottery,teater,2469,https://teater.aiscr.cz/id/2469
umělecká kritika,art criticism,teater,484,https://teater.aiscr.cz/id/484
umělecká litina,decorative cast iron,teater,3333,https://teater.aiscr.cz/id/3333
umělecká památka,artistic monument,teater,266,https://teater.aiscr.cz/id/266
umělecká sbírka,art collection,teater,237,https://teater.aiscr.cz/id/237
umělecká škola,art school,teater,3779,https://teater.aiscr.cz/id/3779
umělecké dílo,art work,teater,469,https://teater.aiscr.cz/id/469
umělecké kovářství,artistic blacksmithing,teater,3399,https://teater.aiscr.cz/id/3399
umělecké zámečnictví,artistic locksmithery,teater,3408,https://teater.aiscr.cz/id/3408
umělecké řemeslo,arts and crafts,teater,3389,https://teater.aiscr.cz/id/3389
umělecký kovář,artistic blacksmith,teater,3400,https://teater.aiscr.cz/id/3400
umělecký padělek,art forgeries,teater,477,https://teater.aiscr.cz/id/477
umělecký sloh,art styles,teater,502,https://teater.aiscr.cz/id/502
umělecký směr,art style,teater,3778,https://teater.aiscr.cz/id/3778
umělecký styl,artistic style,teater,478,https://teater.aiscr.cz/id/478
umělecký zámečník,artistic locksmith,teater,3409,https://teater.aiscr.cz/id/3409
umělkyně,artist (female),teater,497,https://teater.aiscr.cz/id/497
umění,art,teater,458,https://teater.aiscr.cz/id/458
umění 19. století,art of the 19th century,teater,3740,https://teater.aiscr.cz/id/3740
umění 20. století,20th–century art,teater,3747,https://teater.aiscr.cz/id/3747
univerzita,university,amcr,HES-001132,https://api.aiscr.cz/id/HES-001132
uraloaltajské jazyky,Ural-Altaic languages,teater,2887,https://teater.aiscr.cz/id/2887
uralské jazyky,Uralic languages,teater,2888,https://teater.aiscr.cz/id/2888
uralské národy,Uralic peoples,teater,2844,https://teater.aiscr.cz/id/2844
urbanismus,urbanism,teater,4153,https://teater.aiscr.cz/id/4153
urbanizační proces,urbanization,teater,4149,https://teater.aiscr.cz/id/4149
urbář,urbarium,teater,2270,https://teater.aiscr.cz/id/2270
uruguay,Uruguay,amcr,HES-001416,https://api.aiscr.cz/id/HES-001416
určení pohlaví podle kostry,sex estimation,teater,3880,https://teater.aiscr.cz/id/3880
určení populační afinity,ancestry estimation,teater,3881,https://teater.aiscr.cz/id/3881
usedlost,farmstead,teater,1454,https://teater.aiscr.cz/id/1454
useň,hides and skins,teater,2495,https://teater.aiscr.cz/id/2495
utrakvistická liturgie,Utraquist liturgy,teater,766,https://teater.aiscr.cz/id/766
uzbekistán,Uzbekistan,amcr,HES-001417,https://api.aiscr.cz/id/HES-001417
uzda,bridle,teater,1904,https://teater.aiscr.cz/id/1904
užitková keramika,utiliarian ceramics,teater,2470,https://teater.aiscr.cz/id/2470
užité umění,applied art,teater,480,https://teater.aiscr.cz/id/480
val,rampart,amcr,HES-000534,https://api.aiscr.cz/id/HES-000534
valašsko,Wallachia,teater,3065,https://teater.aiscr.cz/id/3065
valdenští,Waldenses,teater,726,https://teater.aiscr.cz/id/726
valoun,pebble,amcr,HES-000833,https://api.aiscr.cz/id/HES-000833
valounová industrie,cobble industry,teater,2108,https://teater.aiscr.cz/id/2108
vandalové,Vandals,teater,2615,https://teater.aiscr.cz/id/2615
vanniovo království,Kingdom of Vannius,teater,4117,https://teater.aiscr.cz/id/4117
vanuatu,Vanuatu,amcr,HES-001419,https://api.aiscr.cz/id/HES-001419
varhany,organ,teater,1849,https://teater.aiscr.cz/id/1849
varjagové,Varegians,teater,2896,https://teater.aiscr.cz/id/2896
vatikán,Holy See (the),amcr,HES-001420,https://api.aiscr.cz/id/HES-001420
vavřín,laurel,teater,2428,https://teater.aiscr.cz/id/2428
vegetační index,vegetation index,teater,4134,https://teater.aiscr.cz/id/4134
vejce,egg,amcr,HES-000956,https://api.aiscr.cz/id/HES-000956
velatická kultura,Velatice Culture,amcr,HES-000338,https://api.aiscr.cz/id/HES-000338
velikonoce,Easter,teater,4262,https://teater.aiscr.cz/id/4262
velkomoravská říše,Great Moravia,teater,3066,https://teater.aiscr.cz/id/3066
velkopolsko,Greater Poland,teater,3067,https://teater.aiscr.cz/id/3067
velkostatek,estate,teater,1282,https://teater.aiscr.cz/id/1282
velká británie,United Kingdom of Great Britain and Northern Ireland (the),amcr,HES-001421,https://api.aiscr.cz/id/HES-001421
velká dobrá,Velká Dobrá,amcr,HES-000209,https://api.aiscr.cz/id/HES-000209
velké hospodářské zvíře,big livestock,teater,307,https://teater.aiscr.cz/id/307
velké řecko,Magna Graecia,teater,4118,https://teater.aiscr.cz/id/4118
velština,Welsh,teater,2674,https://teater.aiscr.cz/id/2674
venedové,Venethi,teater,3976,https://teater.aiscr.cz/id/3976
venetie,Venetia,teater,4119,https://teater.aiscr.cz/id/4119
venezuela,Venezuela (Bolivarian Republic of),amcr,HES-001422,https://api.aiscr.cz/id/HES-001422
vepsové,Vepsians,teater,2861,https://teater.aiscr.cz/id/2861
vepština,Veps,teater,2875,https://teater.aiscr.cz/id/2875
veraikon,Veronica image,teater,1873,https://teater.aiscr.cz/id/1873
vertikální stratigrafie,vertical stratigraphy,teater,194,https://teater.aiscr.cz/id/194
vertikální řez,linear trench,amcr,HES-001056,https://api.aiscr.cz/id/HES-001056
vesnice,village,teater,1455,https://teater.aiscr.cz/id/1455
vesnice/městečko,village/town,amcr,HES-000068,https://api.aiscr.cz/id/HES-000068
vestálka,vestal virgin,teater,3113,https://teater.aiscr.cz/id/3113
vetus latina,Vetus Latina,teater,2220,https://teater.aiscr.cz/id/2220
veřejná knihovna,public library,teater,1525,https://teater.aiscr.cz/id/1525
veřejné prostranství,public area,teater,1468,https://teater.aiscr.cz/id/1468
viadukt,viaduct,teater,1420,https://teater.aiscr.cz/id/1420
videozáznam,video recording,teater,203,https://teater.aiscr.cz/id/203
vietnam,Viet Nam,amcr,HES-001423,https://api.aiscr.cz/id/HES-001423
vikariát,vicariate,teater,789,https://teater.aiscr.cz/id/789
vikingové,Vikings,teater,2889,https://teater.aiscr.cz/id/2889
vikingské pověsti,Viking legends,teater,2897,https://teater.aiscr.cz/id/2897
vikingské umění,Viking art,teater,2898,https://teater.aiscr.cz/id/2898
vila,villa,teater,1438,https://teater.aiscr.cz/id/1438
villanovská kultura,Villanovan culture,teater,1213,https://teater.aiscr.cz/id/1213
vinař,vintner,teater,3402,https://teater.aiscr.cz/id/3402
vinařická skupina,Vinařice group,teater,1234,https://teater.aiscr.cz/id/1234
vinařství,wine making,teater,3401,https://teater.aiscr.cz/id/3401
vindelicia,Vindelicia,teater,4120,https://teater.aiscr.cz/id/4120
vindelikové,Vindelici,teater,3977,https://teater.aiscr.cz/id/3977
vinobraní,wine festival,teater,4271,https://teater.aiscr.cz/id/4271
vinčanská kultura,Vinca culture,teater,1109,https://teater.aiscr.cz/id/1109
virtuální antropologie,virtual anthropology,teater,3903,https://teater.aiscr.cz/id/3903
vitorazsko,Weitra,teater,3068,https://teater.aiscr.cz/id/3068
vitráž,stained glass,teater,1738,https://teater.aiscr.cz/id/1738
vizigóti,Visigoths,teater,2606,https://teater.aiscr.cz/id/2606
vizigótské nápisy,Visigodas inscriptions,teater,2628,https://teater.aiscr.cz/id/2628
vizitantky,Visitation nuns,teater,3180,https://teater.aiscr.cz/id/3180
vizuální/geodetický průzkum,visual/geodetic survey,amcr,HES-001044,https://api.aiscr.cz/id/HES-001044
vlast,homeland,teater,4202,https://teater.aiscr.cz/id/4202
vlastenectví,patriotism,teater,4203,https://teater.aiscr.cz/id/4203
vlastivěda,national history and geography,teater,1041,https://teater.aiscr.cz/id/1041
vlastivědná mapa,national history map,teater,1042,https://teater.aiscr.cz/id/1042
vlastivědná společnost,national history and geography society,teater,1043,https://teater.aiscr.cz/id/1043
vlastivědná stezka,regional education trail,teater,1044,https://teater.aiscr.cz/id/1044
vlastivědné muzeum,national history and geography museum,teater,1045,https://teater.aiscr.cz/id/1045
vlastivědný spolek,national history and geography association,teater,1046,https://teater.aiscr.cz/id/1046
vlastnictví (města),ownership (town),teater,1398,https://teater.aiscr.cz/id/1398
vlastní jméno,proper name,teater,614,https://teater.aiscr.cz/id/614
vlašim,Vlašim,amcr,HES-000210,https://api.aiscr.cz/id/HES-000210
vlna,wool,teater,2549,https://teater.aiscr.cz/id/2549
vltavín,moldavite,teater,2551,https://teater.aiscr.cz/id/2551
vlys,frieze,teater,1812,https://teater.aiscr.cz/id/1812
vládní forma,system of government,teater,3666,https://teater.aiscr.cz/id/3666
vlásenkářství,wig making,teater,3403,https://teater.aiscr.cz/id/3403
vnitřní migrace,internal migration,teater,419,https://teater.aiscr.cz/id/419
vodní doprava,water transport,teater,3193,https://teater.aiscr.cz/id/3193
vodní dílo,hydraulic structure,amcr,HES-000082,https://api.aiscr.cz/id/HES-000082
vodní hrad,wasserburg,teater,1434,https://teater.aiscr.cz/id/1434
vodní komunikace,navigable waterway,teater,1472,https://teater.aiscr.cz/id/1472
vodní mlýn,watermill,teater,1533,https://teater.aiscr.cz/id/1533
vodní měkkýš,aquatic mollusc,teater,2505,https://teater.aiscr.cz/id/2505
vodní nádrž,reservoir,teater,1016,https://teater.aiscr.cz/id/1016
vodní plocha/tok,water body/stream,amcr,HES-000249,https://api.aiscr.cz/id/HES-000249
vodní pramen,spring,teater,1685,https://teater.aiscr.cz/id/1685
vodní stavba,hydraulic structure,teater,1475,https://teater.aiscr.cz/id/1475
vodní tok,water stream,teater,1017,https://teater.aiscr.cz/id/1017
vodopád,waterfall,teater,1023,https://teater.aiscr.cz/id/1023
vodoteč,riverine water bodies,amcr,HES-000474,https://api.aiscr.cz/id/HES-000474
vodovod,water supply pipe,amcr,HES-000518,https://api.aiscr.cz/id/HES-000518
vojenská diktatura,military dictatorship,teater,3686,https://teater.aiscr.cz/id/3686
vojenská loď,warship,teater,1908,https://teater.aiscr.cz/id/1908
vojenská porážka,military defeat,teater,3543,https://teater.aiscr.cz/id/3543
vojenská strategie,military strategy,teater,3546,https://teater.aiscr.cz/id/3546
vojenská taktika,military tactic,teater,3547,https://teater.aiscr.cz/id/3547
vojenská technika,military engineering,teater,1975,https://teater.aiscr.cz/id/1975
vojenská topografie,military topography,teater,911,https://teater.aiscr.cz/id/911
vojenské dějiny,military history,teater,596,https://teater.aiscr.cz/id/596
vojenské řády a vyznamenání,military decoration,teater,2373,https://teater.aiscr.cz/id/2373
vojenský teoretik,military theorist,teater,3548,https://teater.aiscr.cz/id/3548
vojenský tábor,military camp,amcr,HES-000046,https://api.aiscr.cz/id/HES-000046
vojenský velitel,military officer,teater,3529,https://teater.aiscr.cz/id/3529
vojenství,military science,teater,3545,https://teater.aiscr.cz/id/3545
vojevůdce,commander,teater,3530,https://teater.aiscr.cz/id/3530
voják,soldier,teater,3524,https://teater.aiscr.cz/id/3524
volovské knížectví,Duchy of Wołów,teater,3051,https://teater.aiscr.cz/id/3051
volskové,Volsci,teater,3978,https://teater.aiscr.cz/id/3978
voluta (ionský sloup),volute,teater,1813,https://teater.aiscr.cz/id/1813
voršilky,Ursulines,teater,3181,https://teater.aiscr.cz/id/3181
vosk,wax,amcr,HES-000957,https://api.aiscr.cz/id/HES-000957
vosková tabulka,wax tablet,teater,2249,https://teater.aiscr.cz/id/2249
votština,Votic,teater,2876,https://teater.aiscr.cz/id/2876
vozatajstvo,Tross,teater,3709,https://teater.aiscr.cz/id/3709
vrchlabí,Vrchlabí,amcr,HES-000211,https://api.aiscr.cz/id/HES-000211
vrcholný - pozdní středověk,High - late middle ages,teater,1247,https://teater.aiscr.cz/id/1247
vrcholný středověk,High Middle Ages,amcr,HES-000328,https://api.aiscr.cz/id/HES-000328
vrcholný středověk (historiografie),High - late middle ages (historiography),teater,1262,https://teater.aiscr.cz/id/1262
vrcholný středověk–novověk,High Middle Ages–Modern Period,amcr,HES-000273,https://api.aiscr.cz/id/HES-000273
vrcholný–pozdní středověk,High–Late Middle Ages,amcr,HES-000413,https://api.aiscr.cz/id/HES-000413
vrhací zbraň,throwing weapon,teater,2012,https://teater.aiscr.cz/id/2012
vrstva (objekt),layer,teater,1748,https://teater.aiscr.cz/id/1748
vrstva/souvrství,layer/layer sequence,amcr,HES-000453,https://api.aiscr.cz/id/HES-000453
vrt,sediment core sample,amcr,HES-001146,https://api.aiscr.cz/id/HES-001146
vrták,borer,teater,2151,https://teater.aiscr.cz/id/2151
vtip,joke,teater,4291,https://teater.aiscr.cz/id/4291
vulgární latina,vulgar Latin,teater,2773,https://teater.aiscr.cz/id/2773
vulkanická erupce,volcanic eruption,teater,4135,https://teater.aiscr.cz/id/4135
vulkanologie,volcanology,teater,944,https://teater.aiscr.cz/id/944
vučedolská kultura,Vučedol culture,teater,1141,https://teater.aiscr.cz/id/1141
vyhlášení války,declaration of war,teater,3544,https://teater.aiscr.cz/id/3544
vyspělé mladohradištní období,Advanced Late Hillfort Period,amcr,HES-000303,https://api.aiscr.cz/id/HES-000303
vyspělé středohradištní období,Advanced Middle Hillfort Period,amcr,HES-000302,https://api.aiscr.cz/id/HES-000302
vytápění,heating,teater,1648,https://teater.aiscr.cz/id/1648
vyvřelá hornina,igneous rock,teater,995,https://teater.aiscr.cz/id/995
vyšší společenská vrstva,upper class,teater,3631,https://teater.aiscr.cz/id/3631
vyšší šlechta,higher nobility,teater,3656,https://teater.aiscr.cz/id/3656
vznik jazyka,origin of language,teater,619,https://teater.aiscr.cz/id/619
vzor (motiv),pattern,teater,1879,https://teater.aiscr.cz/id/1879
vzorek,sample,amcr,HES-000818,https://api.aiscr.cz/id/HES-000818
vzorek antrakologický,anthracological sample,amcr,HES-000763,https://api.aiscr.cz/id/HES-000763
vzorek dendrochronologický,dendrochronological sample,amcr,HES-000758,https://api.aiscr.cz/id/HES-000758
vzorek geologický,geological sample,amcr,HES-000685,https://api.aiscr.cz/id/HES-000685
vzorek malakologický,malacological sample,amcr,HES-000686,https://api.aiscr.cz/id/HES-000686
vzorek paleobotanický,palaeobotanical sample,amcr,HES-000698,https://api.aiscr.cz/id/HES-000698
vzorek palynologický,palynological sample,amcr,HES-000692,https://api.aiscr.cz/id/HES-000692
vzorek pedologický,pedological sample,amcr,HES-000697,https://api.aiscr.cz/id/HES-000697
vzorek pro radiokarbonové datování,radiocarbon dating sample,amcr,HES-000759,https://api.aiscr.cz/id/HES-000759
váha,scale,teater,2149,https://teater.aiscr.cz/id/2149
válečnictví,art of war,teater,3515,https://teater.aiscr.cz/id/3515
válečné tažení,campaign,teater,3542,https://teater.aiscr.cz/id/3542
válečný veterán,war veteran,teater,3528,https://teater.aiscr.cz/id/3528
válka,war,teater,3532,https://teater.aiscr.cz/id/3532
války,wars,teater,3091,https://teater.aiscr.cz/id/3091
vánoce,Christmas,teater,4274,https://teater.aiscr.cz/id/4274
vánoční ostrov,Christmas Island,amcr,HES-001418,https://api.aiscr.cz/id/HES-001418
vápenická jáma,lime pit,amcr,HES-000547,https://api.aiscr.cz/id/HES-000547
vápenická pec,lime kiln,teater,1699,https://teater.aiscr.cz/id/1699
vápno,quicklime,amcr,HES-000955,https://api.aiscr.cz/id/HES-000955
váza,vase,amcr,HES-000841,https://api.aiscr.cz/id/HES-000841
vídeňská škola dějin umění,Vienna School of Art History,teater,3783,https://teater.aiscr.cz/id/3783
víno,wine,teater,2429,https://teater.aiscr.cz/id/2429
vítězný oblouk,triumphal arch,teater,1569,https://teater.aiscr.cz/id/1569
východní křesťanská liturgie,Eastern Christian liturgy,teater,767,https://teater.aiscr.cz/id/767
východní křesťanská spiritualita,Eastern Christian spirituality,teater,818,https://teater.aiscr.cz/id/818
východní křesťanství,Eastern Christianity,teater,729,https://teater.aiscr.cz/id/729
východní náboženství,Oriental religion,teater,824,https://teater.aiscr.cz/id/824
východní slované,Eastern Slavs,teater,2811,https://teater.aiscr.cz/id/2811
východní timor,Timor-Leste,amcr,HES-001424,https://api.aiscr.cz/id/HES-001424
východofranská říše,East Francia,teater,2962,https://teater.aiscr.cz/id/2962
výheň,furnace,teater,1700,https://teater.aiscr.cz/id/1700
výkop,cut,amcr,HES-000489,https://api.aiscr.cz/id/HES-000489
výletní loď,cruise ship,teater,1910,https://teater.aiscr.cz/id/1910
výpal keramiky,ceramics firing,teater,3281,https://teater.aiscr.cz/id/3281
výplň zahloubeného objektu,filling,teater,1758,https://teater.aiscr.cz/id/1758
výplň/zásyp,fill/deposit,amcr,HES-000462,https://api.aiscr.cz/id/HES-000462
výroba,production activity,amcr,HES-000003,https://api.aiscr.cz/id/HES-000003
výroba dřevěného uhlí,production of charcoal,teater,3404,https://teater.aiscr.cz/id/3404
výrobní objekt,production feature,amcr,HES-000542,https://api.aiscr.cz/id/HES-000542
výrobní odpad,manufacturing debris,teater,1939,https://teater.aiscr.cz/id/1939
výroční ohně,Annual bonfires,teater,4276,https://teater.aiscr.cz/id/4276
vývoj jazyka,language evolution,teater,618,https://teater.aiscr.cz/id/618
vývrat,windthrow,amcr,HES-000475,https://api.aiscr.cz/id/HES-000475
výzkum povrchové vrstvy,topsoil sampling,amcr,HES-001064,https://api.aiscr.cz/id/HES-001064
výzkumná instituce,research organisation,amcr,HES-001131,https://api.aiscr.cz/id/HES-001131
význam (umění),significance (art),teater,479,https://teater.aiscr.cz/id/479
výšinné sídliště,hill settlement,amcr,HES-000069,https://api.aiscr.cz/id/HES-000069
věda - obecná hesla,science - general entries,teater,73,https://teater.aiscr.cz/id/73
vědecká informace,scientific information,teater,95,https://teater.aiscr.cz/id/95
vědecká metodologie,scientific methodology,teater,87,https://teater.aiscr.cz/id/87
vědecká publikace,scientific publication,teater,100,https://teater.aiscr.cz/id/100
vědecká teorie,scientific theory,teater,93,https://teater.aiscr.cz/id/93
vědecké instituce a organizace,scientific institutions and organizations,teater,96,https://teater.aiscr.cz/id/96
vědecký omyl,scientific error,teater,97,https://teater.aiscr.cz/id/97
vědecký podvod,scientific falsification,teater,98,https://teater.aiscr.cz/id/98
vědecký program,scientific program,teater,99,https://teater.aiscr.cz/id/99
vědecký časopis,scientific journal,teater,94,https://teater.aiscr.cz/id/94
vědní politika,scientific policy,teater,101,https://teater.aiscr.cz/id/101
vědro,bucket,teater,2083,https://teater.aiscr.cz/id/2083
vědro/situla,bucket/situla,amcr,HES-000819,https://api.aiscr.cz/id/HES-000819
vědy o zemi,Earth sciences,teater,850,https://teater.aiscr.cz/id/850
věk obyvatelstva,age of population,teater,406,https://teater.aiscr.cz/id/406
věnec,wreath,teater,2334,https://teater.aiscr.cz/id/2334
věnné město,dowry town,teater,1401,https://teater.aiscr.cz/id/1401
věterovská kultura,Věteřov culture,teater,1165,https://teater.aiscr.cz/id/1165
věteřovská kultura,Věteřov Culture,amcr,HES-000321,https://api.aiscr.cz/id/HES-000321
větrný mlýn,windmill,teater,1532,https://teater.aiscr.cz/id/1532
věznice,prison,teater,1565,https://teater.aiscr.cz/id/1565
věštba,divination,teater,3851,https://teater.aiscr.cz/id/3851
věštec,oracle,teater,3867,https://teater.aiscr.cz/id/3867
věštírna,oracle,teater,1321,https://teater.aiscr.cz/id/1321
věž,tower,amcr,HES-000509,https://api.aiscr.cz/id/HES-000509
věžice,half tower,amcr,HES-000510,https://api.aiscr.cz/id/HES-000510
vůz,cart,teater,1912,https://teater.aiscr.cz/id/1912
wales,Wales,teater,3069,https://teater.aiscr.cz/id/3069
wallis a futuna,Wallis and Futuna,amcr,HES-001425,https://api.aiscr.cz/id/HES-001425
wessex,Kingdom of Wessex,teater,3070,https://teater.aiscr.cz/id/3070
wittelsbach,House of Wittelsbach,teater,3090,https://teater.aiscr.cz/id/3090
xerokopie barevná,colour xerographic copy,amcr,HES-000235,https://api.aiscr.cz/id/HES-000235
xerokopie černobílá,black-and-white xerographic copy,amcr,HES-000236,https://api.aiscr.cz/id/HES-000236
xoanon,xoanon,teater,1816,https://teater.aiscr.cz/id/1816
zachováno 0–30 %,0–30% preserved,amcr,HES-001175,https://api.aiscr.cz/id/HES-001175
zachováno 30–80 %,30–80% preserved,amcr,HES-001174,https://api.aiscr.cz/id/HES-001174
zachováno 80–100 %,80–100% preserved,amcr,HES-001173,https://api.aiscr.cz/id/HES-001173
zahloubená plocha,depression,amcr,HES-000537,https://api.aiscr.cz/id/HES-000537
zahloubený objekt,sunken feature,amcr,HES-000486,https://api.aiscr.cz/id/HES-000486
zahrada,garden,amcr,HES-000526,https://api.aiscr.cz/id/HES-000526
zahrada/sad,garden,amcr,HES-000040,https://api.aiscr.cz/id/HES-000040
zahradní kultivace,tillage,teater,4123,https://teater.aiscr.cz/id/4123
zahraniční cesta,travel abroad,amcr,HES-001153,https://api.aiscr.cz/id/HES-001153
zahraniční výzkum,fieldwork abroad,amcr,HES-001154,https://api.aiscr.cz/id/HES-001154
zambie,Zambia,amcr,HES-001426,https://api.aiscr.cz/id/HES-001426
zamečník,locksmith,teater,3410,https://teater.aiscr.cz/id/3410
zaniklá lokalita,buried site,amcr,HES-001453,https://api.aiscr.cz/id/HES-001453
zaniklý/historický areál,deserted/historical site,amcr,HES-000134,https://api.aiscr.cz/id/HES-000134
zarathuštra,Zoroaster,teater,3823,https://teater.aiscr.cz/id/3823
zarubiněcká kultura,Zarubintsy culture,teater,1246,https://teater.aiscr.cz/id/1246
zataženo,overcast,amcr,HES-000593,https://api.aiscr.cz/id/HES-000593
zavazadlo,luggage,amcr,HES-000638,https://api.aiscr.cz/id/HES-000638
zbožnost,devotion,teater,792,https://teater.aiscr.cz/id/792
zboží,trade good,teater,2407,https://teater.aiscr.cz/id/2407
zbraň,weapon,teater,1985,https://teater.aiscr.cz/id/1985
zbraň chladná,cold weapon,amcr,HES-000713,https://api.aiscr.cz/id/HES-000713
zbraň palná,firearm,amcr,HES-000649,https://api.aiscr.cz/id/HES-000649
zbroj,armor,teater,2013,https://teater.aiscr.cz/id/2013
zbrojíř,armorer,teater,3412,https://teater.aiscr.cz/id/3412
zbrojířská značka,armourer sign,teater,3413,https://teater.aiscr.cz/id/3413
zbrojířství,bladesmithing,teater,3411,https://teater.aiscr.cz/id/3411
zdobení keramiky,ceramic design,teater,3282,https://teater.aiscr.cz/id/3282
zednické práce,bricklaying,teater,3414,https://teater.aiscr.cz/id/3414
zedník,bricklayer,teater,3415,https://teater.aiscr.cz/id/3415
zemanstvo,squire,teater,3657,https://teater.aiscr.cz/id/3657
zemnice,pithouse,teater,1786,https://teater.aiscr.cz/id/1786
zemská kůra,earth crust,teater,928,https://teater.aiscr.cz/id/928
zemské desky,reliquiae tabularum terrae,teater,2273,https://teater.aiscr.cz/id/2273
zemské jádro,earth core,teater,929,https://teater.aiscr.cz/id/929
zemské právo,municipal law,teater,3619,https://teater.aiscr.cz/id/3619
zemský plášť,earth mantle,teater,930,https://teater.aiscr.cz/id/930
země koruny české,Lands of the Bohemian Crown,teater,3071,https://teater.aiscr.cz/id/3071
zemědelský pravěk,farming prehistory,teater,1074,https://teater.aiscr.cz/id/1074
zemědělec,agriculturist,teater,3221,https://teater.aiscr.cz/id/3221
zemědělská geografie,rural geography,teater,912,https://teater.aiscr.cz/id/912
zemědělská půda,agricultural land,teater,3222,https://teater.aiscr.cz/id/3222
zemědělská usedlost,farmhouse,teater,1458,https://teater.aiscr.cz/id/1458
zemědělská výroba,agricultural production,teater,3224,https://teater.aiscr.cz/id/3224
zemědělské nářadí,agricultural implement,teater,2155,https://teater.aiscr.cz/id/2155
zemědělský objekt,agricultural structure,amcr,HES-000466,https://api.aiscr.cz/id/HES-000466
zemědělský pravěk,farming prehistory,amcr,HES-000304,https://api.aiscr.cz/id/HES-000304
zemědělský půdní fond,agricultural soil fund,teater,4154,https://teater.aiscr.cz/id/4154
zemědělství,farming,teater,3214,https://teater.aiscr.cz/id/3214
zemětřesení,earthquake,teater,4136,https://teater.aiscr.cz/id/4136
zeď,wall,teater,1642,https://teater.aiscr.cz/id/1642
zhuštěný popis,thick description,teater,3904,https://teater.aiscr.cz/id/3904
zimbabwe,Zimbabwe,amcr,HES-001428,https://api.aiscr.cz/id/HES-001428
zinek,zinc,teater,2487,https://teater.aiscr.cz/id/2487
zisk,profit,teater,3566,https://teater.aiscr.cz/id/3566
zjišťovací archeologický výzkum,evaluation excavation,teater,109,https://teater.aiscr.cz/id/109
zlatka,gulden,teater,2298,https://teater.aiscr.cz/id/2298
zlatnictví,goldsmithing,teater,3416,https://teater.aiscr.cz/id/3416
zlatník,goldsmith,teater,3420,https://teater.aiscr.cz/id/3420
zlato,gold,amcr,HES-000958,https://api.aiscr.cz/id/HES-000958
zlatá horda,Golden Horde,teater,3074,https://teater.aiscr.cz/id/3074
zlomek keramiky,potsherd,amcr,HES-000705,https://api.aiscr.cz/id/HES-000705
zlomek kosti,bone fragment,amcr,HES-000639,https://api.aiscr.cz/id/HES-000639
zlomek mazanice,daub fragment,amcr,HES-000706,https://api.aiscr.cz/id/HES-000706
zničený prostor,destroyed site,amcr,HES-000063,https://api.aiscr.cz/id/HES-000063
znojmo,Znojmo,amcr,HES-000194,https://api.aiscr.cz/id/HES-000194
zoogeografie,zoogeography,teater,881,https://teater.aiscr.cz/id/881
zoologická sbírka,zoological collection,teater,238,https://teater.aiscr.cz/id/238
zoomorfní nádoba,zoomorphic vessel,teater,2081,https://teater.aiscr.cz/id/2081
zoomorfní plastika,zoomorphic sculpture,teater,1823,https://teater.aiscr.cz/id/1823
zoroastrizmus,zoroastrianism,teater,3822,https://teater.aiscr.cz/id/3822
zpovědní seznam,Confessional Registry,teater,3730,https://teater.aiscr.cz/id/3730
zprávy a hlášení,reports,amcr,HES-000883,https://api.aiscr.cz/id/HES-000883
způsob provedení,construction type,amcr,HES-000963,https://api.aiscr.cz/id/HES-000963
způsob provedení (objekty),method of implementation (features),teater,2553,https://teater.aiscr.cz/id/2553
zrcadlo,mirror,teater,2165,https://teater.aiscr.cz/id/2165
zrnotěrka,grinding slab,teater,2163,https://teater.aiscr.cz/id/2163
ztraceno/skartováno,lost/discarded,amcr,HES-001176,https://api.aiscr.cz/id/HES-001176
zub,tooth,amcr,HES-000959,https://api.aiscr.cz/id/HES-000959
zub lidský,human tooth,amcr,HES-000960,https://api.aiscr.cz/id/HES-000960
zub zvířecí,animal tooth,amcr,HES-000961,https://api.aiscr.cz/id/HES-000961
zvonek,bell,teater,2166,https://teater.aiscr.cz/id/2166
zvonice,bell tower,amcr,HES-000485,https://api.aiscr.cz/id/HES-000485
zvykové právo,common law,teater,3620,https://teater.aiscr.cz/id/3620
zvířecí oběť,animal offering,teater,833,https://teater.aiscr.cz/id/833
zvířecí symbolika,animal symbolism,teater,1880,https://teater.aiscr.cz/id/1880
záchod,toilet,teater,1511,https://teater.aiscr.cz/id/1511
záchranný,rescue,amcr,HES-001136,https://api.aiscr.cz/id/HES-001136
záchranný výzkum (archeologie),rescue excavation,teater,110,https://teater.aiscr.cz/id/110
záduší,Fabrica ecclesiae,teater,821,https://teater.aiscr.cz/id/821
základní výzkum,basic research,teater,4327,https://teater.aiscr.cz/id/4327
základová konstrukce,foundation,teater,1607,https://teater.aiscr.cz/id/1607
základy,foundations,amcr,HES-000498,https://api.aiscr.cz/id/HES-000498
zákon,law,teater,3618,https://teater.aiscr.cz/id/3618
zákoník,law code,teater,3617,https://teater.aiscr.cz/id/3617
zákop,trench,amcr,HES-000535,https://api.aiscr.cz/id/HES-000535
zámek,lock,amcr,HES-000817,https://api.aiscr.cz/id/HES-000817
zámek/zámeček/vila,chateau/villa,amcr,HES-000018,https://api.aiscr.cz/id/HES-000018
zámečnictví,locksmithery,teater,3406,https://teater.aiscr.cz/id/3406
západní civilizace,western civilization,teater,3697,https://teater.aiscr.cz/id/3697
západní křesťanská liturgie,Western Christian liturgy,teater,768,https://teater.aiscr.cz/id/768
západní křesťanská spiritualita,Western Christian spirituality,teater,819,https://teater.aiscr.cz/id/819
západní křesťanství,Western Christianity,teater,733,https://teater.aiscr.cz/id/733
západní sahara,Western Sahara,amcr,HES-001427,https://api.aiscr.cz/id/HES-001427
západní slované,Western Slavs,teater,2812,https://teater.aiscr.cz/id/2812
západofranská říše,West Francia,teater,2963,https://teater.aiscr.cz/id/2963
zápona,clasp,amcr,HES-000637,https://api.aiscr.cz/id/HES-000637
zásnuby,betrothal,teater,391,https://teater.aiscr.cz/id/391
zásobnice,storage vessel,amcr,HES-000767,https://api.aiscr.cz/id/HES-000767
zásobní jáma,storage pit,teater,1785,https://teater.aiscr.cz/id/1785
záušnice,temple ring,amcr,HES-000838,https://api.aiscr.cz/id/HES-000838
závaží,weight,amcr,HES-000718,https://api.aiscr.cz/id/HES-000718
závaží rybářské,net weight,amcr,HES-000721,https://api.aiscr.cz/id/HES-000721
závaží tkalcovské,loom weight,amcr,HES-000723,https://api.aiscr.cz/id/HES-000723
závěť,will,teater,2272,https://teater.aiscr.cz/id/2272
zúčastněné pozorování,participant observation,teater,3882,https://teater.aiscr.cz/id/3882
zúčastněné pozorování (etnologie),participant observation (etnology),teater,4313,https://teater.aiscr.cz/id/4313
ázerbájdžán,Azerbaijan,amcr,HES-001194,https://api.aiscr.cz/id/HES-001194
élis (řecko),Elis,teater,4011,https://teater.aiscr.cz/id/4011
épeirský despotát,Despotate of Epirus,teater,2950,https://teater.aiscr.cz/id/2950
írán,Iran (Islamic Republic of),amcr,HES-001324,https://api.aiscr.cz/id/HES-001324
ódeion,odeon,teater,1539,https://teater.aiscr.cz/id/1539
údolní niva,floodplain,teater,4133,https://teater.aiscr.cz/id/4133
údolí,valley,teater,962,https://teater.aiscr.cz/id/962
úhor,fallow land,teater,3220,https://teater.aiscr.cz/id/3220
úmrtnost,mortality,teater,411,https://teater.aiscr.cz/id/411
úmrtnostní tabulka,bill of mortality,teater,414,https://teater.aiscr.cz/id/414
únětická kultura,Únětice Culture,amcr,HES-000358,https://api.aiscr.cz/id/HES-000358
ústav památkové péče,heritage organisation,amcr,HES-001130,https://api.aiscr.cz/id/HES-001130
ústně předávaný pramen,Oral Tradition,teater,3728,https://teater.aiscr.cz/id/3728
úvoz,hollow way,amcr,HES-000524,https://api.aiscr.cz/id/HES-000524
územní spor,territorial dispute,teater,3540,https://teater.aiscr.cz/id/3540
územní změna,territorial change,teater,3541,https://teater.aiscr.cz/id/3541
účetní materiál,Bookkeeping,teater,3732,https://teater.aiscr.cz/id/3732
úřednice,woman official,teater,3445,https://teater.aiscr.cz/id/3445
úřední kniha,official book,teater,2271,https://teater.aiscr.cz/id/2271
úřední písemnost,official document,teater,2250,https://teater.aiscr.cz/id/2250
úředník,official,teater,3446,https://teater.aiscr.cz/id/3446
úštěp,flake,teater,2308,https://teater.aiscr.cz/id/2308
čad,Chad,amcr,HES-001405,https://api.aiscr.cz/id/HES-001405
čakanská kultura,Čakan culture,teater,1180,https://teater.aiscr.cz/id/1180
čalounictví,upholstery,teater,3248,https://teater.aiscr.cz/id/3248
čalouník,upholsterer,teater,3249,https://teater.aiscr.cz/id/3249
časná doba laténska (lta),early La Tène period,teater,1216,https://teater.aiscr.cz/id/1216
časná doba laténská (lta),Early La Tène Period (LtA),amcr,HES-001458,https://api.aiscr.cz/id/HES-001458
časný eneolit,Proto-Eneolithic,amcr,HES-001475,https://api.aiscr.cz/id/HES-001475
čelenka,head ornament,teater,2379,https://teater.aiscr.cz/id/2379
čepel,blade,teater,2090,https://teater.aiscr.cz/id/2090
čepel/čepelka,blade/small blade,amcr,HES-000662,https://api.aiscr.cz/id/HES-000662
čepelka,bladelet,teater,2091,https://teater.aiscr.cz/id/2091
černigovské knížectví,Principality of Chernigov,teater,2941,https://teater.aiscr.cz/id/2941
černofigurová keramika,black-figure ware,teater,2466,https://teater.aiscr.cz/id/2466
černá hora,Montenegro,amcr,HES-001248,https://api.aiscr.cz/id/HES-001248
černá rus,Black Ruthenia,teater,2942,https://teater.aiscr.cz/id/2942
černé moře (oblast),Black Sea,teater,4005,https://teater.aiscr.cz/id/4005
čerpák,kyathos,teater,2036,https://teater.aiscr.cz/id/2036
červenofigurová keramika,red-figure ware,teater,2467,https://teater.aiscr.cz/id/2467
čerňjachovská kultura,Chernyakhov culture,teater,1244,https://teater.aiscr.cz/id/1244
česko,Czechia,amcr,HES-001198,https://api.aiscr.cz/id/HES-001198
českofalcká mohylová kultura,Bohemian-Palatinate Tumulus Culture,amcr,HES-000324,https://api.aiscr.cz/id/HES-000324
československá koruna,czechoslovak koruna,teater,2280,https://teater.aiscr.cz/id/2280
české budějovice-hosín,České Budějovice-Hosín,amcr,HES-000187,https://api.aiscr.cz/id/HES-000187
české knížectví,Duchy of Bohemia,teater,2943,https://teater.aiscr.cz/id/2943
české království,Kingdom of Bohemia,teater,3072,https://teater.aiscr.cz/id/3072
český granát,Czech garnet,teater,2438,https://teater.aiscr.cz/id/2438
čeština,Czech,amcr,HES-000167,https://api.aiscr.cz/id/HES-000167
čeští bratři,Bohemian Brethren,teater,702,https://teater.aiscr.cz/id/702
činka,dumbbell,teater,2404,https://teater.aiscr.cz/id/2404
činnost (hornictví),activity (mining),teater,3449,https://teater.aiscr.cz/id/3449
činnosti muzeí,activities of museums,teater,221,https://teater.aiscr.cz/id/221
činění kožešin,tanning (činění kožešin/Pelzzurichtung),teater,3320,https://teater.aiscr.cz/id/3320
činění kůží,tanning (činění kůží/Gerberei),teater,3322,https://teater.aiscr.cz/id/3322
členění (křesťanství),classification (Christianity),teater,694,https://teater.aiscr.cz/id/694
členění (liturgie),classification (liturgy),teater,757,https://teater.aiscr.cz/id/757
členění dle objektu výzkumu (genetika),classification according to research theme,teater,574,https://teater.aiscr.cz/id/574
člověk,human,teater,361,https://teater.aiscr.cz/id/361
člun,boat,amcr,HES-000744,https://api.aiscr.cz/id/HES-000744
článek v novinách,newspaper article,amcr,HES-001120,https://api.aiscr.cz/id/HES-001120
článek v časopise,journal paper,amcr,HES-001119,https://api.aiscr.cz/id/HES-001119
čtvrtohory,Quaternary,teater,1059,https://teater.aiscr.cz/id/1059
část akce,fieldwork segment,amcr,HES-001071,https://api.aiscr.cz/id/HES-001071
část knihy,book chapter,amcr,HES-001118,https://api.aiscr.cz/id/HES-001118
čína,China,amcr,HES-001249,https://api.aiscr.cz/id/HES-001249
ďábel,devil,teater,3837,https://teater.aiscr.cz/id/3837
řecko,Greece,amcr,HES-001304,https://api.aiscr.cz/id/HES-001304
řecko-perské války (500-449 př. kr),Greco-Persian Wars,teater,2759,https://teater.aiscr.cz/id/2759
řeckokatolická liturgie,Greek Catholic liturgy,teater,764,https://teater.aiscr.cz/id/764
řeckokatolický kněz,Greek Catholic priest,teater,3109,https://teater.aiscr.cz/id/3109
řecká antická architektura,ancient Greek architecture,teater,2739,https://teater.aiscr.cz/id/2739
řecká antická bajka,Greek ancient fable,teater,2742,https://teater.aiscr.cz/id/2742
řecká antická civilizace,ancient Greek civilization,teater,2725,https://teater.aiscr.cz/id/2725
řecká antická filozofie,Greek philosophy (ancient),teater,2733,https://teater.aiscr.cz/id/2733
řecká antická literatura,Greek ancient literature,teater,2740,https://teater.aiscr.cz/id/2740
řecká antická poezie,Greek ancient poetry,teater,2743,https://teater.aiscr.cz/id/2743
řecká antická próza,Greek ancient prose literature,teater,2745,https://teater.aiscr.cz/id/2745
řecká mytologie,Greek mythology,teater,2735,https://teater.aiscr.cz/id/2735
řecké antické autorky,Greek ancient women authors,teater,2746,https://teater.aiscr.cz/id/2746
řecké antické drama,Greek ancient drama,teater,2747,https://teater.aiscr.cz/id/2747
řecké antické lékařství,ancient Greek medicine,teater,2736,https://teater.aiscr.cz/id/2736
řecké antické malířství,ancient greeek painting,teater,3755,https://teater.aiscr.cz/id/3755
řecké antické sochařství,ancient Greek sculpture,teater,447,https://teater.aiscr.cz/id/447
řecké antické umění,ancient Greek art,teater,2737,https://teater.aiscr.cz/id/2737
řecké bohyně,Greek goddesses,teater,2756,https://teater.aiscr.cz/id/2756
řecké kmeny,Greek tribes,teater,2720,https://teater.aiscr.cz/id/2720
řecké náboženství,Greek religion,teater,2755,https://teater.aiscr.cz/id/2755
řecké nápisy,Greek inscriptions,teater,2749,https://teater.aiscr.cz/id/2749
řecké písmo,Greek script,teater,3591,https://teater.aiscr.cz/id/3591
řecký antický epos,Greek ancient epos,teater,2750,https://teater.aiscr.cz/id/2750
řecký antický projev,Greek ancient speech,teater,2748,https://teater.aiscr.cz/id/2748
řecký antický román,Greek ancient novel,teater,2751,https://teater.aiscr.cz/id/2751
řecký antický verš,Greek ancient verse,teater,2744,https://teater.aiscr.cz/id/2744
řecký starověký hymnus,Greek hymn,teater,2752,https://teater.aiscr.cz/id/2752
řeholnice,nun (řeholnice/Ordensschwester),teater,3164,https://teater.aiscr.cz/id/3164
řeholní kanovník,regular canon,teater,3131,https://teater.aiscr.cz/id/3131
řeholní spiritualita,regular spirituality,teater,805,https://teater.aiscr.cz/id/805
řeholní řád,monastic order,teater,3132,https://teater.aiscr.cz/id/3132
řeholník,votarist,teater,3165,https://teater.aiscr.cz/id/3165
řeka,river,teater,1019,https://teater.aiscr.cz/id/1019
řekové,Greek,teater,2719,https://teater.aiscr.cz/id/2719
řemenář,girdler,teater,3700,https://teater.aiscr.cz/id/3700
řemenářství,belt production,teater,3699,https://teater.aiscr.cz/id/3699
řemeslnice,craftswoman,teater,3423,https://teater.aiscr.cz/id/3423
řemeslná práce,craftsmanship,teater,3234,https://teater.aiscr.cz/id/3234
řemeslná výroba,handicraft production,teater,3421,https://teater.aiscr.cz/id/3421
řemeslník,craftsman,teater,3422,https://teater.aiscr.cz/id/3422
řemeslo,craft,teater,3238,https://teater.aiscr.cz/id/3238
řetízek,chain necklace,amcr,HES-000756,https://api.aiscr.cz/id/HES-000756
řetěz,chain,amcr,HES-000814,https://api.aiscr.cz/id/HES-000814
řez,linear trench,amcr,HES-001148,https://api.aiscr.cz/id/HES-001148
řezba v kameni,stone carving,teater,1884,https://teater.aiscr.cz/id/1884
řezba v nefritu,jade carving,teater,1885,https://teater.aiscr.cz/id/1885
řezba v rohovině,horn carving,teater,1886,https://teater.aiscr.cz/id/1886
řezba ve slonovině,ivory carving,teater,1887,https://teater.aiscr.cz/id/1887
řezbář,carver,teater,3394,https://teater.aiscr.cz/id/3394
řezbářka,woman carver,teater,3395,https://teater.aiscr.cz/id/3395
řezbářský výrobek,woodcarving product,teater,3396,https://teater.aiscr.cz/id/3396
řezbářství,woodcarving,teater,3392,https://teater.aiscr.cz/id/3392
řečtí antičtí autoři,Greek ancient authors,teater,2753,https://teater.aiscr.cz/id/2753
řečtí bohové,Greek gods,teater,2757,https://teater.aiscr.cz/id/2757
řivnáčská kultura,Řivnáč Culture,amcr,HES-000372,https://api.aiscr.cz/id/HES-000372
řád a vyznamenání,decorations of honor,teater,2371,https://teater.aiscr.cz/id/2371
římané,Romans,teater,2766,https://teater.aiscr.cz/id/2766
římsa,geison,teater,1806,https://teater.aiscr.cz/id/1806
římsko-provinciální výrobek,Roman provincial product,teater,2787,https://teater.aiscr.cz/id/2787
římská antická architektura,ancient Roman architecture,teater,2782,https://teater.aiscr.cz/id/2782
římská antická civilizace,ancient Roman civilization,teater,2767,https://teater.aiscr.cz/id/2767
římská antická filozofie,Roman philosophy,teater,2776,https://teater.aiscr.cz/id/2776
římská archeologie,Roman archaeology,teater,49,https://teater.aiscr.cz/id/49
římská armáda,Roman army,teater,2788,https://teater.aiscr.cz/id/2788
římská legie,Roman legion,teater,2797,https://teater.aiscr.cz/id/2797
římská mytologie,Roman mythology,teater,2777,https://teater.aiscr.cz/id/2777
římská občanská válka 49-45 př. kr.,Caesar's Civil War,teater,2799,https://teater.aiscr.cz/id/2799
římská provincie,Roman province,teater,2802,https://teater.aiscr.cz/id/2802
římská republika,Roman Republic,teater,2800,https://teater.aiscr.cz/id/2800
římské antické malířství,ancient Roman painting,teater,3757,https://teater.aiscr.cz/id/3757
římské antické sochařství,ancient Roman sculpture,teater,448,https://teater.aiscr.cz/id/448
římské antické umění,ancient Roman art,teater,2778,https://teater.aiscr.cz/id/2778
římské bohyně,Roman goddesses,teater,2785,https://teater.aiscr.cz/id/2785
římské císařství,Roman Empire,teater,2801,https://teater.aiscr.cz/id/2801
římské náboženství,Roman religion,teater,2784,https://teater.aiscr.cz/id/2784
římské občanské války (80-33 př. kr.),Roman Civil Wars,teater,2798,https://teater.aiscr.cz/id/2798
římské právo,Roman law,teater,3616,https://teater.aiscr.cz/id/3616
římský císař,Roman emperor,teater,2803,https://teater.aiscr.cz/id/2803
římští bohové,Roman gods,teater,2786,https://teater.aiscr.cz/id/2786
říční archeologie,river archaeology,teater,37,https://teater.aiscr.cz/id/37
říční doprava,river transport,teater,3195,https://teater.aiscr.cz/id/3195
říční koryto,river channel,teater,1020,https://teater.aiscr.cz/id/1020
šachovnice,chessboard,teater,1969,https://teater.aiscr.cz/id/1969
šachová figurka,chessmen,teater,1968,https://teater.aiscr.cz/id/1968
šachta,shaft,amcr,HES-000564,https://api.aiscr.cz/id/HES-000564
šachy,chess,teater,1967,https://teater.aiscr.cz/id/1967
šalomounovy ostrovy,Solomon Islands,amcr,HES-001311,https://api.aiscr.cz/id/HES-001311
šaman,shaman,teater,3788,https://teater.aiscr.cz/id/3788
šamanismus,shamanism,teater,689,https://teater.aiscr.cz/id/689
šamot,fireclay,teater,3271,https://teater.aiscr.cz/id/3271
šavle,sabre,amcr,HES-000791,https://api.aiscr.cz/id/HES-000791
šibenice,gallows,amcr,HES-000511,https://api.aiscr.cz/id/HES-000511
šipka,dart,teater,2009,https://teater.aiscr.cz/id/2009
školní sešit,exercise book,teater,2242,https://teater.aiscr.cz/id/2242
škrabadlo,endscraper,amcr,HES-000660,https://api.aiscr.cz/id/HES-000660
šlechta,nobility,teater,3649,https://teater.aiscr.cz/id/3649
šlechtické sídlo,residence of nobility,teater,1436,https://teater.aiscr.cz/id/1436
šlechtický rod,house of nobility,teater,3655,https://teater.aiscr.cz/id/3655
šlesvicko,Duchy of Schleswig,teater,3058,https://teater.aiscr.cz/id/3058
šovinismus,chauvinism,teater,4201,https://teater.aiscr.cz/id/4201
španělsko,Spain,amcr,HES-001300,https://api.aiscr.cz/id/HES-001300
špendlík,pin,teater,2142,https://teater.aiscr.cz/id/2142
šperk,jewel,teater,2374,https://teater.aiscr.cz/id/2374
šperkař,jeweler,teater,3381,https://teater.aiscr.cz/id/3381
šperkařství,jewelry,teater,3374,https://teater.aiscr.cz/id/3374
špicberky a jan mayen,Svalbard and Jan Mayen,amcr,HES-001253,https://api.aiscr.cz/id/HES-001253
špičák,pick,teater,2143,https://teater.aiscr.cz/id/2143
špýchar,granary (špýchar/Speicher),teater,1563,https://teater.aiscr.cz/id/1563
šrí lanka,Sri Lanka,amcr,HES-001254,https://api.aiscr.cz/id/HES-001254
štaufové,House of Hohenstaufen,teater,3089,https://teater.aiscr.cz/id/3089
štola,adit,amcr,HES-000565,https://api.aiscr.cz/id/HES-000565
štukatér,stuccoist,teater,3398,https://teater.aiscr.cz/id/3398
štukatérství,stuccowork,teater,3397,https://teater.aiscr.cz/id/3397
štípaná industrie,chipped industry,teater,2107,https://teater.aiscr.cz/id/2107
štít,shield,teater,1973,https://teater.aiscr.cz/id/1973
štítarská kultura,Štítary Culture,amcr,HES-000297,https://api.aiscr.cz/id/HES-000297
štítová puklice,shield boss,teater,1974,https://teater.aiscr.cz/id/1974
štýrsko,Styria,teater,3059,https://teater.aiscr.cz/id/3059
šupinová zbroj,scale armour,teater,2022,https://teater.aiscr.cz/id/2022
švadlena,dressmaker,teater,3327,https://teater.aiscr.cz/id/3327
švartna,sapropel,amcr,HES-000951,https://api.aiscr.cz/id/HES-000951
švábsko,Swabia,teater,3060,https://teater.aiscr.cz/id/3060
švédsko,Sweden,amcr,HES-001331,https://api.aiscr.cz/id/HES-001331
švýcarsko,Switzerland,amcr,HES-001365,https://api.aiscr.cz/id/HES-001365
šárecký typ,Šárka Type,amcr,HES-000394,https://api.aiscr.cz/id/HES-000394
šídlo,awl,amcr,HES-000827,https://api.aiscr.cz/id/HES-000827
šíp/šipka/hrot šípu/šipky,arrow/arrowhead,amcr,HES-000792,https://api.aiscr.cz/id/HES-000792
žací nůž,reaping knife,teater,2162,https://teater.aiscr.cz/id/2162
žaltář,psalter,teater,2234,https://teater.aiscr.cz/id/2234
žalář,jailhouse,teater,1566,https://teater.aiscr.cz/id/1566
žebravý řád,mendicant order,teater,3136,https://teater.aiscr.cz/id/3136
železnice,railway,amcr,HES-000050,https://api.aiscr.cz/id/HES-000050
železná ruda,iron ore,teater,2306,https://teater.aiscr.cz/id/2306
železný odpad,scrap iron,teater,1940,https://teater.aiscr.cz/id/1940
železo,iron,amcr,HES-000962,https://api.aiscr.cz/id/HES-000962
železářská pec,iron furnace,teater,1701,https://teater.aiscr.cz/id/1701
železářský areál,iron production site,amcr,HES-000031,https://api.aiscr.cz/id/HES-000031
želiezovská skupina,Želizovce Group,amcr,HES-000340,https://api.aiscr.cz/id/HES-000340
želiezovský typ,Želizovce group,teater,1110,https://teater.aiscr.cz/id/1110
žemaitija,Samogitia,teater,3075,https://teater.aiscr.cz/id/3075
ženská spiritualita,women’s spirituality,teater,820,https://teater.aiscr.cz/id/820
ženský řeholní řád,female monastic order,teater,3166,https://teater.aiscr.cz/id/3166
žernov,quern,teater,2164,https://teater.aiscr.cz/id/2164
žernov/mlýnský kámen,quern,amcr,HES-000725,https://api.aiscr.cz/id/HES-000725
žertovné obyčeje v předvečer 1. května,Humorous customs on the eve of May 1,teater,4266,https://teater.aiscr.cz/id/4266
žeton,token,amcr,HES-000762,https://api.aiscr.cz/id/HES-000762
židovská architektura,Jewish architecture,teater,1350,https://teater.aiscr.cz/id/1350
židovský kněz,Jewish priest,teater,3111,https://teater.aiscr.cz/id/3111
židovstvujuščije,Judaizers,teater,727,https://teater.aiscr.cz/id/727
židé,Jewish people,teater,3979,https://teater.aiscr.cz/id/3979
žito,rye,teater,1934,https://teater.aiscr.cz/id/1934
živočišná výroba,animal husbandry,teater,3226,https://teater.aiscr.cz/id/3226
živočišné makrozbytky,animal remains,teater,1953,https://teater.aiscr.cz/id/1953
žlab,ditch,amcr,HES-000490,https://api.aiscr.cz/id/HES-000490
žoldnéřské vojsko,mercenary troops,teater,3531,https://teater.aiscr.cz/id/3531
žároviště,burned layer,amcr,HES-000463,https://api.aiscr.cz/id/HES-000463
žárové zemědělství,slash and burn agriculture,teater,3225,https://teater.aiscr.cz/id/3225
žárový hrob,burnt grave,teater,1660,https://teater.aiscr.cz/id/1660
